cell	dir	payload	inflight	h2	alloc	rounds	taskclock_ns_per_call_median	min	max	proc_cpu_ns_per_call_median	wall_ns_per_call_median	wall_min	wall_max	calls_per_round	minflt_per_call_median	alloc_bytes_per_call	gen0	gen1	gen2	mem_calls	client_softirq_ticks	taskclock_ns_per_call_by_round
A	a+read	P2.2	1	stock	default	6	7673842	7327460	8332460	7422215	7750693	7479948	8398942	11,11,11,11,11,11	0.09	2355208	1	0	0	11	1	7327460,7998640,8332460,7578256,7546514,7769427
A	a+read	P2.2	8	stock	default	6	7917587	7549360	10152547	7790713	7980225	7570514	10173051	32,32,32,32,32,32	26.78	2371835	4	3	0	32	1	7549360,8028917,7806258,7781702,9148768,10152547
A	b	P2.2	1	stock	default	6	7328253	6901292	7594743	7200781	9078188	8519699	9340303	11,11,11,11,11,11	0.00	581720	0	0	0	11	0	6962324,6901292,7290144,7366363,7594743,7443285
A	b	P2.2	8	stock	default	6	6815019	6633849	7057932	6717893	7281944	6779054	7504469	32,32,32,32,32,32	48.61	581447	0	0	0	32	3	6709981,7021029,7057932,6633849,6747326,6882711
A	c	P5.4	1	stock	default	6	8636071	6918858	9795342	8686821	9651722	7465505	11106273	9,9,9,9,9,9	454.67	4242010	0	0	0	9	8	7847163,8560684,9016620,8711458,9795342,6918858
A	c	P5.4	1	stock	pinned	6	9223791	7033981	11617083	9360615	9597158	8002104	12051478	10,10,10,10,10,10	99.25	4241962	0	0	0	10	9	7878984,11617083,10247345,10218618,8228964,7033981
A	c	P5.4	8	stock	default	6	5718466	5284378	6449558	5756858	6700858	6291444	7286541	32,32,32,32,32,32	221.19	4242113	0	0	0	32	8	5284378,5534157,6279937,5525451,6449558,5902775
A	d	stream-16MiB	1	stock	default	6	29630981	27218353	31299967	29657252	29682504	27266929	31373851	4,4,4,4,4,4	1904.12	16957280	0	0	0	4	14	27218353,29601643,29660320,30508402,31299967,28404278
A	d	stream-16MiB	1	stock	pinned	6	34363844	31143241	35926394	33740900	37136486	35654104	39387218	4,4,4,4,4,4	3048.25	16957350	0	0	0	4	17	31143241,33059736,34263004,35926394,35821982,34464683
A	d	stream-16MiB	8	stock	default	6	20479143	19053941	28272159	20317953	21330545	20396164	29765252	32,32,32,32,32,32	38.78	16960161	2	2	2	32	63	20333724,22277807,28272159,19884614,19053941,20624561
B	a+read	P2.2	1	stock	default	6	6110106	6011376	6542553	6030801	6295669	6251243	8505652	13,13,13,13,13,13	0.38	2344552	1	0	0	13	0	6011376,6083641,6093542,6542553,6262532,6126670
B	a+read	P2.2	8	stock	default	6	8143141	6885730	8850621	7792817	8163773	6908303	8978764	32,32,32,32,32,32	36.36	2344531	4	3	0	32	0	8235682,8333943,7506806,8050601,6885730,8850621
Bf	b	P2.2	1	stock	default	6	6384635	5880824	8305148	6122842	8595974	7937577	10872955	11,11,11,11,11,11	0.00	28056	0	0	0	11	0	6031362,5880824,6811114,6532509,8305148,6236762
Bf	b	P2.2	8	stock	default	6	6361136	5949227	7155368	6107592	6786806	6358092	8066155	32,32,32,32,32,32	0.05	28035	0	0	0	32	1	6677180,7155368,6013111,5949227,6816245,6045092
Bf	c	P5.4	1	stock	default	6	3422008	3246666	3757560	3389048	5674757	5058209	8315618	14,14,14,14,14,14	0.07	160	0	0	0	14	5	3246666,3757560,3394390,3291307,3449626,3656020
Bf	c	P5.4	8	stock	default	6	4006720	3617907	4096864	3772284	5900530	5496993	6672285	32,32,32,32,32,32	0.06	126	0	0	0	32	13	4090934,3997007,4096864,3617907,3862384,4016432
Bf	d	stream-16MiB	1	stock	default	6	13147074	11837422	22041858	12425576	14164521	12656093	23411072	7,7,7,7,7,7	0.14	848	0	0	0	7	8	12123284,14094861,14225068,22041858,12199288,11837422
Bf	d	stream-16MiB	8	stock	default	6	17052556	15534260	18189106	16535703	19686009	17741661	20470742	32,32,32,32,32,32	0.28	827	0	0	0	32	48	17121835,15534260,18189106,16765392,17117223,16987888
C-retain	a+read	P2.2	1	stock	default	6	3705378	3633908	5003562	3681309	3853220	3829098	5214331	22,22,22,22,22,22	0.00	2180623	2	1	0	22	0	3715488,3673316,4172036,3695267,5003562,3633908
C-retain	a+read	P2.2	8	stock	default	6	4304808	4078131	4672666	4305595	4318916	4124652	4701826	32,32,32,32,32,32	24.73	2180598	4	3	0	32	4	4662618,4379315,4208016,4672666,4230302,4078131
Cf-retain	b	P2.2	1	stock	default	6	2291373	1921390	2419669	2048951	4292502	3999651	5197141	25,25,25,25,25,25	0.00	85	0	0	0	25	1	2419669,2190151,2392596,1964503,2405844,1921390
Cf-retain	b	P2.2	8	stock	default	6	2024673	1895595	2302779	1975961	2651028	2242068	3034072	32,32,32,32,32,32	0.02	51	0	0	0	32	3	1895595,2029620,2025959,2023387,1918411,2302779
Cf-retain	c	P5.4	1	h2-batch	default	6	3599802	3162108	3921028	3463313	5926559	5170355	6296809	17,17,17,17,17,17	0.00	72	0	0	0	17	4	3535085,3545844,3162108,3653760,3921028,3757370
Cf-retain	c	P5.4	1	stock	default	6	3122108	2798683	3527658	2992801	5429299	4202774	5872639	14,14,14,14,14,14	0.11	72	0	0	0	14	3	3012006,3232211,2798683,3527658,3352439,3005461
Cf-retain	c	P5.4	1	stock	pinned	6	3525174	3116486	4457210	3397680	6324500	4994258	8513750	17,17,17,17,17,17	0.00	72	0	0	0	17	7	3116486,3489575,3412263,3560772,3666851,4457210
Cf-retain	c	P5.4	8	h2-batch	default	6	3277587	3004381	4243636	3235678	5372206	5202858	6353325	32,32,32,32,32,32	0.09	51	0	0	0	32	11	3386588,3706979,4243636,3168586,3089053,3004381
Cf-retain	c	P5.4	8	stock	default	6	2921349	2794859	2939917	2837948	5038882	4745706	6213744	32,32,32,32,32,32	0.05	51	0	0	0	32	11	2915772,2932839,2794859,2926926,2939917,2863904
Cf-retain	d	stream-16MiB	1	h2-batch	default	6	13433789	12304993	14376400	12814906	15026866	14224521	16019820	7,7,7,7,7,7	0.07	336	0	0	0	7	12	14182967,13018298,12304993,13114228,14376400,13753350
Cf-retain	d	stream-16MiB	1	stock	default	6	11282223	10482140	11573545	10707914	12979615	11906208	14276580	7,7,7,7,7,7	0.07	336	0	0	0	7	13	10482140,10780426,11181203,11447741,11383243,11573545
Cf-retain	d	stream-16MiB	1	stock	pinned	6	11936480	11609213	13081574	11916487	13832681	12651999	15214805	7,7,7,7,7,7	0.00	336	0	0	0	7	10	12771990,11748440,13081574,11959667,11609213,11913293
Cf-retain	d	stream-16MiB	8	h2-batch	default	6	15690411	14445814	17026586	15145018	19063928	17160932	22233310	32,32,32,32,32,32	0.28	315	0	0	0	32	54	14445814,17026586,16002730,15215824,15861016,15519806
Cf-retain	d	stream-16MiB	8	stock	default	6	14075802	13793193	15068520	13627894	16954044	15643247	18498370	32,32,32,32,32,32	0.03	315	0	0	0	32	59	14234923,13793193,14576463,13916682,13829089,15068520
E-retain	a+read	P2.2	1	stock	default	6	5159418	4924328	5507027	4847373	5450534	5206737	5705919	19,19,19,19,19,19	0.05	2180608	2	1	0	19	1	5173934,5234482,5144902,4924328,5507027,4961889
E-retain	a+read	P2.2	8	stock	default	6	5365863	5133509	6271842	5325156	5375458	5155922	6317369	32,32,32,32,32,32	6.23	2180587	4	3	0	32	3	5193130,5133509,6271842,5620220,5538596,5144401
Ef-retain	b	P2.2	1	stock	default	6	2990738	2942249	3058812	2976203	4830778	4790314	4863353	19,19,19,19,19,19	0.03	64090	0	0	0	19	1	3058812,2988485,2992992,2996696,2942249,2955582
Ef-retain	b	P2.2	8	stock	default	6	3348361	3132734	3548890	3118457	3917076	3825030	4509853	32,32,32,32,32,32	0.02	64051	0	0	0	32	1	3388873,3132734,3321482,3375241,3315513,3548890
Ef-retain	c	P5.4	1	stock	default	6	3104914	2755762	3486524	2948611	6041047	4269484	6577156	23,23,23,23,23,23	0.00	136	0	0	0	23	6	3486524,3022124,3187703,3441790,2755762,2911429
Ef-retain	c	P5.4	8	stock	default	6	3635159	3363047	4295467	3528378	5539511	5232862	6016326	32,32,32,32,32,32	0.09	115	0	0	0	32	15	3760601,3363047,3479322,3880081,3509717,4295467
Ef-retain	d	stream-16MiB	1	stock	default	6	11320000	10633988	13718813	11303979	13042767	11765109	14770486	8,8,8,8,8,8	0.06	890	0	0	0	8	9	11972606,13718813,11436534,11203467,10633988,10872518
Ef-retain	d	stream-16MiB	8	stock	default	6	16080134	14033959	17468794	15954592	17738624	15870281	19102035	32,32,32,32,32,32	0.16	827	0	0	0	32	53	16266265,15894003,14033959,17468794,16577313,14501887
