payload	content	dir	arm	unknown_mode	build	rounds	cpu_ns_per_op_median	cpu_min	cpu_max	wall_ns_per_op_median	wall_min	wall_max	iters_per_round	minflt_per_op_median	alloc_bytes_per_op	gen0	gen1	gen2	mem_ops	cpu_ns_per_op_by_round
P1.1	ascii	decode-read	core-ffi	no-unknown	no-unknown	6	1812.6	1801.6	1905.6	1811.0	1806.6	1946.2	21789,21789,21789,21789,21789,21789	0.000	2728	3	0	0	21789	1905.6,1878.6,1809.9,1801.6,1811.4,1813.9
P1.1	ascii	decode-read	core-ffi	retain	full	6	1860.5	1829.7	1909.4	1860.2	1828.1	2127.5	8459,8459,8459,8459,8459,8459	0.000	2728	1	0	0	8459	1909.4,1829.7,1856.9,1864.2,1896.5,1830.4
P1.1	ascii	decode-read	host-gen	no-unknown	no-unknown	6	1502.7	1474.2	1675.5	1500.3	1471.6	1678.4	7456,7456,7456,7456,7456,7456	0.000	2728	1	0	0	7456	1515.0,1484.1,1675.5,1474.2,1490.3,1535.0
P1.1	ascii	decode-read	host-gen	retain	full	6	1526.4	1466.3	1653.4	1547.1	1462.8	1667.1	5900,5900,5900,5900,5900,5900	0.000	2728	0	0	0	5900	1580.9,1466.3,1526.9,1653.4,1525.9,1502.4
P1.1	ascii	decode-read	incumbent-prod	default	full	6	1854.9	1784.3	2020.4	1892.2	1779.1	2502.8	3974,3974,3974,3974,3974,3974	0.000	2888	0	0	0	3974	1784.3,2020.4,1799.7,1875.3,1910.2,1834.5
P1.1	ascii	encode-transport-hot	core-ffi	no-unknown	no-unknown	6	758.5	754.3	1854.1	762.6	753.8	1125.8	53557,53557,53557,53557,53557,53557	0.000	0	0	0	0	53557	754.4,761.2,754.3,755.8,1252.6,1854.1
P1.1	ascii	encode-transport-hot	core-ffi	retain	full	6	803.7	787.0	1443.3	807.8	787.3	1138.9	50187,50187,50187,50187,50187,50187	0.000	0	0	0	0	50187	795.7,789.2,811.7,787.0,1443.3,1153.3
P1.1	ascii	encode-transport-hot	host-gen	no-unknown	no-unknown	6	730.8	723.5	1066.5	742.3	725.3	846.0	54972,54972,54972,54972,54972,54972	0.000	0	0	0	0	54972	733.3,740.7,728.2,723.5,1066.5,728.3
P1.1	ascii	encode-transport-hot	host-gen	retain	full	6	672.8	662.7	727.6	687.6	663.6	765.5	59717,59717,59717,59717,59717,59717	0.000	0	0	0	0	59717	671.3,672.1,681.7,727.6,673.6,662.7
P1.1	ascii	encode-transport-hot	incumbent-prod	default	full	6	1308.2	1296.0	1327.8	1306.0	1293.4	1325.6	7476,7476,7476,7476,7476,7476	0.000	0	0	0	0	7476	1304.1,1327.8,1312.4,1297.8,1296.0,1316.0
P1.2	ascii	decode-read	core-ffi	no-unknown	no-unknown	6	485663.4	479102.3	493904.1	485837.1	479522.0	526925.1	59,59,59,59,59,59	0.000	665984	2	1	0	59	486999.3,480872.8,493904.1,493875.3,484327.6,479102.3
P1.2	ascii	decode-read	core-ffi	retain	full	6	508244.8	469137.6	597125.1	560817.8	485613.7	600716.1	71,71,71,71,71,71	0.007	665984	2	1	0	71	513917.9,502571.6,486567.9,469137.6,537302.6,597125.1
P1.2	ascii	decode-read	host-gen	no-unknown	no-unknown	6	447799.0	429289.5	470974.1	447119.9	428661.7	470597.9	27,27,27,27,27,27	0.000	665984	1	0	0	27	470974.1,429289.5,433066.9,458248.1,449702.9,445895.1
P1.2	ascii	decode-read	host-gen	retain	full	6	419965.6	410778.7	443332.0	419406.2	410531.8	442853.7	36,36,36,36,36,36	0.000	665984	1	0	0	36	443332.0,410778.7,414692.1,416625.9,423305.2,425721.7
P1.2	ascii	decode-read	incumbent-prod	default	full	6	539594.0	498734.5	662236.7	589624.6	497816.0	723286.4	19,19,19,19,19,19	0.000	697928	0	0	0	19	662236.7,551638.3,527549.7,498734.5,500167.7,554730.6
P1.2	ascii	encode-transport-hot	core-ffi	no-unknown	no-unknown	6	202540.5	197945.0	326417.7	205163.4	199721.9	230475.6	201,201,201,201,201,201	0.000	0	0	0	0	201	197945.0,201075.6,203716.9,201364.2,326417.7,288817.6
P1.2	ascii	encode-transport-hot	core-ffi	retain	full	6	213556.4	207703.1	262436.2	218238.4	209540.0	283157.8	117,117,117,117,117,117	0.000	0	0	0	0	117	215912.7,207891.5,211200.0,207703.1,234579.5,262436.2
P1.2	ascii	encode-transport-hot	host-gen	no-unknown	no-unknown	6	159309.0	157472.6	161815.4	158772.8	156701.2	161167.7	51,51,51,51,51,51	0.000	0	0	0	0	51	160895.9,158326.2,158259.0,157472.6,160291.7,161815.4
P1.2	ascii	encode-transport-hot	host-gen	retain	full	6	164644.9	161848.8	172127.0	164361.8	161445.7	188768.8	49,49,49,49,49,49	0.000	0	0	0	0	49	172127.0,164721.8,171978.9,164568.0,163444.3,161848.8
P1.2	ascii	encode-transport-hot	incumbent-prod	default	full	6	383288.3	369911.7	409079.9	387061.5	369218.3	516142.3	26,26,26,26,26,26	0.000	0	0	0	0	26	385205.5,384904.0,379856.5,381672.5,409079.9,369911.7
P1.3	ascii	decode-read	core-ffi	no-unknown	no-unknown	6	23449.8	22459.7	45698.2	22586.9	22226.0	23404.0	1731,1731,1731,1731,1731,1731	0.013	39624	3	0	0	1731	22459.7,22755.1,22589.9,24144.6,45698.2,27910.7
P1.3	ascii	decode-read	core-ffi	retain	full	6	23680.7	22670.5	37900.4	23648.1	22960.9	24250.7	1753,1753,1753,1753,1753,1753	0.000	39624	4	0	0	1753	24187.1,23174.3,22670.5,23151.3,28758.7,37900.4
P1.3	ascii	decode-read	host-gen	no-unknown	no-unknown	6	13830.0	13334.1	14252.3	13802.7	13312.9	14232.6	768,768,768,768,768,768	0.000	39624	1	0	0	768	13854.8,14110.6,13746.6,13805.2,13334.1,14252.3
P1.3	ascii	decode-read	host-gen	retain	full	6	14488.4	13903.3	19148.7	14481.5	13897.2	14749.9	2672,2672,2672,2672,2672,2672	0.000	39624	6	0	0	2672	14207.6,14493.3,14490.1,13903.3,14486.6,19148.7
P1.3	ascii	decode-read	incumbent-prod	default	full	6	18841.4	18064.3	43255.5	19170.7	18180.3	24961.3	1321,1321,1321,1321,1321,1321	0.000	39568	3	0	0	1321	18827.1,18064.3,18616.8,18855.7,23050.0,43255.5
P1.3	ascii	encode-transport-hot	core-ffi	no-unknown	no-unknown	6	15463.4	15369.9	29467.0	15439.2	15398.8	15745.5	2601,2601,2601,2601,2601,2601	0.000	0	0	0	0	2601	15424.7,15420.2,15502.1,15369.9,17049.8,29467.0
P1.3	ascii	encode-transport-hot	core-ffi	retain	full	6	16526.2	16143.2	31938.2	16179.8	16120.4	18456.2	2486,2486,2486,2486,2486,2486	0.000	0	0	0	0	2486	16149.2,16143.2,16212.9,31938.2,20111.4,16839.4
P1.3	ascii	encode-transport-hot	host-gen	no-unknown	no-unknown	6	2489.1	2481.3	4822.9	2490.5	2480.2	2499.5	14668,14668,14668,14668,14668,14668	0.000	0	0	0	0	14668	2488.4,2481.3,2489.7,4822.9,3316.9,2482.3
P1.3	ascii	encode-transport-hot	host-gen	retain	full	6	2592.2	2561.7	4272.1	2583.7	2558.5	2599.7	15349,15349,15349,15349,15349,15349	0.000	0	0	0	0	15349	2598.9,2561.7,2576.8,4272.1,4143.8,2585.6
P1.3	ascii	encode-transport-hot	incumbent-prod	default	full	6	7114.1	7041.3	15496.2	7499.6	7038.6	8407.9	5553,5553,5553,5553,5553,5553	0.000	0	0	0	0	5553	7147.6,7041.3,7074.2,15496.2,7319.9,7080.6
P2.1	ascii	decode-read	core-ffi	no-unknown	no-unknown	6	4193.6	3933.7	13091.0	5306.8	3971.7	6609.1	6065,6065,6065,6065,6065,6065	0.000	4544	1	0	0	6065	4139.8,4247.3,4012.3,3933.7,10003.2,13091.0
P2.1	ascii	decode-read	core-ffi	retain	full	6	3869.4	3780.9	6902.2	3911.9	3780.7	4062.4	6248,6248,6248,6248,6248,6248	0.000	4544	1	0	0	6248	3830.4,3780.9,3787.8,3921.7,3908.4,6902.2
P2.1	ascii	decode-read	host-gen	no-unknown	no-unknown	6	2689.5	2548.3	2799.9	2662.0	2542.6	3020.4	3404,3404,3404,3404,3404,3404	0.000	4544	0	0	0	3404	2570.4,2548.3,2764.9,2799.9,2790.5,2614.1
P2.1	ascii	decode-read	host-gen	retain	full	6	2621.6	2554.8	3331.0	2621.5	2555.7	3417.0	3521,3521,3521,3521,3521,3521	0.000	4544	0	0	0	3521	3331.0,2554.8,2599.4,2560.5,2718.9,2643.8
P2.1	ascii	decode-read	incumbent-prod	default	full	6	3341.2	3193.3	3472.9	3515.6	3195.7	4058.2	2541,2541,2541,2541,2541,2541	0.000	4904	0	0	0	2541	3405.8,3320.1,3362.3,3306.3,3472.9,3193.3
P2.1	ascii	encode-transport-hot	core-ffi	no-unknown	no-unknown	6	1354.8	1341.9	1385.3	1363.2	1341.5	1509.2	16194,16194,16194,16194,16194,16194	0.000	0	0	0	0	16194	1365.5,1373.0,1385.3,1341.9,1343.4,1344.2
P2.1	ascii	encode-transport-hot	core-ffi	retain	full	6	1439.6	1435.0	1445.0	1442.0	1433.8	1466.2	14626,14626,14626,14626,14626,14626	0.000	0	0	0	0	14626	1444.5,1445.0,1439.7,1437.9,1435.0,1439.5
P2.1	ascii	encode-transport-hot	host-gen	no-unknown	no-unknown	6	986.9	981.2	1000.4	982.4	977.8	1034.0	7809,7809,7809,7809,7809,7809	0.000	128	0	0	0	7809	1000.4,981.2,986.2,987.6,981.4,989.6
P2.1	ascii	encode-transport-hot	host-gen	retain	full	6	1009.5	1002.0	1268.1	1022.4	1005.2	1046.7	36609,36609,36609,36609,36609,36609	0.000	128	0	0	0	36609	1013.4,1005.7,1028.1,1003.5,1002.0,1268.1
P2.1	ascii	encode-transport-hot	incumbent-prod	default	full	6	2652.3	2635.0	2703.5	2666.3	2629.8	2786.9	3092,3092,3092,3092,3092,3092	0.000	56	0	0	0	3092	2694.9,2637.8,2635.0,2703.5,2666.6,2638.1
P2.2	ascii	decode-read	core-ffi	no-unknown	no-unknown	6	2611789.2	2496697.2	2692201.4	2623610.3	2511363.8	2823967.8	12,12,12,12,12,12	0.000	2180584	1	0	0	12	2661800.7,2692201.4,2496697.2,2517557.1,2608785.0,2614793.4
P2.2	ascii	decode-read	core-ffi	retain	full	6	2656108.1	2442504.4	2895870.4	2649299.1	2450046.5	2890747.1	11,11,11,11,11,11	0.000	2180584	1	0	0	11	2685065.3,2627151.0,2801086.9,2895870.4,2528798.8,2442504.4
P2.2	ascii	decode-read	host-gen	no-unknown	no-unknown	6	2070257.9	1766112.1	2136634.7	2067353.1	1763851.0	2152917.6	9,9,9,9,9,9	0.000	2180584	1	0	0	9	2098700.2,2041815.6,1766112.1,2130532.9,1824191.1,2136634.7
P2.2	ascii	decode-read	host-gen	retain	full	6	1943705.7	1838301.9	2080835.0	2016468.6	1869905.9	2074537.0	9,9,9,9,9,9	0.000	2180584	1	0	0	9	2080835.0,1928334.2,1959077.1,1896925.9,2036029.4,1838301.9
P2.2	ascii	decode-read	incumbent-prod	default	full	6	1956805.0	1916176.2	2305656.2	1977683.4	1921034.8	2293368.7	6,6,6,6,6,6	0.000	2344528	0	0	0	6	2305656.2,1916176.2,1989062.5,1973842.0,1924918.7,1939768.0
P2.2	ascii	encode-transport-hot	core-ffi	no-unknown	no-unknown	6	984179.0	917897.5	1157566.7	1016554.3	901544.7	1208680.4	32,32,32,32,32,32	0.000	0	0	0	0	32	952627.7,1157566.7,969508.8,917897.5,998849.2,1007906.2
P2.2	ascii	encode-transport-hot	core-ffi	retain	full	6	878884.8	868583.4	1069761.1	873722.0	867740.6	880096.1	33,33,33,33,33,33	0.000	0	0	0	0	33	880813.7,876955.8,871712.3,881247.1,868583.4,1069761.1
P2.2	ascii	encode-transport-hot	host-gen	no-unknown	no-unknown	6	676723.0	640049.7	776412.6	674548.7	638050.8	1121677.8	13,13,13,13,13,13	0.000	64000	0	0	0	13	776412.6,721771.1,646713.0,702252.5,651193.5,640049.7
P2.2	ascii	encode-transport-hot	host-gen	retain	full	6	639133.6	616033.3	672235.2	637670.2	614265.2	795276.9	13,13,13,13,13,13	0.038	64000	0	0	0	13	652438.8,616033.3,654471.1,625433.8,672235.2,625828.3
P2.2	ascii	encode-transport-hot	incumbent-prod	default	full	6	1843210.9	1826523.2	1909063.5	1835076.1	1821041.2	1913165.0	4,4,4,4,4,4	0.000	28000	0	0	0	4	1846446.8,1839975.0,1854104.8,1826523.2,1831292.5,1909063.5
P2.2	latin1	decode-read	core-ffi	no-unknown	no-unknown	6	3361325.4	3089918.4	3433246.1	3312186.1	3087938.6	3432288.5	10,10,10,10,10,10	0.000	2180584	1	0	0	10	3089918.4,3331507.5,3433246.1,3411543.3,3391143.2,3207451.5
P2.2	latin1	decode-read	core-ffi	retain	full	6	3134822.0	3100488.8	3293287.5	3139258.0	3110100.8	3281937.3	10,10,10,10,10,10	0.000	2180584	1	0	0	10	3125422.9,3144221.2,3293287.5,3100488.8,3111755.1,3168446.9
P2.2	latin1	decode-read	host-gen	no-unknown	no-unknown	6	2696702.9	2481461.0	2779042.2	2717959.6	2516759.0	2778011.1	8,8,8,8,8,8	0.000	2180584	1	0	0	8	2756674.2,2731610.9,2504670.9,2779042.2,2481461.0,2661794.9
P2.2	latin1	decode-read	host-gen	retain	full	6	2539150.2	2352385.2	2681756.4	2547498.1	2358959.1	2676267.4	8,8,8,8,8,8	0.000	2180584	1	0	0	8	2681756.4,2537913.5,2412327.4,2541110.6,2352385.2,2540386.9
P2.2	latin1	decode-read	incumbent-prod	default	full	6	2561591.5	2533269.8	3120805.5	2557781.2	2538625.5	3098132.2	4,4,4,4,4,4	0.000	2344528	0	0	0	4	3120805.5,2590002.0,2556098.0,2567085.0,2548370.5,2533269.8
P2.2	latin1	encode-transport-hot	core-ffi	no-unknown	no-unknown	6	1175302.6	1159158.3	1318918.2	1172594.9	1158783.0	1380665.5	26,26,26,26,26,26	0.000	0	0	0	0	26	1220390.9,1159158.3,1175095.0,1168955.8,1175510.2,1318918.2
P2.2	latin1	encode-transport-hot	core-ffi	retain	full	6	1285114.0	1248475.4	1990478.5	1316691.3	1250177.4	1386500.9	32,32,32,32,32,32	0.000	0	0	0	0	32	1306878.5,1257169.3,1263349.6,1248475.4,1990478.5,1343966.0
P2.2	latin1	encode-transport-hot	host-gen	no-unknown	no-unknown	6	965704.8	937359.1	997561.1	963981.3	934167.0	996324.8	12,12,12,12,12,12	0.042	64000	0	0	0	12	997561.1,962275.5,937359.1,969134.2,992119.5,955325.0
P2.2	latin1	encode-transport-hot	host-gen	retain	full	6	942188.0	908318.5	1430396.5	966666.4	932423.8	1062963.2	13,13,13,13,13,13	0.000	64000	0	0	0	13	1430396.5,908318.5,946495.6,930533.5,1002433.5,937880.3
P2.2	latin1	encode-transport-hot	incumbent-prod	default	full	6	2300675.0	2272201.2	2346717.5	2378692.1	2269932.2	2481915.8	6,6,6,6,6,6	0.000	28000	0	0	0	6	2346717.5,2315236.3,2286113.7,2277336.0,2272201.2,2323464.2
P2.2	wide	decode-read	core-ffi	no-unknown	no-unknown	6	4037737.8	3888061.4	4324484.0	4032840.0	3882591.4	5691773.9	8,8,8,8,8,8	0.000	2180584	1	0	0	8	4324484.0,4063148.0,3888061.4,4144123.0,3968953.8,4012327.6
P2.2	wide	decode-read	core-ffi	retain	full	6	3663170.6	3568217.0	3972358.3	3736910.7	3565561.3	4021085.7	7,7,7,7,7,7	0.000	2180584	0	0	0	7	3972358.3,3568217.0,3677397.0,3609961.3,3648944.3,3691232.0
P2.2	wide	decode-read	host-gen	no-unknown	no-unknown	6	2883072.5	2806344.6	3347144.1	2956936.6	2876472.3	3469723.6	7,7,7,7,7,7	0.000	2180584	0	0	0	7	3041360.9,2808712.9,2806344.6,2857585.7,3347144.1,2908559.3
P2.2	wide	decode-read	host-gen	retain	full	6	2761939.3	2717750.9	2995262.0	2757304.9	2712072.1	2989676.7	7,7,7,7,7,7	0.000	2180584	0	0	0	7	2995262.0,2772175.0,2717750.9,2754984.6,2732479.9,2768894.0
P2.2	wide	decode-read	incumbent-prod	default	full	6	3200956.0	3046285.5	3442738.8	3233200.1	3035743.0	3545677.5	4,4,4,4,4,4	0.000	2344528	0	0	0	4	3442738.8,3193595.5,3328664.2,3164189.8,3046285.5,3208316.5
P2.2	wide	encode-transport-hot	core-ffi	no-unknown	no-unknown	6	1560157.0	1525796.2	1600997.0	1562690.5	1523348.3	1617189.5	11,11,11,11,11,11	0.000	0	0	0	0	11	1571957.0,1600997.0,1560999.6,1525796.2,1556740.4,1559314.5
P2.2	wide	encode-transport-hot	core-ffi	retain	full	6	1623915.4	1549451.1	3426472.8	1635358.5	1548264.9	2138826.3	24,24,24,24,24,24	0.000	0	0	0	0	24	1659269.1,1549451.1,1579659.7,1588561.7,3426472.8,2344035.4
P2.2	wide	encode-transport-hot	host-gen	no-unknown	no-unknown	6	1245368.3	1228500.3	1341715.7	1241837.3	1226313.0	1330571.4	11,11,11,11,11,11	0.045	64000	0	0	0	11	1283190.1,1241191.2,1249545.4,1228500.3,1341715.7,1229418.3
P2.2	wide	encode-transport-hot	host-gen	retain	full	6	1354503.9	1308826.5	1418054.1	1358297.4	1306062.2	1685801.6	11,11,11,11,11,11	0.045	64000	0	0	0	11	1389548.3,1318179.6,1308826.5,1319459.5,1418054.1,1401450.7
P2.2	wide	encode-transport-hot	incumbent-prod	default	full	6	2622044.5	2473754.2	2739041.8	2613984.4	2468775.8	2737430.5	6,6,6,6,6,6	0.000	28000	0	0	0	6	2622820.8,2739041.8,2473754.2,2607148.8,2621268.2,2623916.7
P2.3	ascii	decode-read	core-ffi	no-unknown	no-unknown	6	1741001.8	1662278.8	2327515.8	1740677.1	1682456.0	1782901.0	18,18,18,18,18,18	0.000	2101160	2	1	0	18	1758167.8,1723835.9,1786834.4,1677507.1,1662278.8,2327515.8
P2.3	ascii	decode-read	core-ffi	retain	full	6	1633079.5	1585325.3	1662396.6	1654073.2	1583149.1	1726739.6	16,16,16,16,16,16	0.000	2101160	1	0	0	16	1643360.3,1622798.6,1596869.5,1585325.3,1662396.6,1648609.6
P2.3	ascii	decode-read	host-gen	no-unknown	no-unknown	6	1319956.0	1295412.8	1535831.1	1317328.1	1299907.1	1539091.0	12,12,12,12,12,12	0.000	2101160	1	0	0	12	1535831.1,1316515.8,1323396.2,1295412.8,1433293.0,1304191.2
P2.3	ascii	decode-read	host-gen	retain	full	6	1416762.5	1357901.6	1466857.1	1457792.4	1401753.9	1669753.3	12,12,12,12,12,12	0.000	2101160	1	0	0	12	1466857.1,1384354.4,1357901.6,1441501.1,1438413.8,1395111.2
P2.3	ascii	decode-read	incumbent-prod	default	full	6	1433911.3	1349922.0	1589031.3	1432377.5	1367133.0	1586187.0	9,9,9,9,9,9	0.000	2098104	1	0	0	9	1589031.3,1416981.1,1439149.1,1428673.4,1474594.9,1349922.0
P2.3	ascii	encode-transport-hot	core-ffi	no-unknown	no-unknown	6	646704.1	640050.2	1438054.1	646931.4	637964.1	740763.9	50,50,50,50,50,50	0.000	0	0	0	0	50	655672.8,640699.0,647708.7,645699.6,640050.2,1438054.1
P2.3	ascii	encode-transport-hot	core-ffi	retain	full	6	640116.1	622208.1	803730.3	641999.6	621726.2	712037.5	44,44,44,44,44,44	0.000	0	0	0	0	44	622208.1,636474.5,639390.2,640841.9,803730.3,655006.6
P2.3	ascii	encode-transport-hot	host-gen	no-unknown	no-unknown	6	417092.9	411428.0	428803.5	427629.2	409968.5	435953.8	24,24,24,24,24,24	0.000	16000	0	0	0	24	411428.0,415760.1,428803.5,412833.0,422300.4,418425.8
P2.3	ascii	encode-transport-hot	host-gen	retain	full	6	418985.7	401696.4	1039203.2	445471.0	401379.2	708548.5	94,94,94,94,94,94	0.181	16000	0	0	0	94	425261.2,412710.1,409044.0,1039203.2,822047.0,401696.4
P2.3	ascii	encode-transport-hot	incumbent-prod	default	full	6	1120689.1	1077316.9	1153052.5	1144090.4	1075417.4	1170879.9	11,11,11,11,11,11	0.000	7000	0	0	0	11	1127109.8,1131838.0,1104731.0,1077316.9,1153052.5,1114268.5
P2.4	ascii	decode-read	core-ffi	no-unknown	no-unknown	6	2326621.5	2258745.5	2582602.8	2336999.7	2255898.5	2618551.3	11,11,11,11,11,11	0.000	3275728	2	1	0	11	2582602.8,2258745.5,2320459.6,2293666.7,2378778.4,2332783.5
P2.4	ascii	decode-read	core-ffi	retain	full	6	2533160.7	2347999.9	2948869.7	2538786.4	2360928.5	2772613.4	16,16,16,16,16,16	0.094	3275728	3	2	0	16	2579963.4,2552008.3,2347999.9,2514313.0,2478026.4,2948869.7
P2.4	ascii	decode-read	host-gen	no-unknown	no-unknown	6	1866294.7	1746148.0	2178200.0	1869371.9	1751493.5	2175502.0	8,8,8,8,8,8	0.000	3275728	1	0	0	8	2178200.0,1746148.0,1906112.4,1839090.0,1893499.4,1755753.6
P2.4	ascii	decode-read	host-gen	retain	full	6	1860569.1	1743427.4	2099641.1	1994617.0	1777164.4	2189168.6	8,8,8,8,8,8	0.000	3275728	1	0	0	8	2099641.1,1844193.0,1743427.4,1876945.2,2049753.8,1777303.2
P2.4	ascii	decode-read	incumbent-prod	default	full	6	1870960.7	1831254.4	3737020.6	1930492.4	1845192.0	2292850.6	7,7,7,7,7,7	0.000	3287832	1	0	0	7	3737020.6,1831254.4,1851927.1,1885222.6,1996009.9,1856698.9
P2.4	ascii	encode-transport-hot	core-ffi	no-unknown	no-unknown	6	1035761.8	904723.0	1478790.3	991711.2	901089.6	2075266.6	26,26,26,26,26,26	0.000	0	0	0	0	26	1013043.8,1478790.3,1058479.9,948328.6,904723.0,1197257.4
P2.4	ascii	encode-transport-hot	core-ffi	retain	full	6	1840880.5	1809295.1	1924759.9	1829296.8	1788515.1	1905068.6	16,16,16,16,16,16	408.000	0	0	0	0	16	1817222.2,1809295.1,1884949.5,1836206.1,1845554.9,1924759.9
P2.4	ascii	encode-transport-hot	host-gen	no-unknown	no-unknown	6	589975.4	577625.5	627818.8	592514.7	575319.1	630545.3	17,17,17,17,17,17	0.059	10240	0	0	0	17	601158.7,589509.2,586877.5,627818.8,577625.5,590441.5
P2.4	ascii	encode-transport-hot	host-gen	retain	full	6	562849.6	546199.3	584215.8	561866.4	544583.5	643447.2	17,17,17,17,17,17	0.000	10240	0	0	0	17	584215.8,546199.3,563853.1,568246.8,561846.2,557058.7
P2.4	ascii	encode-transport-hot	incumbent-prod	default	full	6	1503624.4	1409146.1	1763010.8	1524984.7	1456657.5	1816626.1	8,8,8,8,8,8	0.000	4480	0	0	0	8	1473409.5,1763010.8,1491093.8,1516155.0,1550725.2,1409146.1
P2.5	ascii	decode-read	core-ffi	no-unknown	no-unknown	6	69495.8	68383.0	126665.9	69715.5	68197.2	70527.2	358,358,358,358,358,358	0.000	81472	1	0	0	358	70126.2,68383.0,68595.5,69618.2,69373.5,126665.9
P2.5	ascii	decode-read	core-ffi	retain	full	6	78757.6	71107.0	129499.1	75693.9	71052.0	94521.9	277,277,277,277,277,277	0.000	81472	1	0	0	277	77537.1,71379.3,71107.0,79978.1,121005.6,129499.1
P2.5	ascii	decode-read	host-gen	no-unknown	no-unknown	6	49810.9	49040.3	50830.2	49497.2	48792.3	62099.7	174,174,174,174,174,174	0.000	81472	0	0	0	174	50168.9,49115.3,49708.0,50830.2,49913.7,49040.3
P2.5	ascii	decode-read	host-gen	retain	full	6	51498.4	50538.8	52834.5	51576.0	51350.8	53325.9	220,220,220,220,220,220	0.000	81472	1	0	0	220	52834.5,51035.2,51764.4,52529.1,51232.4,50538.8
P2.5	ascii	decode-read	incumbent-prod	default	full	6	62859.6	62056.3	67718.1	68926.7	63129.8	85563.9	142,142,142,142,142,142	0.000	87976	0	0	0	142	62056.3,67718.1,64783.9,63322.1,62332.0,62397.1
P2.5	ascii	encode-transport-hot	core-ffi	no-unknown	no-unknown	6	22200.8	22111.2	22581.3	22529.3	22153.9	22952.4	1803,1803,1803,1803,1803,1803	0.000	0	0	0	0	1803	22163.7,22237.6,22530.1,22164.1,22581.3,22111.2
P2.5	ascii	encode-transport-hot	core-ffi	retain	full	6	22757.5	22699.2	23792.1	22731.0	22680.3	25733.2	1704,1704,1704,1704,1704,1704	0.000	0	0	0	0	1704	23792.1,22768.8,22764.8,22699.2,22750.1,22735.0
P2.5	ascii	encode-transport-hot	host-gen	no-unknown	no-unknown	6	17095.0	16934.4	17247.2	17137.8	16956.8	17398.8	2343,2343,2343,2343,2343,2343	0.000	2560	0	0	0	2343	16934.4,17247.2,17172.3,17157.9,17032.1,16960.4
P2.5	ascii	encode-transport-hot	host-gen	retain	full	6	17412.0	17209.3	18699.2	17834.6	17201.3	24414.9	2344,2344,2344,2344,2344,2344	0.000	2560	0	0	0	2344	18699.2,17460.4,17493.1,17209.3,17363.6,17279.6
P2.5	ascii	encode-transport-hot	incumbent-prod	default	full	6	48480.0	48272.4	49059.1	48315.7	48106.9	49028.5	223,223,223,223,223,223	0.000	1120	0	0	0	223	49059.1,48512.7,48317.4,48467.0,48493.0,48272.4
P3.1	ascii	decode-read	core-ffi	no-unknown	no-unknown	6	35316.7	34448.8	36935.4	35938.5	34418.7	36904.3	521,521,521,521,521,521	0.000	53880	1	0	0	521	36935.4,35880.0,34499.3,34448.8,36118.9,34753.4
P3.1	ascii	decode-read	core-ffi	retain	full	6	35532.4	34657.2	37415.4	35484.2	34620.1	37373.7	399,399,399,399,399,399	0.000	53880	1	0	0	399	37415.4,34657.2,35597.8,35036.4,35466.9,36167.9
P3.1	ascii	decode-read	host-gen	no-unknown	no-unknown	6	27997.9	27054.3	33693.9	29390.4	27077.0	34702.8	306,306,306,306,306,306	0.000	53880	0	0	0	306	33693.9,28654.2,27850.6,27153.1,28145.2,27054.3
P3.1	ascii	decode-read	host-gen	retain	full	6	26560.7	25811.2	33422.6	26841.5	25763.7	33588.6	284,284,284,284,284,284	0.000	53880	0	0	0	284	33422.6,26486.6,25811.2,26391.3,26634.8,26728.6
P3.1	ascii	decode-read	incumbent-prod	default	full	6	35405.1	33697.2	44722.4	38368.6	34337.6	79501.3	308,308,308,308,308,308	0.000	49664	0	0	0	308	44722.4,33697.2,34311.6,34805.5,39292.2,36004.8
P3.1	ascii	encode-transport-hot	core-ffi	no-unknown	no-unknown	6	13233.8	12716.3	27080.2	14103.2	13377.6	20631.9	1514,1514,1514,1514,1514,1514	0.000	0	0	0	0	1514	12716.3,13640.9,12780.0,12826.6,20045.2,27080.2
P3.1	ascii	encode-transport-hot	core-ffi	retain	full	6	13194.4	12835.0	13404.8	13461.4	12864.7	14918.8	1494,1494,1494,1494,1494,1494	0.000	0	0	0	0	1494	12835.0,12984.7,13073.1,13404.8,13339.4,13315.7
P3.1	ascii	encode-transport-hot	host-gen	no-unknown	no-unknown	6	10131.2	10034.8	10272.7	10108.0	10031.5	10170.2	3925,3925,3925,3925,3925,3925	0.000	0	0	0	0	3925	10156.8,10118.9,10272.7,10066.4,10143.5,10034.8
P3.1	ascii	encode-transport-hot	host-gen	retain	full	6	10380.7	10278.5	10807.7	10736.5	10254.6	12730.6	3868,3868,3868,3868,3868,3868	0.000	0	0	0	0	3868	10290.3,10317.6,10278.5,10443.9,10807.7,10494.8
P3.1	ascii	encode-transport-hot	incumbent-prod	default	full	6	22669.7	22347.9	22767.8	22540.1	22285.9	22685.1	214,214,214,214,214,214	0.000	0	0	0	0	214	22696.2,22767.8,22536.5,22733.9,22643.3,22347.9
P4.1	ascii	decode-read	core-ffi	no-unknown	no-unknown	6	390096.3	386866.8	404814.2	395147.5	387369.3	436125.1	59,59,59,59,59,59	0.000	363760	1	0	0	59	403397.2,389576.9,404814.2,388489.9,390615.8,386866.8
P4.1	ascii	decode-read	core-ffi	retain	full	6	402139.4	387469.4	435326.3	425521.9	389048.7	608884.2	59,59,59,59,59,59	0.000	363760	1	0	0	59	435326.3,387469.4,390495.1,430564.1,404976.2,399302.5
P4.1	ascii	decode-read	host-gen	no-unknown	no-unknown	6	304927.0	291556.7	422173.9	330052.3	291014.3	517357.2	36,36,36,36,36,36	0.000	363760	0	0	0	36	422173.9,300218.6,291556.7,304063.2,310116.6,305790.8
P4.1	ascii	decode-read	host-gen	retain	full	6	286967.8	271874.7	367667.9	294303.9	275782.6	369587.0	34,34,34,34,34,34	0.000	363760	0	0	0	34	367667.9,291464.8,289908.4,271874.7,275184.8,284027.3
P4.1	ascii	decode-read	incumbent-prod	default	full	6	332251.0	324539.3	396565.5	331590.4	323908.1	395842.5	34,34,34,34,34,34	0.000	403704	0	0	0	34	396565.5,329907.1,331262.5,333239.6,324539.3,334936.2
P4.1	ascii	encode-transport-hot	core-ffi	no-unknown	no-unknown	6	114454.0	112637.3	421685.1	115077.8	112508.8	213619.8	348,348,348,348,348,348	0.000	0	0	0	0	348	115726.0,112637.3,112767.7,421685.1,114767.3,114140.6
P4.1	ascii	encode-transport-hot	core-ffi	retain	full	6	114656.2	111706.6	187170.7	115985.7	111524.9	137790.5	194,194,194,194,194,194	0.000	0	0	0	0	194	113702.1,118689.1,115610.4,111706.6,112200.5,187170.7
P4.1	ascii	encode-transport-hot	host-gen	no-unknown	no-unknown	6	91211.8	89327.6	101469.1	92198.9	89107.3	102961.9	87,87,87,87,87,87	0.000	25600	0	0	0	87	90284.9,89327.6,90054.6,92138.7,101469.1,95617.7
P4.1	ascii	encode-transport-hot	host-gen	retain	full	6	87775.3	86114.4	92371.1	89194.7	85978.0	104582.6	453,453,453,453,453,453	0.000	25600	0	0	0	453	92371.1,87769.2,87781.4,86114.4,89015.8,86681.3
P4.1	ascii	encode-transport-hot	incumbent-prod	default	full	6	372764.1	362974.5	639220.3	375582.0	362396.5	436155.5	34,34,34,34,34,34	0.000	11200	0	0	0	34	639220.3,368868.0,374525.6,371002.6,400092.4,362974.5
P5.1	ascii	decode-read	core-ffi	no-unknown	no-unknown	6	265.0	257.6	316.0	264.2	257.1	318.6	43643,43643,43643,43643,43643,43643	0.000	336	0	0	0	43643	316.0,266.2,257.6,260.2,265.4,264.7
P5.1	ascii	decode-read	core-ffi	retain	full	6	277.3	268.1	331.5	284.5	267.3	334.7	45068,45068,45068,45068,45068,45068	0.000	336	0	0	0	45068	331.5,277.1,282.1,268.1,272.2,277.5
P5.1	ascii	decode-read	host-gen	no-unknown	no-unknown	6	151.1	146.0	162.9	151.8	146.5	166.7	73200,73200,73200,73200,73200,73200	0.000	336	1	0	0	73200	146.9,150.9,161.2,151.3,146.0,162.9
P5.1	ascii	decode-read	host-gen	retain	full	6	156.4	151.4	166.5	156.2	151.2	195.3	268368,268368,268368,268368,268368,268368	0.000	336	5	0	0	268368	157.2,158.4,151.4,153.1,155.6,166.5
P5.1	ascii	decode-read	incumbent-prod	default	full	6	221.7	215.1	233.6	236.9	213.8	259.1	38898,38898,38898,38898,38898,38898	0.000	368	0	0	0	38898	233.6,220.0,223.3,231.0,218.5,215.1
P5.1	ascii	encode-transport-hot	core-ffi	no-unknown	no-unknown	6	133.0	131.8	137.5	136.4	132.8	155.4	136584,136584,136584,136584,136584,136584	0.000	0	0	0	0	136584	137.5,133.7,132.2,131.8,133.3,132.7
P5.1	ascii	encode-transport-hot	core-ffi	retain	full	6	138.2	135.2	277.5	139.4	134.9	152.0	295251,295251,295251,295251,295251,295251	0.000	0	0	0	0	295251	135.2,135.7,140.7,277.5,154.1,135.2
P5.1	ascii	encode-transport-hot	host-gen	no-unknown	no-unknown	6	114.9	109.9	122.0	114.6	109.4	166.4	47646,47646,47646,47646,47646,47646	0.000	0	0	0	0	47646	122.0,118.7,111.4,109.9,117.1,112.8
P5.1	ascii	encode-transport-hot	host-gen	retain	full	6	104.2	102.3	188.1	107.0	102.4	116.1	384208,384208,384208,384208,384208,384208	0.000	0	0	0	0	384208	104.8,102.3,102.9,103.5,126.7,188.1
P5.1	ascii	encode-transport-hot	incumbent-prod	default	full	6	160.6	158.7	162.1	160.1	158.4	162.8	45204,45204,45204,45204,45204,45204	0.000	0	0	0	0	45204	158.7,161.2,160.3,160.6,160.6,162.1
P5.2	ascii	decode-read	core-ffi	no-unknown	no-unknown	6	11520.2	9877.1	17205.9	10933.9	9081.5	11880.8	3783,3783,3783,3783,3783,3783	0.003	65832	14	2	0	3783	10169.8,9877.1,11904.8,11135.6,14794.8,17205.9
P5.2	ascii	decode-read	core-ffi	retain	full	6	10382.8	9795.2	15325.1	10475.7	9849.3	11353.1	2659,2659,2659,2659,2659,2659	0.000	65832	10	1	0	2659	10576.3,11082.7,9871.7,9795.2,10189.3,15325.1
P5.2	ascii	decode-read	host-gen	no-unknown	no-unknown	6	9386.1	8595.5	10773.0	9767.8	8951.3	10800.3	4176,4176,4176,4176,4176,4176	0.000	65832	15	2	0	4176	10773.0,9491.6,9241.0,9318.3,8595.5,9454.0
P5.2	ascii	decode-read	host-gen	retain	full	6	10861.3	10404.8	21108.7	11109.5	10504.7	13699.4	3424,3424,3424,3424,3424,3424	0.000	65832	13	2	0	3424	11313.2,10898.5,10824.1,10404.8,10515.2,21108.7
P5.2	ascii	decode-read	incumbent-prod	default	full	6	9386.5	8564.1	16077.5	9379.0	8558.2	10635.0	3103,3103,3103,3103,3103,3103	0.000	65864	11	2	0	3103	8564.1,9061.5,8846.6,9711.6,10641.2,16077.5
P5.2	ascii	encode-transport-hot	core-ffi	no-unknown	no-unknown	6	3483.4	3345.2	6562.3	3427.1	3338.3	3639.6	10689,10689,10689,10689,10689,10689	0.000	0	0	0	0	10689	3345.2,3371.9,3377.8,4161.2,6562.3,3589.0
P5.2	ascii	encode-transport-hot	core-ffi	retain	full	6	3326.7	3321.0	3402.6	3322.9	3316.5	3352.2	12069,12069,12069,12069,12069,12069	0.000	0	0	0	0	12069	3321.0,3329.0,3342.4,3322.2,3402.6,3324.5
P5.2	ascii	encode-transport-hot	host-gen	no-unknown	no-unknown	6	3317.3	3292.3	5950.0	3319.4	3292.8	3355.8	12158,12158,12158,12158,12158,12158	0.000	0	0	0	0	12158	3330.3,3301.2,3292.3,3304.3,5950.0,4512.1
P5.2	ascii	encode-transport-hot	host-gen	retain	full	6	3601.6	3569.5	7237.1	3638.0	3579.7	3735.3	11079,11079,11079,11079,11079,11079	0.000	0	0	0	0	11079	3604.0,3569.5,3599.3,3574.7,7237.1,4170.1
P5.2	ascii	encode-transport-hot	incumbent-prod	default	full	6	1978.0	1764.9	3276.2	1788.6	1764.2	1825.9	18932,18932,18932,18932,18932,18932	0.000	0	0	0	0	18932	1773.8,1771.2,1764.9,2230.0,3276.2,2182.2
P5.3	ascii	decode-read	core-ffi	no-unknown	no-unknown	6	828375.6	678331.9	1435969.6	873922.6	805181.6	1532366.7	58,58,58,58,58,58	192.552	1049030	4	4	4	58	1435969.6,1103195.1,745925.6,751787.3,678331.9,904964.0
P5.3	ascii	decode-read	core-ffi	retain	full	6	785523.3	736000.3	827815.6	770365.8	664786.6	820940.6	58,58,58,58,58,58	192.552	1049204	6	6	6	58	736000.3,772889.4,794292.6,776754.0,808041.1,827815.6
P5.3	ascii	decode-read	host-gen	no-unknown	no-unknown	6	747603.8	688520.9	878667.4	808285.8	668667.7	867462.5	80,80,80,80,80,80	179.262	1049093	6	6	6	80	752514.1,714605.0,688520.9,742693.6,878667.4,756112.4
P5.3	ascii	decode-read	host-gen	retain	full	6	732520.2	676417.8	891654.2	751253.8	724656.0	876406.6	64,64,64,64,64,64	178.586	1049424	6	6	6	64	749572.7,676417.8,687252.7,729970.4,735070.0,891654.2
P5.3	ascii	decode-read	incumbent-prod	default	full	6	689968.9	643968.5	1032661.8	692106.9	597864.5	757095.6	54,54,54,54,54,54	180.741	1049067	4	4	4	54	730212.1,673387.1,643968.5,690750.1,689187.6,1032661.8
P5.3	ascii	encode-transport-hot	core-ffi	no-unknown	no-unknown	6	136046.1	130268.5	233947.0	131599.2	130213.1	141179.4	276,276,276,276,276,276	0.000	0	0	0	0	276	130569.5,130875.8,130268.5,141216.4,233947.0,181279.8
P5.3	ascii	encode-transport-hot	core-ffi	retain	full	6	130336.3	123311.4	152738.1	148688.4	123720.8	174504.0	305,305,305,305,305,305	0.000	0	0	0	0	305	123311.4,123771.3,127119.5,144477.1,152738.1,133553.0
P5.3	ascii	encode-transport-hot	host-gen	no-unknown	no-unknown	6	152688.2	148773.5	302581.0	153130.0	150011.0	186054.8	311,311,311,311,311,311	0.000	0	0	0	0	311	148773.5,151774.8,153771.8,153601.6,302581.0,150036.9
P5.3	ascii	encode-transport-hot	host-gen	retain	full	6	127652.9	126626.4	134325.3	127548.0	126261.3	134254.3	302,302,302,302,302,302	0.000	0	0	0	0	302	127447.8,134325.3,131804.5,126626.4,126838.9,127858.0
P5.3	ascii	encode-transport-hot	incumbent-prod	default	full	6	70602.1	65145.6	155783.2	70656.7	65077.6	80458.2	555,555,555,555,555,555	0.000	0	0	0	0	555	65145.6,69502.7,71701.6,69240.5,117252.3,155783.2
P5.4	ascii	decode-read	core-ffi	no-unknown	no-unknown	6	1814573.0	1698146.0	2234127.3	1871255.3	1781719.7	2277901.9	23,23,23,23,23,23	395.130	4194628	2	2	2	23	1810293.5,1718093.7,1698146.0,2234127.3,1861553.9,1818852.5
P5.4	ascii	decode-read	core-ffi	retain	full	6	1047352.6	983342.4	1131009.2	1050746.6	981856.5	1195406.6	18,18,18,18,18,18	55.111	4194600	0	0	0	18	1078161.4,1002154.6,983342.4,1062928.5,1131009.2,1031776.8
P5.4	ascii	decode-read	host-gen	no-unknown	no-unknown	6	1931451.2	1783189.7	2291671.4	2001575.0	1834166.5	2104885.5	26,26,26,26,26,26	349.538	4194625	2	2	2	26	1783189.7,1907540.9,1946363.9,1916538.5,2291671.4,2003519.8
P5.4	ascii	decode-read	host-gen	retain	full	6	2092615.2	2062773.3	3167535.2	2090788.0	2068316.0	2486606.6	23,23,23,23,23,23	395.196	4194628	2	2	2	23	2075875.3,2062773.3,2109355.0,2069141.8,3167535.2,2337832.0
P5.4	ascii	decode-read	incumbent-prod	default	full	6	1751494.0	1683492.6	1826450.2	1792680.6	1721801.0	2099554.2	26,26,26,26,26,26	349.538	4194657	2	2	2	26	1812952.3,1826450.2,1729756.9,1732811.1,1683492.6,1770176.9
P5.4	ascii	encode-transport-hot	core-ffi	no-unknown	no-unknown	6	632088.2	606908.2	862847.0	629404.2	618503.8	744342.2	64,64,64,64,64,64	0.000	0	0	0	0	64	617324.2,644355.5,649386.1,619820.8,862847.0,606908.2
P5.4	ascii	encode-transport-hot	core-ffi	retain	full	6	633229.8	603557.7	667519.0	635277.5	611552.3	750793.4	67,67,67,67,67,67	0.000	0	0	0	0	67	633652.4,603557.7,623770.3,667519.0,639460.0,632807.1
P5.4	ascii	encode-transport-hot	host-gen	no-unknown	no-unknown	6	570018.0	563845.6	586040.7	567287.4	561215.4	580586.0	67,67,67,67,67,67	0.000	0	0	0	0	67	568628.9,580138.7,571407.1,566741.9,563845.6,586040.7
P5.4	ascii	encode-transport-hot	host-gen	retain	full	6	621831.2	592725.6	1016708.4	642090.2	593279.5	673596.6	56,56,56,56,56,56	0.000	0	0	0	0	56	663741.7,622199.6,620256.8,592725.6,621462.7,1016708.4
P5.4	ascii	encode-transport-hot	incumbent-prod	default	full	6	284650.2	281678.4	375162.0	284381.1	281088.3	293624.6	125,125,125,125,125,125	0.000	0	0	0	0	125	293721.9,286376.3,281678.4,282924.0,282305.0,375162.0
P6.1	ascii	decode-read	core-ffi	no-unknown	no-unknown	6	349780.8	342226.3	362725.2	348898.0	341839.0	362242.3	44,44,44,44,44,44	0.000	466696	1	0	0	44	362725.2,349021.3,345250.7,350540.3,342226.3,350726.3
P6.1	ascii	decode-read	core-ffi	retain	full	6	343531.0	334728.6	366202.4	348150.4	336438.0	482867.6	56,56,56,56,56,56	0.000	466696	1	0	0	56	356427.5,366202.4,341591.2,334728.6,345470.8,338578.7
P6.1	ascii	decode-read	host-gen	no-unknown	no-unknown	6	388800.9	380394.4	437051.0	384208.7	380064.0	438069.2	23,23,23,23,23,23	0.000	466696	0	0	0	23	437051.0,380394.4,391626.8,382409.5,403998.2,385975.0
P6.1	ascii	decode-read	host-gen	retain	full	6	335561.2	320895.0	419874.2	337995.1	320146.8	431794.1	25,25,25,25,25,25	0.000	466696	0	0	0	25	419874.2,329069.9,334716.5,343404.1,336406.0,320895.0
P6.1	ascii	decode-read	incumbent-prod	default	full	6	351906.5	342870.9	396382.6	349271.4	340153.1	400116.3	15,15,15,15,15,15	0.000	356240	0	0	0	15	396382.6,358262.6,345471.8,346746.7,357066.3,342870.9
P6.1	ascii	encode-transport-hot	core-ffi	no-unknown	no-unknown	6	129718.0	127561.8	146317.6	129649.1	127490.8	136569.7	247,247,247,247,247,247	0.000	0	0	0	0	247	128922.9,127561.8,132784.9,130513.0,128490.8,146317.6
P6.1	ascii	encode-transport-hot	core-ffi	retain	full	6	145047.5	130245.2	216488.7	135971.7	130189.5	165973.7	305,305,305,305,305,305	0.000	0	0	0	0	305	154729.6,135365.3,133751.8,130245.2,202337.8,216488.7
P6.1	ascii	encode-transport-hot	host-gen	no-unknown	no-unknown	6	138144.7	134204.5	140682.3	141157.4	133388.1	143927.2	44,44,44,44,44,44	0.000	0	0	0	0	44	134204.5,140682.3,138745.6,138745.8,137543.7,134272.0
P6.1	ascii	encode-transport-hot	host-gen	retain	full	6	139893.2	137015.4	140543.0	140366.3	137569.0	145571.2	44,44,44,44,44,44	0.000	0	0	0	0	44	139741.3,140449.3,140543.0,140045.2,137540.4,137015.4
P6.1	ascii	encode-transport-hot	incumbent-prod	default	full	6	476915.1	458708.9	490727.7	508740.0	456647.8	591417.1	11,11,11,11,11,11	0.000	0	0	0	0	11	458708.9,478960.4,487280.2,490727.7,474255.5,474869.9
P7.1	ascii	decode-read	core-ffi	no-unknown	no-unknown	6	662.5	656.5	668.4	661.9	654.7	667.4	24195,24195,24195,24195,24195,24195	0.000	712	0	0	0	24195	662.3,662.8,668.1,656.5,668.4,660.3
P7.1	ascii	decode-read	core-ffi	retain	full	6	656.6	645.2	767.3	662.6	644.6	788.4	23728,23728,23728,23728,23728,23728	0.000	712	0	0	0	23728	767.3,659.3,665.2,647.9,653.8,645.2
P7.1	ascii	decode-read	host-gen	no-unknown	no-unknown	6	406.7	398.0	416.1	415.6	404.4	428.3	20032,20032,20032,20032,20032,20032	0.000	712	0	0	0	20032	415.8,403.0,410.4,398.0,416.1,400.6
P7.1	ascii	decode-read	host-gen	retain	full	6	448.1	421.2	460.1	447.9	420.3	572.2	21456,21456,21456,21456,21456,21456	0.000	712	0	0	0	21456	446.6,449.6,458.5,460.1,441.8,421.2
P7.1	ascii	decode-read	incumbent-prod	default	full	6	660.6	647.4	686.9	679.4	646.0	800.7	60395,60395,60395,60395,60395,60395	0.000	776	2	0	0	60395	651.9,667.1,663.5,657.8,647.4,686.9
U-deep-u-repeated	corpus	decode-read	core-ffi	no-unknown	no-unknown	6	3647.0	3539.5	6755.9	3645.9	3538.7	3696.5	5470,5470,5470,5470,5470,5470	0.000	4096	1	0	0	5470	3649.2,3597.1,3539.5,3659.5,3644.7,6755.9
U-deep-u-repeated	corpus	decode-read	core-ffi	retain	full	6	3852.6	3783.2	3997.7	3868.5	3779.6	4284.4	5634,5634,5634,5634,5634,5634	0.000	4152	1	0	0	5634	3982.1,3783.2,3796.9,3838.4,3997.7,3866.9
U-deep-u-repeated	corpus	decode-read	host-gen	no-unknown	no-unknown	6	2402.2	2315.4	2650.9	2396.6	2310.0	2646.4	3804,3804,3804,3804,3804,3804	0.000	4096	0	0	0	3804	2315.4,2354.3,2359.3,2482.5,2445.2,2650.9
U-deep-u-repeated	corpus	decode-read	host-gen	retain	full	6	2494.4	2366.4	2572.5	2490.1	2359.4	2555.4	3699,3699,3699,3699,3699,3699	0.000	4192	0	0	0	3699	2366.4,2495.7,2504.3,2493.0,2408.7,2572.5
U-deep-u-repeated	corpus	decode-read	incumbent-prod	default	full	6	3182.0	3124.3	3328.2	3175.8	3117.3	3321.1	2592,2592,2592,2592,2592,2592	0.000	5000	0	0	0	2592	3261.5,3328.2,3217.5,3146.6,3141.4,3124.3
U-deep-u-repeated	corpus	encode-transport-hot	core-ffi	no-unknown	no-unknown	6	1265.7	1237.7	1971.1	1248.8	1243.5	1856.7	32012,32012,32012,32012,32012,32012	0.000	0	0	0	0	32012	1238.8,1237.7,1284.8,1246.7,1971.1,1450.9
U-deep-u-repeated	corpus	encode-transport-hot	core-ffi	retain	full	6	1384.8	1340.1	2699.9	1359.1	1339.0	1411.2	15804,15804,15804,15804,15804,15804	0.000	0	0	0	0	15804	1352.1,1340.1,1401.8,1367.7,1773.3,2699.9
U-deep-u-repeated	corpus	encode-transport-hot	host-gen	no-unknown	no-unknown	6	910.4	892.7	999.0	979.8	899.4	1039.6	43058,43058,43058,43058,43058,43058	0.000	128	0	0	0	43058	906.3,914.6,906.0,892.7,999.0,916.5
U-deep-u-repeated	corpus	encode-transport-hot	host-gen	retain	full	6	919.1	915.2	981.1	936.6	906.6	984.9	7713,7713,7713,7713,7713,7713	0.000	128	0	0	0	7713	981.1,915.2,916.8,920.5,917.7,925.2
U-deep-u-repeated	corpus	encode-transport-hot	incumbent-prod	default	full	6	2712.5	2692.9	2767.6	2700.8	2686.4	2897.1	2277,2277,2277,2277,2277,2277	0.000	280	0	0	0	2277	2764.0,2721.9,2703.0,2703.0,2767.6,2692.9
U-nested-before	corpus	decode-read	core-ffi	no-unknown	no-unknown	6	680.2	665.6	693.4	681.8	663.0	693.7	23268,23268,23268,23268,23268,23268	0.000	784	1	0	0	23268	693.4,665.6,680.4,691.4,680.1,665.8
U-nested-before	corpus	decode-read	core-ffi	retain	full	6	961.6	949.0	975.1	961.6	947.0	982.3	17326,17326,17326,17326,17326,17326	0.000	904	0	0	0	17326	975.1,952.9,949.0,960.4,965.9,962.8
U-nested-before	corpus	decode-read	host-gen	no-unknown	no-unknown	6	482.1	465.8	491.4	487.9	468.9	494.7	85213,85213,85213,85213,85213,85213	0.000	784	3	0	0	85213	484.4,465.8,482.8,481.4,491.4,472.8
U-nested-before	corpus	decode-read	host-gen	retain	full	6	674.0	648.0	751.9	682.5	646.7	946.5	13789,13789,13789,13789,13789,13789	0.000	1384	1	0	0	13789	751.9,678.0,670.1,648.0,668.4,694.8
U-nested-before	corpus	decode-read	incumbent-prod	default	full	6	1365.0	1338.7	1453.3	1361.8	1331.6	1444.5	6747,6747,6747,6747,6747,6747	0.000	2688	1	0	0	6747	1404.1,1453.3,1338.7,1339.5,1341.4,1388.6
U-nested-before	corpus	encode-transport-hot	core-ffi	no-unknown	no-unknown	6	281.8	279.0	471.9	304.1	281.7	330.7	145123,145123,145123,145123,145123,145123	0.000	0	0	0	0	145123	279.0,283.1,280.5,280.1,471.9,376.8
U-nested-before	corpus	encode-transport-hot	core-ffi	retain	full	6	319.1	310.6	581.1	320.6	311.5	322.3	128483,128483,128483,128483,128483,128483	0.000	0	0	0	0	128483	310.6,316.5,317.9,320.3,404.0,581.1
U-nested-before	corpus	encode-transport-hot	host-gen	no-unknown	no-unknown	6	220.6	219.1	221.1	224.0	221.4	225.5	142957,142957,142957,142957,142957,142957	0.000	0	0	0	0	142957	220.6,220.5,219.6,219.1,221.1,221.0
U-nested-before	corpus	encode-transport-hot	host-gen	retain	full	6	225.8	220.6	256.7	226.6	220.6	260.1	151806,151806,151806,151806,151806,151806	0.000	0	0	0	0	151806	256.7,222.0,220.6,225.7,226.0,240.0
U-nested-before	corpus	encode-transport-hot	incumbent-prod	default	full	6	775.8	759.7	856.1	787.5	757.4	970.6	7182,7182,7182,7182,7182,7182	0.000	168	0	0	0	7182	856.1,772.3,759.7,779.3,813.2,761.1
U-oneof-u-repeated	corpus	decode-read	core-ffi	no-unknown	no-unknown	6	335.8	326.5	397.2	338.3	325.9	476.3	36111,36111,36111,36111,36111,36111	0.000	352	0	0	0	36111	345.5,330.5,397.2,330.1,326.5,341.2
U-oneof-u-repeated	corpus	decode-read	core-ffi	retain	full	6	510.1	499.2	531.1	509.2	498.7	528.1	26921,26921,26921,26921,26921,26921	0.000	400	0	0	0	26921	505.4,517.7,531.1,514.8,504.9,499.2
U-oneof-u-repeated	corpus	decode-read	host-gen	no-unknown	no-unknown	6	198.1	194.3	208.9	197.7	193.8	348.8	43860,43860,43860,43860,43860,43860	0.000	352	0	0	0	43860	208.9,194.3,198.2,198.1,196.6,204.2
U-oneof-u-repeated	corpus	decode-read	host-gen	retain	full	6	239.8	234.0	266.1	239.5	233.6	265.8	40116,40116,40116,40116,40116,40116	0.000	440	1	0	0	40116	260.2,234.0,266.1,238.8,240.8,235.9
U-oneof-u-repeated	corpus	decode-read	incumbent-prod	default	full	6	492.0	464.0	509.6	501.4	462.5	749.9	25349,25349,25349,25349,25349,25349	0.000	904	1	0	0	25349	489.9,480.9,507.4,494.0,509.6,464.0
U-oneof-u-repeated	corpus	encode-transport-hot	core-ffi	no-unknown	no-unknown	6	164.6	161.6	315.5	168.0	161.4	185.1	237156,237156,237156,237156,237156,237156	0.000	0	0	0	0	237156	161.6,163.1,233.5,315.5,164.1,165.2
U-oneof-u-repeated	corpus	encode-transport-hot	core-ffi	retain	full	6	173.1	172.6	180.7	173.1	172.6	180.6	222728,222728,222728,222728,222728,222728	0.000	0	0	0	0	222728	175.9,173.4,172.8,172.7,172.6,180.7
U-oneof-u-repeated	corpus	encode-transport-hot	host-gen	no-unknown	no-unknown	6	104.8	99.1	306.9	101.2	98.8	164.0	388839,388839,388839,388839,388839,388839	0.000	0	0	0	0	388839	101.6,101.0,108.0,306.9,117.2,99.1
U-oneof-u-repeated	corpus	encode-transport-hot	host-gen	retain	full	6	103.8	102.4	183.5	103.4	102.5	110.5	393142,393142,393142,393142,393142,393142	0.000	0	0	0	0	393142	102.4,102.5,102.7,104.9,124.3,183.5
U-oneof-u-repeated	corpus	encode-transport-hot	incumbent-prod	default	full	6	348.1	339.8	424.3	352.4	339.0	423.3	17993,17993,17993,17993,17993,17993	0.000	168	0	0	0	17993	424.3,357.4,346.8,345.5,349.3,339.8
U-wire-DualResponse-left-as-wt5	corpus	decode-read	core-ffi	no-unknown	no-unknown	6	518.1	506.8	567.4	523.1	506.2	587.4	28212,28212,28212,28212,28212,28212	0.000	536	0	0	0	28212	567.4,515.7,520.4,527.5,506.8,512.1
U-wire-DualResponse-left-as-wt5	corpus	decode-read	core-ffi	retain	full	6	721.4	702.0	748.6	723.5	701.4	755.5	22307,22307,22307,22307,22307,22307	0.000	568	0	0	0	22307	748.6,702.0,714.2,720.1,722.7,735.7
U-wire-DualResponse-left-as-wt5	corpus	decode-read	host-gen	no-unknown	no-unknown	6	322.3	318.5	348.6	321.9	317.8	346.1	27040,27040,27040,27040,27040,27040	0.000	536	0	0	0	27040	348.6,322.1,340.3,321.7,318.5,322.4
U-wire-DualResponse-left-as-wt5	corpus	decode-read	host-gen	retain	full	6	334.2	327.9	341.7	334.1	327.2	342.2	117975,117975,117975,117975,117975,117975	0.000	568	3	0	0	117975	333.1,339.6,327.9,331.6,341.7,335.4
U-wire-DualResponse-left-as-wt5	corpus	decode-read	incumbent-prod	default	full	6	613.5	605.6	647.0	610.9	601.6	640.6	14040,14040,14040,14040,14040,14040	0.000	984	0	0	0	14040	610.1,611.0,605.6,647.0,616.0,622.0
U-wire-DualResponse-left-as-wt5	corpus	encode-transport-hot	core-ffi	no-unknown	no-unknown	6	256.0	251.0	257.2	267.3	251.4	279.3	154976,154976,154976,154976,154976,154976	0.000	0	0	0	0	154976	251.0,255.5,256.6,251.2,257.0,257.2
U-wire-DualResponse-left-as-wt5	corpus	encode-transport-hot	core-ffi	retain	full	6	267.4	262.8	547.1	279.1	261.8	309.0	73512,73512,73512,73512,73512,73512	0.000	0	0	0	0	73512	262.8,277.2,263.8,266.9,267.9,547.1
U-wire-DualResponse-left-as-wt5	corpus	encode-transport-hot	host-gen	no-unknown	no-unknown	6	145.2	143.3	154.5	149.6	143.7	175.1	278920,278920,278920,278920,278920,278920	0.000	0	0	0	0	278920	145.6,145.9,154.5,144.8,143.9,143.3
U-wire-DualResponse-left-as-wt5	corpus	encode-transport-hot	host-gen	retain	full	6	149.3	147.5	159.5	153.3	149.4	194.1	257383,257383,257383,257383,257383,257383	0.000	0	0	0	0	257383	149.7,149.0,148.2,147.5,159.5,150.0
U-wire-DualResponse-left-as-wt5	corpus	encode-transport-hot	incumbent-prod	default	full	6	369.7	368.8	429.8	369.4	367.7	424.2	20248,20248,20248,20248,20248,20248	0.000	112	0	0	0	20248	429.8,369.4,368.8,369.9,369.5,371.3
U-wire-ListMetricsResponse-batches-as-wt0	corpus	decode-read	core-ffi	no-unknown	no-unknown	6	3650.6	3537.7	3774.2	3660.2	3532.7	3762.0	3761,3761,3761,3761,3761,3761	0.000	4744	1	0	0	3761	3774.2,3734.7,3687.6,3613.6,3605.8,3537.7
U-wire-ListMetricsResponse-batches-as-wt0	corpus	decode-read	core-ffi	retain	full	6	4043.2	3951.2	7561.0	4656.6	3998.5	5400.4	3400,3400,3400,3400,3400,3400	0.000	4776	0	0	0	3400	4109.5,3977.0,3951.2,4111.0,3976.0,7561.0
U-wire-ListMetricsResponse-batches-as-wt0	corpus	decode-read	host-gen	no-unknown	no-unknown	6	3691.3	3527.7	3991.7	3734.0	3525.9	4018.1	10185,10185,10185,10185,10185,10185	0.000	4744	2	0	0	10185	3527.7,3669.2,3700.5,3771.8,3682.0,3991.7
U-wire-ListMetricsResponse-batches-as-wt0	corpus	decode-read	host-gen	retain	full	6	3380.5	3266.9	3515.0	3447.1	3288.9	5358.9	1998,1998,1998,1998,1998,1998	0.000	4776	0	0	0	1998	3494.1,3388.0,3373.0,3266.9,3298.2,3515.0
U-wire-ListMetricsResponse-batches-as-wt0	corpus	decode-read	incumbent-prod	default	full	6	3868.1	3756.3	3907.0	3879.7	3745.1	3908.5	1311,1311,1311,1311,1311,1311	0.000	4072	0	0	0	1311	3860.0,3876.1,3783.7,3906.0,3756.3,3907.0
U-wire-ListMetricsResponse-batches-as-wt0	corpus	encode-transport-hot	core-ffi	no-unknown	no-unknown	6	1509.8	1502.5	1534.2	1532.1	1512.7	1599.4	26708,26708,26708,26708,26708,26708	0.000	0	0	0	0	26708	1507.7,1507.1,1502.5,1534.2,1511.9,1513.3
U-wire-ListMetricsResponse-batches-as-wt0	corpus	encode-transport-hot	core-ffi	retain	full	6	1475.1	1454.0	1481.8	1480.6	1468.0	1647.9	26154,26154,26154,26154,26154,26154	0.000	0	0	0	0	26154	1474.6,1478.1,1475.6,1481.8,1465.0,1454.0
U-wire-ListMetricsResponse-batches-as-wt0	corpus	encode-transport-hot	host-gen	no-unknown	no-unknown	6	1314.7	1298.9	1327.3	1338.2	1300.9	1462.8	30637,30637,30637,30637,30637,30637	0.000	0	0	0	0	30637	1309.3,1298.9,1320.0,1301.9,1320.9,1327.3
U-wire-ListMetricsResponse-batches-as-wt0	corpus	encode-transport-hot	host-gen	retain	full	6	1354.7	1316.2	1553.5	1392.9	1323.7	1597.7	28287,28287,28287,28287,28287,28287	0.000	0	0	0	0	28287	1316.2,1329.3,1361.3,1348.1,1553.5,1444.4
U-wire-ListMetricsResponse-batches-as-wt0	corpus	encode-transport-hot	incumbent-prod	default	full	6	4258.0	4204.5	4330.5	4232.8	4163.2	4285.8	962,962,962,962,962,962	0.000	112	0	0	0	962	4206.0,4235.8,4204.5,4280.1,4310.3,4330.5
U-wire-ListTaskSummaryResponse-tasks-as-wt5	corpus	decode-read	core-ffi	no-unknown	no-unknown	6	3346.9	3312.4	3465.4	3339.3	3307.1	3485.9	6136,6136,6136,6136,6136,6136	0.000	3688	1	0	0	6136	3317.7,3328.6,3465.4,3365.1,3367.9,3312.4
U-wire-ListTaskSummaryResponse-tasks-as-wt5	corpus	decode-read	core-ffi	retain	full	6	3672.2	3610.8	3703.2	3776.0	3668.2	3871.3	5295,5295,5295,5295,5295,5295	0.000	3720	1	0	0	5295	3699.0,3656.8,3703.2,3687.7,3644.7,3610.8
U-wire-ListTaskSummaryResponse-tasks-as-wt5	corpus	decode-read	host-gen	no-unknown	no-unknown	6	2581.9	2512.5	2620.1	2578.6	2507.1	2603.4	3823,3823,3823,3823,3823,3823	0.000	3688	0	0	0	3823	2512.5,2523.5,2588.6,2583.4,2620.1,2580.5
U-wire-ListTaskSummaryResponse-tasks-as-wt5	corpus	decode-read	host-gen	retain	full	6	2563.2	2447.5	2758.1	2556.4	2440.9	2743.8	3775,3775,3775,3775,3775,3775	0.000	3720	0	0	0	3775	2502.1,2454.2,2624.4,2447.5,2758.1,2649.5
U-wire-ListTaskSummaryResponse-tasks-as-wt5	corpus	decode-read	incumbent-prod	default	full	6	3140.7	3116.2	3967.4	3142.3	3110.4	3961.2	2942,2942,2942,2942,2942,2942	0.000	4504	0	0	0	2942	3967.4,3116.2,3226.5,3127.3,3153.5,3127.9
U-wire-ListTaskSummaryResponse-tasks-as-wt5	corpus	encode-transport-hot	core-ffi	no-unknown	no-unknown	6	1116.6	1115.5	2065.5	1115.3	1114.9	1121.5	35084,35084,35084,35084,35084,35084	0.000	0	0	0	0	35084	1117.4,1115.8,1115.5,1581.8,2065.5,1115.5
U-wire-ListTaskSummaryResponse-tasks-as-wt5	corpus	encode-transport-hot	core-ffi	retain	full	6	1207.4	1187.4	2305.9	1209.0	1185.6	1225.4	32996,32996,32996,32996,32996,32996	0.000	0	0	0	0	32996	1203.6,1205.6,1187.4,1209.2,1302.9,2305.9
U-wire-ListTaskSummaryResponse-tasks-as-wt5	corpus	encode-transport-hot	host-gen	no-unknown	no-unknown	6	920.8	909.3	1011.4	921.9	907.4	1104.7	39729,39729,39729,39729,39729,39729	0.000	256	0	0	0	39729	1011.4,934.5,909.3,910.3,930.1,911.4
U-wire-ListTaskSummaryResponse-tasks-as-wt5	corpus	encode-transport-hot	host-gen	retain	full	6	931.7	923.6	948.6	948.1	923.4	1059.6	40188,40188,40188,40188,40188,40188	0.000	256	0	0	0	40188	924.6,930.6,932.7,938.2,948.6,923.6
U-wire-ListTaskSummaryResponse-tasks-as-wt5	corpus	encode-transport-hot	incumbent-prod	default	full	6	3105.6	3065.2	3438.6	3114.3	3059.0	3763.1	2188,2188,2188,2188,2188,2188	0.000	224	0	0	0	2188	3438.6,3094.2,3130.3,3114.0,3097.2,3065.2
U-wire-UploadResultDataMessage-upload-as-wt5	corpus	decode-read	core-ffi	no-unknown	no-unknown	6	267.1	261.6	311.7	269.3	261.0	311.2	45956,45956,45956,45956,45956,45956	0.000	312	0	0	0	45956	311.7,269.7,264.5,261.6,261.6,270.1
U-wire-UploadResultDataMessage-upload-as-wt5	corpus	decode-read	core-ffi	retain	full	6	428.4	423.1	445.7	442.8	429.0	457.7	31212,31212,31212,31212,31212,31212	0.000	344	0	0	0	31212	445.7,423.1,423.2,439.8,429.1,427.7
U-wire-UploadResultDataMessage-upload-as-wt5	corpus	decode-read	host-gen	no-unknown	no-unknown	6	143.8	141.5	150.9	143.5	140.8	150.6	67520,67520,67520,67520,67520,67520	0.000	312	1	0	0	67520	150.9,144.4,142.5,141.5,146.6,143.2
U-wire-UploadResultDataMessage-upload-as-wt5	corpus	decode-read	host-gen	retain	full	6	183.2	173.5	459.3	183.8	172.2	635.6	65424,65424,65424,65424,65424,65424	0.000	344	1	0	0	65424	174.9,195.4,459.3,175.5,190.9,173.5
U-wire-UploadResultDataMessage-upload-as-wt5	corpus	decode-read	incumbent-prod	default	full	6	349.3	339.4	363.1	360.5	338.7	380.1	28705,28705,28705,28705,28705,28705	0.000	728	1	0	0	28705	359.4,339.4,349.7,348.9,347.4,363.1
U-wire-UploadResultDataMessage-upload-as-wt5	corpus	encode-transport-hot	core-ffi	no-unknown	no-unknown	6	138.9	138.5	259.7	138.7	138.5	139.9	288320,288320,288320,288320,288320,288320	0.000	0	0	0	0	288320	138.5,138.6,139.0,138.8,153.3,259.7
U-wire-UploadResultDataMessage-upload-as-wt5	corpus	encode-transport-hot	core-ffi	retain	full	6	145.0	144.0	238.4	149.1	146.7	154.8	279894,279894,279894,279894,279894,279894	0.000	0	0	0	0	279894	144.0,145.2,144.7,144.5,195.1,238.4
U-wire-UploadResultDataMessage-upload-as-wt5	corpus	encode-transport-hot	host-gen	no-unknown	no-unknown	6	111.4	108.2	115.1	124.6	110.6	161.3	52400,52400,52400,52400,52400,52400	0.000	0	0	0	0	52400	114.9,110.9,115.1,111.9,108.2,109.9
U-wire-UploadResultDataMessage-upload-as-wt5	corpus	encode-transport-hot	host-gen	retain	full	6	110.3	109.5	114.8	111.6	108.8	114.5	53872,53872,53872,53872,53872,53872	0.000	0	0	0	0	53872	114.8,110.4,109.5,110.1,110.5,109.6
U-wire-UploadResultDataMessage-upload-as-wt5	corpus	encode-transport-hot	incumbent-prod	default	full	6	257.5	254.5	264.9	263.2	253.9	345.8	26246,26246,26246,26246,26246,26246	0.000	112	0	0	0	26246	256.8,256.3,262.5,264.9,254.5,258.2
