payload	content	dir	mode	path	round	cpu_ns_per_op	ops	resets_per_call
P1.1	ascii	encode-core-hot	drop	E	1	1601.72	678	0
P1.1	ascii	encode-core-hot	drop	R	1	1446.01	708	0
P1.1	ascii	encode-core-hot	drop	E2	1	1616.87	511	0
P1.1	ascii	encode-core-hot	retain	E	1	1582.30	601	0
P1.1	ascii	encode-core-hot	retain	R	1	1626.23	642	0
P1.1	ascii	encode-core-hot	retain	E2	1	1741.11	584	0
P1.1	ascii	decode-read	drop	E	1	3640.08	286	1
P1.1	ascii	decode-read	drop	R	1	3585.92	253	0
P1.1	ascii	decode-read	drop	E2	1	3813.13	102	1
P1.1	ascii	decode-read	retain	E	1	4057.54	258	1
P1.1	ascii	decode-read	retain	R	1	3549.68	302	0
P1.1	ascii	decode-read	retain	E2	1	3599.33	261	1
P1.2	ascii	encode-core-hot	drop	E	1	294516.00	2	0
P1.2	ascii	encode-core-hot	drop	R	1	1801662.00	3	0
P1.2	ascii	encode-core-hot	drop	E2	1	370097.00	1	0
P1.2	ascii	encode-core-hot	retain	E	1	369671.00	2	0
P1.2	ascii	encode-core-hot	retain	R	1	391033.00	2	0
P1.2	ascii	encode-core-hot	retain	E2	1	366999.00	2	0
P1.2	ascii	decode-read	drop	E	1	426631.50	2	1
P1.2	ascii	decode-read	drop	R	1	460010.00	1	0
P1.2	ascii	decode-read	drop	E2	1	444741.00	1	1
P1.2	ascii	decode-read	retain	E	1	437185.50	2	1
P1.2	ascii	decode-read	retain	R	1	473251.50	2	0
P1.2	ascii	decode-read	retain	E2	1	450625.00	2	1
P1.3	ascii	encode-core-hot	drop	E	1	24279.00	40	0
P1.3	ascii	encode-core-hot	drop	R	1	24356.28	39	0
P1.3	ascii	encode-core-hot	drop	E2	1	23499.38	39	0
P1.3	ascii	encode-core-hot	retain	E	1	28391.43	37	0
P1.3	ascii	encode-core-hot	retain	R	1	27798.50	40	0
P1.3	ascii	encode-core-hot	retain	E2	1	27813.78	40	0
P1.3	ascii	decode-read	drop	E	1	55965.82	11	1
P1.3	ascii	decode-read	drop	R	1	58462.11	18	0
P1.3	ascii	decode-read	drop	E2	1	55516.06	18	1
P1.3	ascii	decode-read	retain	E	1	54955.67	18	1
P1.3	ascii	decode-read	retain	R	1	55229.50	18	0
P1.3	ascii	decode-read	retain	E2	1	54954.28	18	1
P2.1	ascii	encode-core-hot	drop	E	1	2428.90	110	0
P2.1	ascii	encode-core-hot	drop	R	1	2812.13	387	0
P2.1	ascii	encode-core-hot	drop	E2	1	2478.05	239	0
P2.1	ascii	encode-core-hot	retain	E	1	2692.68	356	0
P2.1	ascii	encode-core-hot	retain	R	1	3244.02	87	0
P2.1	ascii	encode-core-hot	retain	E2	1	2630.41	357	0
P2.1	ascii	decode-read	drop	E	1	7231.01	124	1
P2.1	ascii	decode-read	drop	R	1	7439.19	153	0
P2.1	ascii	decode-read	drop	E2	1	7382.02	151	1
P2.1	ascii	decode-read	retain	E	1	8249.64	119	1
P2.1	ascii	decode-read	retain	R	1	7442.70	151	0
P2.1	ascii	decode-read	retain	E2	1	8537.00	118	1
P2.2	ascii	encode-core-hot	drop	E	1	1531676.00	1	0
P2.2	ascii	encode-core-hot	drop	R	1	1502487.00	1	0
P2.2	ascii	encode-core-hot	drop	E2	1	1664404.00	1	0
P2.2	ascii	encode-core-hot	retain	E	1	2408674.00	1	0
P2.2	ascii	encode-core-hot	retain	R	1	2256240.00	1	0
P2.2	ascii	encode-core-hot	retain	E2	1	2202549.00	1	0
P2.2	ascii	decode-read	drop	E	1	2593221.00	1	1
P2.2	ascii	decode-read	drop	R	1	2491944.00	1	0
P2.2	ascii	decode-read	drop	E2	1	2569528.00	1	1
P2.2	ascii	decode-read	retain	E	1	4549763.00	1	1
P2.2	ascii	decode-read	retain	R	1	4213144.00	1	0
P2.2	ascii	decode-read	retain	E2	1	4266829.00	1	1
P2.2	latin1	encode-core-hot	drop	E	1	2814451.00	1	0
P2.2	latin1	encode-core-hot	drop	R	1	2767622.00	1	0
P2.2	latin1	encode-core-hot	drop	E2	1	2787053.00	1	0
P2.2	latin1	encode-core-hot	retain	E	1	5483352.00	1	0
P2.2	latin1	encode-core-hot	retain	R	1	6406228.00	1	0
P2.2	latin1	encode-core-hot	retain	E2	1	2496975.00	1	0
P2.2	latin1	decode-read	drop	E	1	11631820.00	1	1
P2.2	latin1	decode-read	drop	R	1	10693389.00	1	0
P2.2	latin1	decode-read	drop	E2	1	12662503.00	1	1
P2.2	latin1	decode-read	retain	E	1	5411728.00	1	1
P2.2	latin1	decode-read	retain	R	1	6198248.00	1	0
P2.2	latin1	decode-read	retain	E2	1	6105432.00	1	1
P2.2	wide	encode-core-hot	drop	E	1	9172858.00	1	0
P2.2	wide	encode-core-hot	drop	R	1	1574599.00	1	0
P2.2	wide	encode-core-hot	drop	E2	1	4593402.00	1	0
P2.2	wide	encode-core-hot	retain	E	1	2008092.00	1	0
P2.2	wide	encode-core-hot	retain	R	1	3046508.00	1	0
P2.2	wide	encode-core-hot	retain	E2	1	2431447.00	1	0
P2.2	wide	decode-read	drop	E	1	3578869.00	1	1
P2.2	wide	decode-read	drop	R	1	3703164.00	1	0
P2.2	wide	decode-read	drop	E2	1	3637139.00	1	1
P2.2	wide	decode-read	retain	E	1	2834549.00	1	1
P2.2	wide	decode-read	retain	R	1	2915160.00	1	0
P2.2	wide	decode-read	retain	E2	1	2938703.00	1	1
P2.3	ascii	encode-core-hot	drop	E	1	808410.00	1	0
P2.3	ascii	encode-core-hot	drop	R	1	840327.00	1	0
P2.3	ascii	encode-core-hot	drop	E2	1	792617.00	1	0
P2.3	ascii	encode-core-hot	retain	E	1	831125.00	1	0
P2.3	ascii	encode-core-hot	retain	R	1	835814.00	1	0
P2.3	ascii	encode-core-hot	retain	E2	1	897278.00	1	0
P2.3	ascii	decode-read	drop	E	1	76239388.00	1	1
P2.3	ascii	decode-read	drop	R	1	1273054.00	1	0
P2.3	ascii	decode-read	drop	E2	1	1166069.00	1	1
P2.3	ascii	decode-read	retain	E	1	1112131.00	1	1
P2.3	ascii	decode-read	retain	R	1	4813055.00	1	0
P2.3	ascii	decode-read	retain	E2	1	1128950.00	1	1
P2.4	ascii	encode-core-hot	drop	E	1	1274892.00	1	0
P2.4	ascii	encode-core-hot	drop	R	1	1270322.00	1	0
P2.4	ascii	encode-core-hot	drop	E2	1	1265487.00	1	0
P2.4	ascii	encode-core-hot	retain	E	1	1447204.00	1	0
P2.4	ascii	encode-core-hot	retain	R	1	1435542.00	1	0
P2.4	ascii	encode-core-hot	retain	E2	1	1387197.00	1	0
P2.4	ascii	decode-read	drop	E	1	2481793.00	1	1
P2.4	ascii	decode-read	drop	R	1	1646652.00	1	0
P2.4	ascii	decode-read	drop	E2	1	42720992.00	1	1
P2.4	ascii	decode-read	retain	E	1	5410202.00	1	1
P2.4	ascii	decode-read	retain	R	1	1301431.00	1	0
P2.4	ascii	decode-read	retain	E2	1	1306572.00	1	1
P2.5	ascii	encode-core-hot	drop	E	1	23143.68	37	0
P2.5	ascii	encode-core-hot	drop	R	1	29537.18	33	0
P2.5	ascii	encode-core-hot	drop	E2	1	28508.61	44	0
P2.5	ascii	encode-core-hot	retain	E	1	27854.03	33	0
P2.5	ascii	encode-core-hot	retain	R	1	33652.39	31	0
P2.5	ascii	encode-core-hot	retain	E2	1	26592.79	24	0
P2.5	ascii	decode-read	drop	E	1	55699.53	19	1
P2.5	ascii	decode-read	drop	R	1	54247.44	18	0
P2.5	ascii	decode-read	drop	E2	1	52406.37	19	1
P2.5	ascii	decode-read	retain	E	1	59249.69	13	1
P2.5	ascii	decode-read	retain	R	1	61030.67	9	0
P2.5	ascii	decode-read	retain	E2	1	56568.75	12	1
P3.1	ascii	encode-core-hot	drop	E	1	17755.47	49	0
P3.1	ascii	encode-core-hot	drop	R	1	22654.63	46	0
P3.1	ascii	encode-core-hot	drop	E2	1	18061.78	51	0
P3.1	ascii	encode-core-hot	retain	E	1	17002.26	50	0
P3.1	ascii	encode-core-hot	retain	R	1	17521.44	59	0
P3.1	ascii	encode-core-hot	retain	E2	1	17834.35	60	0
P3.1	ascii	decode-read	drop	E	1	41638.35	23	1
P3.1	ascii	decode-read	drop	R	1	47862.00	21	0
P3.1	ascii	decode-read	drop	E2	1	43551.58	24	1
P3.1	ascii	decode-read	retain	E	1	39235.42	26	1
P3.1	ascii	decode-read	retain	R	1	43014.84	25	0
P3.1	ascii	decode-read	retain	E2	1	43327.67	24	1
P4.1	ascii	encode-core-hot	drop	E	1	157446.80	5	0
P4.1	ascii	encode-core-hot	drop	R	1	167006.00	1	0
P4.1	ascii	encode-core-hot	drop	E2	1	169489.80	5	0
P4.1	ascii	encode-core-hot	retain	E	1	163139.83	6	0
P4.1	ascii	encode-core-hot	retain	R	1	166803.00	6	0
P4.1	ascii	encode-core-hot	retain	E2	1	171130.60	5	0
P4.1	ascii	decode-read	drop	E	1	325324.00	2	1
P4.1	ascii	decode-read	drop	R	1	344248.67	3	0
P4.1	ascii	decode-read	drop	E2	1	358980.00	3	1
P4.1	ascii	decode-read	retain	E	1	493709.00	2	1
P4.1	ascii	decode-read	retain	R	1	513067.00	1	0
P4.1	ascii	decode-read	retain	E2	1	490582.50	2	1
P5.1	ascii	encode-core-hot	drop	E	1	1051.37	9267	0
P5.1	ascii	encode-core-hot	drop	R	1	162.02	6376	0
P5.1	ascii	encode-core-hot	drop	E2	1	104.79	9116	0
P5.1	ascii	encode-core-hot	retain	E	1	129.67	6970	0
P5.1	ascii	encode-core-hot	retain	R	1	156.06	6518	0
P5.1	ascii	encode-core-hot	retain	E2	1	119.02	7388	0
P5.1	ascii	decode-read	drop	E	1	482.00	2100	1
P5.1	ascii	decode-read	drop	R	1	438.25	2386	0
P5.1	ascii	decode-read	drop	E2	1	476.06	1992	1
P5.1	ascii	decode-read	retain	E	1	489.56	2016	1
P5.1	ascii	decode-read	retain	R	1	527.00	1674	0
P5.1	ascii	decode-read	retain	E2	1	511.77	2156	1
P5.2	ascii	encode-core-hot	drop	E	1	1880.56	515	0
P5.2	ascii	encode-core-hot	drop	R	1	1983.80	467	0
P5.2	ascii	encode-core-hot	drop	E2	1	1952.78	460	0
P5.2	ascii	encode-core-hot	retain	E	1	1978.25	510	0
P5.2	ascii	encode-core-hot	retain	R	1	1941.39	489	0
P5.2	ascii	encode-core-hot	retain	E2	1	2036.11	251	0
P5.2	ascii	decode-read	drop	E	1	9350.22	94	1
P5.2	ascii	decode-read	drop	R	1	13485.13	101	0
P5.2	ascii	decode-read	drop	E2	1	11784.22	112	1
P5.2	ascii	decode-read	retain	E	1	9321.25	73	1
P5.2	ascii	decode-read	retain	R	1	13452.06	70	0
P5.2	ascii	decode-read	retain	E2	1	10238.43	96	1
P5.3	ascii	encode-core-hot	drop	E	1	51068.18	17	0
P5.3	ascii	encode-core-hot	drop	R	1	56540.19	21	0
P5.3	ascii	encode-core-hot	drop	E2	1	54841.90	21	0
P5.3	ascii	encode-core-hot	retain	E	1	53629.74	19	0
P5.3	ascii	encode-core-hot	retain	R	1	60316.94	16	0
P5.3	ascii	encode-core-hot	retain	E2	1	226848.84	19	0
P5.3	ascii	decode-read	drop	E	1	1328949.00	2	1
P5.3	ascii	decode-read	drop	R	1	466694.17	6	0
P5.3	ascii	decode-read	drop	E2	1	616672.17	6	1
P5.3	ascii	decode-read	retain	E	1	502225.00	1	1
P5.3	ascii	decode-read	retain	R	1	519969.00	1	0
P5.3	ascii	decode-read	retain	E2	1	497640.00	1	1
P5.4	ascii	encode-core-hot	drop	E	1	325210.67	3	0
P5.4	ascii	encode-core-hot	drop	R	1	354806.00	3	0
P5.4	ascii	encode-core-hot	drop	E2	1	609893.50	2	0
P5.4	ascii	encode-core-hot	retain	E	1	325489.00	2	0
P5.4	ascii	encode-core-hot	retain	R	1	1519524.33	3	0
P5.4	ascii	encode-core-hot	retain	E2	1	741090.00	3	0
P5.4	ascii	decode-read	drop	E	1	2164714.00	1	1
P5.4	ascii	decode-read	drop	R	1	2531322.00	1	0
P5.4	ascii	decode-read	drop	E2	1	2079010.00	1	1
P5.4	ascii	decode-read	retain	E	1	516819.00	1	1
P5.4	ascii	decode-read	retain	R	1	1997983.00	1	0
P5.4	ascii	decode-read	retain	E2	1	2372128.00	2	1
P6.1	ascii	encode-core-hot	drop	E	1	146250.17	6	0
P6.1	ascii	encode-core-hot	drop	R	1	206611.67	6	0
P6.1	ascii	encode-core-hot	drop	E2	1	167797.67	6	0
P6.1	ascii	encode-core-hot	retain	E	1	147584.50	6	0
P6.1	ascii	encode-core-hot	retain	R	1	162959.83	6	0
P6.1	ascii	encode-core-hot	retain	E2	1	151137.86	7	0
P6.1	ascii	decode-read	drop	E	1	798352.00	1	1
P6.1	ascii	decode-read	drop	R	1	792636.00	1	0
P6.1	ascii	decode-read	drop	E2	1	6875330.00	1	1
P6.1	ascii	decode-read	retain	E	1	732039.00	1	1
P6.1	ascii	decode-read	retain	R	1	710215.00	1	0
P6.1	ascii	decode-read	retain	E2	1	732783.00	1	1
P7.1	ascii	decode-read	drop	E	1	1166.94	796	1
P7.1	ascii	decode-read	drop	R	1	1143.76	897	0
P7.1	ascii	decode-read	drop	E2	1	1166.35	827	1
P7.1	ascii	decode-read	retain	E	1	1249.56	888	1
P7.1	ascii	decode-read	retain	R	1	1192.99	865	0
P7.1	ascii	decode-read	retain	E2	1	1192.87	899	1
U-nested-before	corpus	decode-read	drop	E	1	769.55	1489	1
U-nested-before	corpus	decode-read	drop	R	1	663.55	1432	0
U-nested-before	corpus	decode-read	drop	E2	1	746.76	1286	1
U-nested-before	corpus	decode-read	retain	E	1	859.45	1178	1
U-nested-before	corpus	decode-read	retain	R	1	900.19	1034	0
U-nested-before	corpus	decode-read	retain	E2	1	935.00	1141	1
U-nested-before	corpus	encode-core-hot	drop	E	1	319.65	3177	0
U-nested-before	corpus	encode-core-hot	drop	R	1	322.01	3309	0
U-nested-before	corpus	encode-core-hot	drop	E2	1	314.62	3014	0
U-nested-before	corpus	encode-core-hot	retain	E	1	702.66	1515	0
U-nested-before	corpus	encode-core-hot	retain	R	1	744.88	1347	0
U-nested-before	corpus	encode-core-hot	retain	E2	1	702.18	1253	0
U-deep-u-repeated	corpus	decode-read	drop	E	1	2665.64	328	1
U-deep-u-repeated	corpus	decode-read	drop	R	1	2612.71	387	0
U-deep-u-repeated	corpus	decode-read	drop	E2	1	2741.83	385	1
U-deep-u-repeated	corpus	decode-read	retain	E	1	2892.82	379	1
U-deep-u-repeated	corpus	decode-read	retain	R	1	2715.86	350	0
U-deep-u-repeated	corpus	decode-read	retain	E2	1	2614.67	217	1
U-deep-u-repeated	corpus	encode-core-hot	drop	E	1	1125.55	902	0
U-deep-u-repeated	corpus	encode-core-hot	drop	R	1	1178.99	855	0
U-deep-u-repeated	corpus	encode-core-hot	drop	E2	1	1149.65	833	0
U-deep-u-repeated	corpus	encode-core-hot	retain	E	1	1664.33	598	0
U-deep-u-repeated	corpus	encode-core-hot	retain	R	1	1727.14	585	0
U-deep-u-repeated	corpus	encode-core-hot	retain	E2	1	1657.92	606	0
U-oneof-u-repeated	corpus	decode-read	drop	E	1	496.52	1862	1
U-oneof-u-repeated	corpus	decode-read	drop	R	1	440.43	2338	0
U-oneof-u-repeated	corpus	decode-read	drop	E2	1	512.67	2010	1
U-oneof-u-repeated	corpus	decode-read	retain	E	1	874.95	1627	1
U-oneof-u-repeated	corpus	decode-read	retain	R	1	660.49	1755	0
U-oneof-u-repeated	corpus	decode-read	retain	E2	1	559.47	1681	1
U-oneof-u-repeated	corpus	encode-core-hot	drop	E	1	204.25	5347	0
U-oneof-u-repeated	corpus	encode-core-hot	drop	R	1	197.71	5195	0
U-oneof-u-repeated	corpus	encode-core-hot	drop	E2	1	194.03	5127	0
U-oneof-u-repeated	corpus	encode-core-hot	retain	E	1	205.50	5138	0
U-oneof-u-repeated	corpus	encode-core-hot	retain	R	1	203.41	5376	0
U-oneof-u-repeated	corpus	encode-core-hot	retain	E2	1	204.24	5401	0
U-wire-ListTaskSummaryResponse-tasks-as-wt5	corpus	decode-read	drop	E	1	3267.27	337	1
U-wire-ListTaskSummaryResponse-tasks-as-wt5	corpus	decode-read	drop	R	1	3053.68	332	0
U-wire-ListTaskSummaryResponse-tasks-as-wt5	corpus	decode-read	drop	E2	1	3024.90	302	1
U-wire-ListTaskSummaryResponse-tasks-as-wt5	corpus	decode-read	retain	E	1	3012.50	329	1
U-wire-ListTaskSummaryResponse-tasks-as-wt5	corpus	decode-read	retain	R	1	3087.29	302	0
U-wire-ListTaskSummaryResponse-tasks-as-wt5	corpus	decode-read	retain	E2	1	3126.20	338	1
U-wire-ListTaskSummaryResponse-tasks-as-wt5	corpus	encode-core-hot	drop	E	1	1405.53	453	0
U-wire-ListTaskSummaryResponse-tasks-as-wt5	corpus	encode-core-hot	drop	R	1	1429.12	671	0
U-wire-ListTaskSummaryResponse-tasks-as-wt5	corpus	encode-core-hot	drop	E2	1	1340.71	769	0
U-wire-ListTaskSummaryResponse-tasks-as-wt5	corpus	encode-core-hot	retain	E	1	1340.08	661	0
U-wire-ListTaskSummaryResponse-tasks-as-wt5	corpus	encode-core-hot	retain	R	1	1455.75	658	0
U-wire-ListTaskSummaryResponse-tasks-as-wt5	corpus	encode-core-hot	retain	E2	1	1352.05	752	0
U-wire-UploadResultDataMessage-upload-as-wt5	corpus	decode-read	drop	E	1	341.77	2597	1
U-wire-UploadResultDataMessage-upload-as-wt5	corpus	decode-read	drop	R	1	309.03	3599	0
U-wire-UploadResultDataMessage-upload-as-wt5	corpus	decode-read	drop	E2	1	332.95	2959	1
U-wire-UploadResultDataMessage-upload-as-wt5	corpus	decode-read	retain	E	1	406.37	2418	1
U-wire-UploadResultDataMessage-upload-as-wt5	corpus	decode-read	retain	R	1	401.72	2215	0
U-wire-UploadResultDataMessage-upload-as-wt5	corpus	decode-read	retain	E2	1	388.97	2165	1
U-wire-UploadResultDataMessage-upload-as-wt5	corpus	encode-core-hot	drop	E	1	101.18	10614	0
U-wire-UploadResultDataMessage-upload-as-wt5	corpus	encode-core-hot	drop	R	1	181.44	5296	0
U-wire-UploadResultDataMessage-upload-as-wt5	corpus	encode-core-hot	drop	E2	1	90.67	10379	0
U-wire-UploadResultDataMessage-upload-as-wt5	corpus	encode-core-hot	retain	E	1	139.93	7368	0
U-wire-UploadResultDataMessage-upload-as-wt5	corpus	encode-core-hot	retain	R	1	206.20	4866	0
U-wire-UploadResultDataMessage-upload-as-wt5	corpus	encode-core-hot	retain	E2	1	129.67	7112	0
U-wire-ListMetricsResponse-batches-as-wt0	corpus	decode-read	drop	E	1	8393.72	127	1
U-wire-ListMetricsResponse-batches-as-wt0	corpus	decode-read	drop	R	1	8158.40	123	0
U-wire-ListMetricsResponse-batches-as-wt0	corpus	decode-read	drop	E2	1	8750.88	118	1
U-wire-ListMetricsResponse-batches-as-wt0	corpus	decode-read	retain	E	1	7798.52	124	1
U-wire-ListMetricsResponse-batches-as-wt0	corpus	decode-read	retain	R	1	8386.32	117	0
U-wire-ListMetricsResponse-batches-as-wt0	corpus	decode-read	retain	E2	1	8740.07	116	1
U-wire-ListMetricsResponse-batches-as-wt0	corpus	encode-core-hot	drop	E	1	4213.30	216	0
U-wire-ListMetricsResponse-batches-as-wt0	corpus	encode-core-hot	drop	R	1	4541.89	219	0
U-wire-ListMetricsResponse-batches-as-wt0	corpus	encode-core-hot	drop	E2	1	4330.34	238	0
U-wire-ListMetricsResponse-batches-as-wt0	corpus	encode-core-hot	retain	E	1	3805.26	254	0
U-wire-ListMetricsResponse-batches-as-wt0	corpus	encode-core-hot	retain	R	1	4203.43	241	0
U-wire-ListMetricsResponse-batches-as-wt0	corpus	encode-core-hot	retain	E2	1	3846.44	248	0
U-wire-DualResponse-left-as-wt5	corpus	decode-read	drop	E	1	851.73	1297	1
U-wire-DualResponse-left-as-wt5	corpus	decode-read	drop	R	1	1052.17	1294	0
U-wire-DualResponse-left-as-wt5	corpus	decode-read	drop	E2	1	1048.82	1263	1
U-wire-DualResponse-left-as-wt5	corpus	decode-read	retain	E	1	1120.70	938	1
U-wire-DualResponse-left-as-wt5	corpus	decode-read	retain	R	1	1228.91	862	0
U-wire-DualResponse-left-as-wt5	corpus	decode-read	retain	E2	1	1154.10	941	1
U-wire-DualResponse-left-as-wt5	corpus	encode-core-hot	drop	E	1	346.53	2796	0
U-wire-DualResponse-left-as-wt5	corpus	encode-core-hot	drop	R	1	347.12	2870	0
U-wire-DualResponse-left-as-wt5	corpus	encode-core-hot	drop	E2	1	333.52	2868	0
U-wire-DualResponse-left-as-wt5	corpus	encode-core-hot	retain	E	1	297.74	3278	0
U-wire-DualResponse-left-as-wt5	corpus	encode-core-hot	retain	R	1	317.80	3370	0
U-wire-DualResponse-left-as-wt5	corpus	encode-core-hot	retain	E2	1	302.37	3438	0
