row	content	mode	arm	round	cpu_ns_per_op	alloc_bytes_per_op	gen0_per_op	gen1_per_op	gen2_per_op	minflt_per_op	ops
P1.2	ascii	no-unknown	ref	1	348823	641977	0.0377358	0	0	0	106
P1.2	ascii	no-unknown	skip	1	169476	216632	0.0126582	0	0	0	237
P1.2	ascii	no-unknown	noop	1	73317.7	0	0	0	0	0	543
P1.2	ascii	no-unknown	parse	1	73408.7	0	0	0	0	0	545
P1.2	ascii	no-unknown	parsev	1	126028	0	0	0	0	0	287
P1.2	ascii	no-unknown	pull	1	376768	641976	0.0438596	0	0	0.0964912	114
P1.2	ascii	no-unknown	pparse	1	73969.6	0	0	0	0	0	473
P1.2	ascii	no-unknown	touch	1	6835.81	0	0	0	0	0	5809
P1.2	ascii	no-unknown	strs	1	166391	425344	0.0223214	0	0	0	224
P1.2	ascii	no-unknown	host	1	410243	641976	0.0416667	0	0	0	96
P1.2	ascii	no-unknown	inc	1	682050	697928	0.037037	0	0	0.728395	81
P1.2	ascii	no-unknown	skip	2	170871	216632	0.0126582	0	0	0	237
P1.2	ascii	no-unknown	noop	2	74077	0	0	0	0	0	543
P1.2	ascii	no-unknown	parse	2	77689.2	0	0	0	0	0	545
P1.2	ascii	no-unknown	parsev	2	154977	0	0	0	0	0.118467	287
P1.2	ascii	no-unknown	pull	2	404372	641976	0.0350877	0	0	0.0350877	114
P1.2	ascii	no-unknown	pparse	2	73525.1	0	0	0	0	0	473
P1.2	ascii	no-unknown	touch	2	6794.06	0	0	0	0	0	5809
P1.2	ascii	no-unknown	strs	2	167198	425344	0.0267857	0	0	0	224
P1.2	ascii	no-unknown	host	2	432684	641976	0.03125	0	0	0.0416667	96
P1.2	ascii	no-unknown	inc	2	485982	697928	0.0493827	0	0	0	81
P1.2	ascii	no-unknown	ref	2	357804	641976	0.0377358	0	0	0	106
P1.2	ascii	no-unknown	noop	3	74385.5	0	0	0	0	0	543
P1.2	ascii	no-unknown	parse	3	73651.2	0	0	0	0	0	545
P1.2	ascii	no-unknown	parsev	3	125040	0	0	0	0	0	287
P1.2	ascii	no-unknown	pull	3	349836	641976	0.0350877	0	0	0.00877193	114
P1.2	ascii	no-unknown	pparse	3	73390.9	0	0	0	0	0	473
P1.2	ascii	no-unknown	touch	3	6913.38	0	0	0	0	0	5809
P1.2	ascii	no-unknown	strs	3	167857	425344	0.0223214	0	0	0	224
P1.2	ascii	no-unknown	host	3	404061	641976	0.0416667	0	0	0	96
P1.2	ascii	no-unknown	inc	3	523322	697928	0.037037	0	0	0.123457	81
P1.2	ascii	no-unknown	ref	3	356882	641976	0.0377358	0	0	0	106
P1.2	ascii	no-unknown	skip	3	181549	216632	0.0126582	0	0	0.0168776	237
P1.2	ascii	no-unknown	parse	4	73385.9	0	0	0	0	0	545
P1.2	ascii	no-unknown	parsev	4	124772	0	0	0	0	0	287
P1.2	ascii	no-unknown	pull	4	406427	641976	0.0350877	0	0	0.0614035	114
P1.2	ascii	no-unknown	pparse	4	73402	0	0	0	0	0	473
P1.2	ascii	no-unknown	touch	4	6828.82	0	0	0	0	0	5809
P1.2	ascii	no-unknown	strs	4	169009	425344	0.0267857	0	0	0	224
P1.2	ascii	no-unknown	host	4	400409	641976	0.03125	0	0	0	96
P1.2	ascii	no-unknown	inc	4	510724	697928	0.0493827	0	0	0	81
P1.2	ascii	no-unknown	ref	4	367876	641976	0.0377358	0	0	0	106
P1.2	ascii	no-unknown	skip	4	172334	216632	0.0126582	0	0	0	237
P1.2	ascii	no-unknown	noop	4	77204.5	0	0	0	0	0	543
P1.2	ascii	no-unknown	parsev	5	132732	0	0	0	0	0	287
P1.2	ascii	no-unknown	pull	5	373029	641976	0.0350877	0	0	0	114
P1.2	ascii	no-unknown	pparse	5	75859.2	0	0	0	0	0	473
P1.2	ascii	no-unknown	touch	5	7108.48	0	0	0	0	0	5809
P1.2	ascii	no-unknown	strs	5	176127	425344	0.0223214	0	0	0	224
P1.2	ascii	no-unknown	host	5	418611	641976	0.0416667	0	0	0	96
P1.2	ascii	no-unknown	inc	5	497089	697928	0.037037	0	0	0	81
P1.2	ascii	no-unknown	ref	5	366000	641976	0.0377358	0	0	0	106
P1.2	ascii	no-unknown	skip	5	172295	216632	0.0126582	0	0	0	237
P1.2	ascii	no-unknown	noop	5	74272.8	0	0	0	0	0	543
P1.2	ascii	no-unknown	parse	5	75811.8	0	0	0	0	0	545
P1.2	ascii	no-unknown	pull	6	363572	641976	0.0350877	0	0	0	114
P1.2	ascii	no-unknown	pparse	6	75102.6	0	0	0	0	0	473
P1.2	ascii	no-unknown	touch	6	7052.7	0	0	0	0	0	5809
P1.2	ascii	no-unknown	strs	6	174094	425344	0.0267857	0	0	0	224
P1.2	ascii	no-unknown	host	6	415679	641976	0.0416667	0	0	0	96
P1.2	ascii	no-unknown	inc	6	522188	697928	0.037037	0	0	0.0123457	81
P1.2	ascii	no-unknown	ref	6	372363	641976	0.0377358	0	0	0	106
P1.2	ascii	no-unknown	skip	6	172531	216632	0.0126582	0	0	0	237
P1.2	ascii	no-unknown	noop	6	76347.4	0	0	0	0	0	543
P1.2	ascii	no-unknown	parse	6	77180.8	0	0	0	0	0	545
P1.2	ascii	no-unknown	parsev	6	165363	0	0	0	0	0.0243902	287
P2.2	ascii	no-unknown	ref	1	2.01263E+06	2.1179E+06	0.133333	0.0666667	0	0	15
P2.2	ascii	no-unknown	skip	1	901881	747104	0.0444444	0.0222222	0	0	45
P2.2	ascii	no-unknown	noop	1	353553	0	0	0	0	0	111
P2.2	ascii	no-unknown	parse	1	329355	0	0	0	0	0	123
P2.2	ascii	no-unknown	parsev	1	646240	0	0	0	0	0	63
P2.2	ascii	no-unknown	pull	1	2.53568E+06	2.1179E+06	0.142857	0.0714286	0	0.285714	14
P2.2	ascii	no-unknown	pparse	1	343837	0	0	0	0	0	113
P2.2	ascii	no-unknown	touch	1	60117.5	0	0	0	0	0	602
P2.2	ascii	no-unknown	strs	1	605915	1.2468E+06	0.0697674	0.0232558	0	0	43
P2.2	ascii	no-unknown	host	1	1.85228E+06	2.1179E+06	0.142857	0.0952381	0	0	21
P2.2	ascii	no-unknown	inc	1	2.28036E+06	2.34453E+06	0.0909091	0	0	0	11
P2.2	ascii	no-unknown	skip	2	943583	747104	0.0444444	0.0222222	0	0.0666667	45
P2.2	ascii	no-unknown	noop	2	339316	0	0	0	0	0	111
P2.2	ascii	no-unknown	parse	2	331457	0	0	0	0	0	123
P2.2	ascii	no-unknown	parsev	2	657991	0	0	0	0	0	63
P2.2	ascii	no-unknown	pull	2	3.60094E+06	2.1179E+06	0.142857	0.0714286	0	1.42857	14
P2.2	ascii	no-unknown	pparse	2	363504	0	0	0	0	0	113
P2.2	ascii	no-unknown	touch	2	61974.4	0	0	0	0	0	602
P2.2	ascii	no-unknown	strs	2	627183	1.2468E+06	0.0697674	0.0232558	0	0	43
P2.2	ascii	no-unknown	host	2	1.76707E+06	2.1179E+06	0.0952381	0	0	0	21
P2.2	ascii	no-unknown	inc	2	2.34977E+06	2.34453E+06	0.181818	0.0909091	0	0	11
P2.2	ascii	no-unknown	ref	2	1.88601E+06	2.1179E+06	0.133333	0.0666667	0	0	15
P2.2	ascii	no-unknown	noop	3	342481	0	0	0	0	0	111
P2.2	ascii	no-unknown	parse	3	312350	0	0	0	0	0	123
P2.2	ascii	no-unknown	parsev	3	630781	0	0	0	0	0	63
P2.2	ascii	no-unknown	pull	3	2.02639E+06	2.1179E+06	0.142857	0.142857	0	0	14
P2.2	ascii	no-unknown	pparse	3	342703	0	0	0	0	0	113
P2.2	ascii	no-unknown	touch	3	63589.3	0	0	0	0	0	602
P2.2	ascii	no-unknown	strs	3	600619	1.2468E+06	0.0697674	0.0232558	0	0	43
P2.2	ascii	no-unknown	host	3	1.58745E+06	2.1179E+06	0.0952381	0.047619	0	0	21
P2.2	ascii	no-unknown	inc	3	2.18828E+06	2.34453E+06	0.181818	0.0909091	0	0	11
P2.2	ascii	no-unknown	ref	3	2.04356E+06	2.1179E+06	0.133333	0.133333	0	0	15
P2.2	ascii	no-unknown	skip	3	954903	747104	0.0222222	0.0222222	0	0	45
P2.2	ascii	no-unknown	parse	4	318241	0	0	0	0	0	123
P2.2	ascii	no-unknown	parsev	4	635541	0	0	0	0	0	63
P2.2	ascii	no-unknown	pull	4	1.73254E+06	2.1179E+06	0.142857	0.0714286	0	0	14
P2.2	ascii	no-unknown	pparse	4	337026	0	0	0	0	0	113
P2.2	ascii	no-unknown	touch	4	60171.4	0	0	0	0	0	602
P2.2	ascii	no-unknown	strs	4	623757	1.2468E+06	0.0697674	0	0	0	43
P2.2	ascii	no-unknown	host	4	2.08241E+06	2.1179E+06	0.142857	0.0952381	0	0.047619	21
P2.2	ascii	no-unknown	inc	4	2.44084E+06	2.34453E+06	0.0909091	0.0909091	0	0.272727	11
P2.2	ascii	no-unknown	ref	4	1.94582E+06	2.1179E+06	0.133333	0.133333	0	0	15
P2.2	ascii	no-unknown	skip	4	874876	747104	0.0444444	0.0222222	0	0	45
P2.2	ascii	no-unknown	noop	4	360932	0	0	0	0	0	111
P2.2	ascii	no-unknown	parsev	5	650865	0	0	0	0	0	63
P2.2	ascii	no-unknown	pull	5	2.05177E+06	2.1179E+06	0.142857	0.0714286	0	0	14
P2.2	ascii	no-unknown	pparse	5	344008	0	0	0	0	0	113
P2.2	ascii	no-unknown	touch	5	67507.9	0	0	0	0	0	602
P2.2	ascii	no-unknown	strs	5	645175	1.2468E+06	0.0697674	0.0232558	0	0	43
P2.2	ascii	no-unknown	host	5	1.78001E+06	2.1179E+06	0.142857	0.047619	0	0	21
P2.2	ascii	no-unknown	inc	5	2.31428E+06	2.34453E+06	0.0909091	0	0	0	11
P2.2	ascii	no-unknown	ref	5	1.99187E+06	2.1179E+06	0.133333	0.0666667	0	0	15
P2.2	ascii	no-unknown	skip	5	851735	747104	0.0444444	0.0222222	0	0	45
P2.2	ascii	no-unknown	noop	5	344439	0	0	0	0	0	111
P2.2	ascii	no-unknown	parse	5	319093	0	0	0	0	0	123
P2.2	ascii	no-unknown	pull	6	1.74969E+06	2.1179E+06	0.142857	0.0714286	0	0	14
P2.2	ascii	no-unknown	pparse	6	348571	0	0	0	0	0	113
P2.2	ascii	no-unknown	touch	6	68171.8	0	0	0	0	0	602
P2.2	ascii	no-unknown	strs	6	618611	1.2468E+06	0.0697674	0.0232558	0	0	43
P2.2	ascii	no-unknown	host	6	1.90392E+06	2.1179E+06	0.0952381	0.047619	0	0	21
P2.2	ascii	no-unknown	inc	6	2.3377E+06	2.34453E+06	0.181818	0.181818	0	0	11
P2.2	ascii	no-unknown	ref	6	2.02346E+06	2.1179E+06	0.133333	0.0666667	0	0	15
P2.2	ascii	no-unknown	skip	6	899539	747104	0.0444444	0.0222222	0	0	45
P2.2	ascii	no-unknown	noop	6	344056	0	0	0	0	0	111
P2.2	ascii	no-unknown	parse	6	315754	0	0	0	0	0	123
P2.2	ascii	no-unknown	parsev	6	640806	0	0	0	0	0	63
P2.2	latin1	no-unknown	ref	1	2.60719E+06	2.1179E+06	0.133333	0.133333	0	0	15
P2.2	latin1	no-unknown	skip	1	851582	747104	0.0227273	0.0227273	0	0	44
P2.2	latin1	no-unknown	noop	1	372937	0	0	0	0	0	119
P2.2	latin1	no-unknown	parse	1	322206	0	0	0	0	0	127
P2.2	latin1	no-unknown	parsev	1	704779	0	0	0	0	0	56
P2.2	latin1	no-unknown	pull	1	2.78302E+06	2.1179E+06	0.166667	0.0833333	0	0	12
P2.2	latin1	no-unknown	pparse	1	347189	0	0	0	0	0	113
P2.2	latin1	no-unknown	touch	1	66263.3	0	0	0	0	0	672
P2.2	latin1	no-unknown	strs	1	1.16686E+06	1.2468E+06	0.0645161	0.0322581	0	0	31
P2.2	latin1	no-unknown	host	1	2.31307E+06	2.1179E+06	0.133333	0	0	0	15
P2.2	latin1	no-unknown	inc	1	2.74551E+06	2.34453E+06	0.0909091	0.0909091	0	0	11
P2.2	latin1	no-unknown	skip	2	907164	747104	0.0454545	0.0227273	0	0	44
P2.2	latin1	no-unknown	noop	2	342362	0	0	0	0	0	119
P2.2	latin1	no-unknown	parse	2	329251	0	0	0	0	0	127
P2.2	latin1	no-unknown	parsev	2	728387	0	0	0	0	0	56
P2.2	latin1	no-unknown	pull	2	2.34954E+06	2.1179E+06	0.166667	0.0833333	0	0	12
P2.2	latin1	no-unknown	pparse	2	361119	0	0	0	0	0	113
P2.2	latin1	no-unknown	touch	2	71165.3	0	0	0	0	0	672
P2.2	latin1	no-unknown	strs	2	1.23743E+06	1.2468E+06	0.0645161	0.0322581	0	0	31
P2.2	latin1	no-unknown	host	2	2.29623E+06	2.1179E+06	0.133333	0.0666667	0	0	15
P2.2	latin1	no-unknown	inc	2	2.47891E+06	2.34453E+06	0.0909091	0.0909091	0	0	11
P2.2	latin1	no-unknown	ref	2	2.81398E+06	2.1179E+06	0.133333	0.0666667	0	0	15
P2.2	latin1	no-unknown	noop	3	339743	0	0	0	0	0	119
P2.2	latin1	no-unknown	parse	3	326484	0	0	0	0	0	127
P2.2	latin1	no-unknown	parsev	3	700505	0	0	0	0	0	56
P2.2	latin1	no-unknown	pull	3	2.43535E+06	2.1179E+06	0.166667	0.166667	0	0	12
P2.2	latin1	no-unknown	pparse	3	345150	0	0	0	0	0	113
P2.2	latin1	no-unknown	touch	3	63017.9	0	0	0	0	0	672
P2.2	latin1	no-unknown	strs	3	1.15174E+06	1.2468E+06	0.0645161	0	0	0	31
P2.2	latin1	no-unknown	host	3	2.2573E+06	2.1179E+06	0.133333	0.0666667	0	0	15
P2.2	latin1	no-unknown	inc	3	2.46931E+06	2.34453E+06	0.0909091	0	0	0	11
P2.2	latin1	no-unknown	ref	3	3.05925E+06	2.1179E+06	0.133333	0.0666667	0	0	15
P2.2	latin1	no-unknown	skip	3	874863	747104	0.0454545	0.0227273	0	0	44
P2.2	latin1	no-unknown	parse	4	314531	0	0	0	0	0	127
P2.2	latin1	no-unknown	parsev	4	695683	0	0	0	0	0	56
P2.2	latin1	no-unknown	pull	4	2.76659E+06	2.1179E+06	0.166667	0.0833333	0	0	12
P2.2	latin1	no-unknown	pparse	4	343185	0	0	0	0	0	113
P2.2	latin1	no-unknown	touch	4	62208	0	0	0	0	0	672
P2.2	latin1	no-unknown	strs	4	1.15277E+06	1.2468E+06	0.0645161	0.0322581	0	0	31
P2.2	latin1	no-unknown	host	4	2.2354E+06	2.1179E+06	0.133333	0.0666667	0	0	15
P2.2	latin1	no-unknown	inc	4	2.6148E+06	2.34453E+06	0.0909091	0	0	0	11
P2.2	latin1	no-unknown	ref	4	2.39875E+06	2.1179E+06	0.133333	0.0666667	0	0	15
P2.2	latin1	no-unknown	skip	4	872662	747104	0.0454545	0.0227273	0	0	44
P2.2	latin1	no-unknown	noop	4	343253	0	0	0	0	0	119
P2.2	latin1	no-unknown	parsev	5	697661	0	0	0	0	0	56
P2.2	latin1	no-unknown	pull	5	2.16014E+06	2.1179E+06	0.0833333	0.0833333	0	0	12
P2.2	latin1	no-unknown	pparse	5	339284	0	0	0	0	0	113
P2.2	latin1	no-unknown	touch	5	59119	0	0	0	0	0	672
P2.2	latin1	no-unknown	strs	5	1.14061E+06	1.2468E+06	0.0967742	0	0	0	31
P2.2	latin1	no-unknown	host	5	2.23077E+06	2.1179E+06	0.0666667	0	0	0	15
P2.2	latin1	no-unknown	inc	5	3.23084E+06	2.34453E+06	0.181818	0.181818	0	0	11
P2.2	latin1	no-unknown	ref	5	2.84621E+06	2.1179E+06	0.133333	0.133333	0	0	15
P2.2	latin1	no-unknown	skip	5	838776	747104	0.0454545	0.0227273	0	0	44
P2.2	latin1	no-unknown	noop	5	348108	0	0	0	0	0	119
P2.2	latin1	no-unknown	parse	5	312769	0	0	0	0	0	127
P2.2	latin1	no-unknown	pull	6	2.44899E+06	2.1179E+06	0.0833333	0.0833333	0	0	12
P2.2	latin1	no-unknown	pparse	6	343650	0	0	0	0	0	113
P2.2	latin1	no-unknown	touch	6	64666.5	0	0	0	0	0	672
P2.2	latin1	no-unknown	strs	6	1.13908E+06	1.2468E+06	0.0645161	0.0322581	0	0	31
P2.2	latin1	no-unknown	host	6	2.36123E+06	2.1179E+06	0.133333	0	0	0	15
P2.2	latin1	no-unknown	inc	6	2.55001E+06	2.34453E+06	0.181818	0.0909091	0	0	11
P2.2	latin1	no-unknown	ref	6	2.46971E+06	2.1179E+06	0.133333	0.0666667	0	0	15
P2.2	latin1	no-unknown	skip	6	842967	747104	0.0227273	0.0227273	0	0	44
P2.2	latin1	no-unknown	noop	6	347942	0	0	0	0	0	119
P2.2	latin1	no-unknown	parse	6	313431	0	0	0	0	0	127
P2.2	latin1	no-unknown	parsev	6	697321	0	0	0	0	0	56
P2.2	wide	no-unknown	ref	1	3.53772E+06	2.1179E+06	0.166667	0.0833333	0	0	12
P2.2	wide	no-unknown	skip	1	880252	747104	0.0454545	0.0227273	0	0	44
P2.2	wide	no-unknown	noop	1	346918	0	0	0	0	0	113
P2.2	wide	no-unknown	parse	1	323353	0	0	0	0	0	122
P2.2	wide	no-unknown	parsev	1	753374	0	0	0	0	0	51
P2.2	wide	no-unknown	pull	1	3.3013E+06	2.1179E+06	0.0833333	0.0833333	0	0	12
P2.2	wide	no-unknown	pparse	1	374869	0	0	0	0	0	115
P2.2	wide	no-unknown	touch	1	66748.4	0	0	0	0	0	628
P2.2	wide	no-unknown	strs	1	1.88885E+06	1.2468E+06	0.0952381	0.047619	0	0	21
P2.2	wide	no-unknown	host	1	3.31545E+06	2.1179E+06	0.142857	0.0714286	0	0	14
P2.2	wide	no-unknown	inc	1	3.34492E+06	2.34453E+06	0.0833333	0.0833333	0	0	12
P2.2	wide	no-unknown	skip	2	909273	747104	0.0454545	0.0227273	0	0	44
P2.2	wide	no-unknown	noop	2	361261	0	0	0	0	0	113
P2.2	wide	no-unknown	parse	2	354043	0	0	0	0	0	122
P2.2	wide	no-unknown	parsev	2	791524	0	0	0	0	0	51
P2.2	wide	no-unknown	pull	2	3.4978E+06	2.1179E+06	0.166667	0.0833333	0	0	12
P2.2	wide	no-unknown	pparse	2	361733	0	0	0	0	0	115
P2.2	wide	no-unknown	touch	2	67275.5	0	0	0	0	0	628
P2.2	wide	no-unknown	strs	2	1.78786E+06	1.2468E+06	0.047619	0.047619	0	0	21
P2.2	wide	no-unknown	host	2	3.21416E+06	2.1179E+06	0.142857	0.0714286	0	0	14
P2.2	wide	no-unknown	inc	2	3.26068E+06	2.34453E+06	0.0833333	0.0833333	0	0	12
P2.2	wide	no-unknown	ref	2	3.74562E+06	2.1179E+06	0.166667	0.0833333	0	0	12
P2.2	wide	no-unknown	noop	3	355584	0	0	0	0	0	113
P2.2	wide	no-unknown	parse	3	326248	0	0	0	0	0	122
P2.2	wide	no-unknown	parsev	3	768791	0	0	0	0	0	51
P2.2	wide	no-unknown	pull	3	2.9241E+06	2.1179E+06	0.0833333	0.0833333	0	0	12
P2.2	wide	no-unknown	pparse	3	349580	0	0	0	0	0	115
P2.2	wide	no-unknown	touch	3	66074.1	0	0	0	0	0	628
P2.2	wide	no-unknown	strs	3	1.79133E+06	1.2468E+06	0.0952381	0	0	0	21
P2.2	wide	no-unknown	host	3	2.86946E+06	2.1179E+06	0.142857	0.0714286	0	0	14
P2.2	wide	no-unknown	inc	3	3.39115E+06	2.34453E+06	0.0833333	0	0	0	12
P2.2	wide	no-unknown	ref	3	3.26638E+06	2.1179E+06	0.166667	0.0833333	0	0	12
P2.2	wide	no-unknown	skip	3	898132	747104	0.0454545	0.0227273	0	0	44
P2.2	wide	no-unknown	parse	4	322325	0	0	0	0	0	122
P2.2	wide	no-unknown	parsev	4	762919	0	0	0	0	0	51
P2.2	wide	no-unknown	pull	4	2.95842E+06	2.1179E+06	0.0833333	0.0833333	0	0	12
P2.2	wide	no-unknown	pparse	4	349561	0	0	0	0	0	115
P2.2	wide	no-unknown	touch	4	64137.9	0	0	0	0	0	628
P2.2	wide	no-unknown	strs	4	1.84952E+06	1.2468E+06	0.0952381	0	0	0	21
P2.2	wide	no-unknown	host	4	2.91631E+06	2.1179E+06	0.0714286	0	0	0	14
P2.2	wide	no-unknown	inc	4	3.78057E+06	2.34453E+06	0.166667	0.0833333	0	0	12
P2.2	wide	no-unknown	ref	4	3.32879E+06	2.1179E+06	0.0833333	0.0833333	0	0	12
P2.2	wide	no-unknown	skip	4	871387	747104	0.0454545	0.0227273	0	0	44
P2.2	wide	no-unknown	noop	4	353858	0	0	0	0	0	113
P2.2	wide	no-unknown	parsev	5	752693	0	0	0	0	0	51
P2.2	wide	no-unknown	pull	5	3.48024E+06	2.1179E+06	0.166667	0.0833333	0	0	12
P2.2	wide	no-unknown	pparse	5	359056	0	0	0	0	0	115
P2.2	wide	no-unknown	touch	5	74832.5	0	0	0	0	0	628
P2.2	wide	no-unknown	strs	5	1.80098E+06	1.2468E+06	0.047619	0.047619	0	0	21
P2.2	wide	no-unknown	host	5	3.19261E+06	2.1179E+06	0.142857	0.0714286	0	0	14
P2.2	wide	no-unknown	inc	5	3.62645E+06	2.34453E+06	0.166667	0.166667	0	0	12
P2.2	wide	no-unknown	ref	5	3.34627E+06	2.1179E+06	0.0833333	0.0833333	0	0	12
P2.2	wide	no-unknown	skip	5	885252	747104	0.0454545	0.0227273	0	0	44
P2.2	wide	no-unknown	noop	5	347610	0	0	0	0	0	113
P2.2	wide	no-unknown	parse	5	345567	0	0	0	0	0	122
P2.2	wide	no-unknown	pull	6	3.7155E+06	2.1179E+06	0.166667	0.166667	0	0	12
P2.2	wide	no-unknown	pparse	6	373649	0	0	0	0	0	115
P2.2	wide	no-unknown	touch	6	70379.4	0	0	0	0	0	628
P2.2	wide	no-unknown	strs	6	1.85761E+06	1.2468E+06	0.047619	0.047619	0	0	21
P2.2	wide	no-unknown	host	6	3.14531E+06	2.1179E+06	0.142857	0.0714286	0	0	14
P2.2	wide	no-unknown	inc	6	3.56195E+06	2.34453E+06	0.0833333	0	0	0	12
P2.2	wide	no-unknown	ref	6	3.10511E+06	2.1179E+06	0.166667	0.0833333	0	0	12
P2.2	wide	no-unknown	skip	6	864351	747104	0.0454545	0.0227273	0	0	44
P2.2	wide	no-unknown	noop	6	343803	0	0	0	0	0	113
P2.2	wide	no-unknown	parse	6	318331	0	0	0	0	0	122
P2.2	wide	no-unknown	parsev	6	776942	0	0	0	0	0	51
P2.3	ascii	no-unknown	ref	1	1.40484E+06	2.08548E+06	0.115385	0.0769231	0	0	26
P2.3	ascii	no-unknown	skip	1	444106	446912	0.0224719	0.011236	0	0	89
P2.3	ascii	no-unknown	noop	1	175033	0	0	0	0	0	228
P2.3	ascii	no-unknown	parse	1	165319	0	0	0	0	0	134
P2.3	ascii	no-unknown	parsev	1	353289	0	0	0	0	0	109
P2.3	ascii	no-unknown	pull	1	1.38869E+06	2.08548E+06	0.129032	0.0645161	0	0	31
P2.3	ascii	no-unknown	pparse	1	173026	0	0	0	0	0	227
P2.3	ascii	no-unknown	touch	1	52336.3	0	0	0	0	0	672
P2.3	ascii	no-unknown	strs	1	617757	1.60757E+06	0.103448	0.0172414	0	0	58
P2.3	ascii	no-unknown	host	1	1.35597E+06	2.08548E+06	0.111111	0.0740741	0	0	27
P2.3	ascii	no-unknown	inc	1	1.43111E+06	2.0981E+06	0.1	0.0666667	0	0	30
P2.3	ascii	no-unknown	skip	2	457083	446912	0.0337079	0.011236	0	0	89
P2.3	ascii	no-unknown	noop	2	172095	0	0	0	0	0	228
P2.3	ascii	no-unknown	parse	2	168848	0	0	0	0	0	134
P2.3	ascii	no-unknown	parsev	2	359838	0	0	0	0	0	109
P2.3	ascii	no-unknown	pull	2	1.34685E+06	2.08548E+06	0.129032	0.0967742	0	0	31
P2.3	ascii	no-unknown	pparse	2	171488	0	0	0	0	0	227
P2.3	ascii	no-unknown	touch	2	43322.1	0	0	0	0	0	672
P2.3	ascii	no-unknown	strs	2	582791	1.60757E+06	0.0862069	0.0172414	0	0	58
P2.3	ascii	no-unknown	host	2	1.32909E+06	2.08548E+06	0.111111	0.0740741	0	0	27
P2.3	ascii	no-unknown	inc	2	1.36957E+06	2.0981E+06	0.133333	0.1	0	0	30
P2.3	ascii	no-unknown	ref	2	1.33871E+06	2.08548E+06	0.115385	0.0769231	0	0	26
P2.3	ascii	no-unknown	noop	3	175587	0	0	0	0	0	228
P2.3	ascii	no-unknown	parse	3	165387	0	0	0	0	0	134
P2.3	ascii	no-unknown	parsev	3	355629	0	0	0	0	0	109
P2.3	ascii	no-unknown	pull	3	1.35539E+06	2.08548E+06	0.129032	0.0967742	0	0	31
P2.3	ascii	no-unknown	pparse	3	172103	0	0	0	0	0	227
P2.3	ascii	no-unknown	touch	3	52359.3	0	0	0	0	0	672
P2.3	ascii	no-unknown	strs	3	615301	1.60757E+06	0.0862069	0.0172414	0	0	58
P2.3	ascii	no-unknown	host	3	1.36198E+06	2.08548E+06	0.111111	0.037037	0	0	27
P2.3	ascii	no-unknown	inc	3	1.50376E+06	2.0981E+06	0.133333	0.1	0	0	30
P2.3	ascii	no-unknown	ref	3	1.43319E+06	2.08548E+06	0.115385	0.115385	0	0	26
P2.3	ascii	no-unknown	skip	3	462049	446912	0.0337079	0.011236	0	0	89
P2.3	ascii	no-unknown	parse	4	173133	0	0	0	0	0	134
P2.3	ascii	no-unknown	parsev	4	362289	0	0	0	0	0	109
P2.3	ascii	no-unknown	pull	4	1.27533E+06	2.08548E+06	0.0967742	0.0322581	0	0	31
P2.3	ascii	no-unknown	pparse	4	171537	0	0	0	0	0	227
P2.3	ascii	no-unknown	touch	4	47785.6	0	0	0	0	0	672
P2.3	ascii	no-unknown	strs	4	611487	1.60757E+06	0.103448	0.0172414	0	0	58
P2.3	ascii	no-unknown	host	4	1.33889E+06	2.08548E+06	0.111111	0.037037	0	0	27
P2.3	ascii	no-unknown	inc	4	1.49702E+06	2.0981E+06	0.133333	0.1	0	0	30
P2.3	ascii	no-unknown	ref	4	1.41159E+06	2.08548E+06	0.115385	0.115385	0	0	26
P2.3	ascii	no-unknown	skip	4	447722	446912	0.0224719	0.011236	0	0	89
P2.3	ascii	no-unknown	noop	4	172797	0	0	0	0	0	228
P2.3	ascii	no-unknown	parsev	5	351933	0	0	0	0	0	109
P2.3	ascii	no-unknown	pull	5	1.37148E+06	2.08548E+06	0.129032	0.0645161	0	0	31
P2.3	ascii	no-unknown	pparse	5	174495	0	0	0	0	0	227
P2.3	ascii	no-unknown	touch	5	42958.6	0	0	0	0	0	672
P2.3	ascii	no-unknown	strs	5	589090	1.60757E+06	0.0862069	0.0172414	0	0	58
P2.3	ascii	no-unknown	host	5	1.33669E+06	2.08548E+06	0.111111	0.0740741	0	0	27
P2.3	ascii	no-unknown	inc	5	1.37396E+06	2.0981E+06	0.133333	0.1	0	0	30
P2.3	ascii	no-unknown	ref	5	1.37327E+06	2.08548E+06	0.115385	0.0769231	0	0	26
P2.3	ascii	no-unknown	skip	5	447933	446912	0.0337079	0.011236	0	0	89
P2.3	ascii	no-unknown	noop	5	172230	0	0	0	0	0	228
P2.3	ascii	no-unknown	parse	5	167267	0	0	0	0	0	134
P2.3	ascii	no-unknown	pull	6	1.31911E+06	2.08548E+06	0.0967742	0.0645161	0	0	31
P2.3	ascii	no-unknown	pparse	6	171425	0	0	0	0	0	227
P2.3	ascii	no-unknown	touch	6	43832.4	0	0	0	0	0	672
P2.3	ascii	no-unknown	strs	6	581010	1.60757E+06	0.103448	0.0172414	0	0	58
P2.3	ascii	no-unknown	host	6	1.26688E+06	2.08548E+06	0.111111	0.0740741	0	0	27
P2.3	ascii	no-unknown	inc	6	1.43881E+06	2.0981E+06	0.133333	0.1	0	0	30
P2.3	ascii	no-unknown	ref	6	1.43136E+06	2.08548E+06	0.115385	0.0769231	0	0	26
P2.3	ascii	no-unknown	skip	6	448236	446912	0.0224719	0.011236	0	0	89
P2.3	ascii	no-unknown	noop	6	175275	0	0	0	0	0	228
P2.3	ascii	no-unknown	parse	6	166265	0	0	0	0	0	134
P2.3	ascii	no-unknown	parsev	6	354851	0	0	0	0	0	109
P2.4	ascii	no-unknown	ref	1	1.98584E+06	3.26569E+06	0.208333	0.166667	0	0	24
P2.4	ascii	no-unknown	skip	1	521226	788592	0.038961	0.012987	0	0	77
P2.4	ascii	no-unknown	noop	1	194626	0	0	0	0	0	207
P2.4	ascii	no-unknown	parse	1	186719	0	0	0	0	0	213
P2.4	ascii	no-unknown	parsev	1	457914	0	0	0	0	0	87
P2.4	ascii	no-unknown	pull	1	1.82421E+06	3.26569E+06	0.181818	0.136364	0	0	22
P2.4	ascii	no-unknown	pparse	1	186810	0	0	0	0	0	213
P2.4	ascii	no-unknown	touch	1	72841.5	0	0	0	0	0	544
P2.4	ascii	no-unknown	strs	1	861187	2.45726E+06	0.152174	0	0	0	46
P2.4	ascii	no-unknown	host	1	1.85768E+06	3.26569E+06	0.173913	0.0869565	0	0	23
P2.4	ascii	no-unknown	inc	1	1.99444E+06	3.28783E+06	0.217391	0.173913	0	0	23
P2.4	ascii	no-unknown	skip	2	525770	788592	0.038961	0.025974	0	0	77
P2.4	ascii	no-unknown	noop	2	191868	0	0	0	0	0	207
P2.4	ascii	no-unknown	parse	2	189382	0	0	0	0	0	213
P2.4	ascii	no-unknown	parsev	2	467163	0	0	0	0	0	87
P2.4	ascii	no-unknown	pull	2	1.88277E+06	3.26569E+06	0.181818	0.136364	0	0	22
P2.4	ascii	no-unknown	pparse	2	190317	0	0	0	0	0	213
P2.4	ascii	no-unknown	touch	2	73212.8	0	0	0	0	0	544
P2.4	ascii	no-unknown	strs	2	872320	2.45726E+06	0.152174	0	0	0	46
P2.4	ascii	no-unknown	host	2	1.79746E+06	3.26569E+06	0.173913	0.0869565	0	0	23
P2.4	ascii	no-unknown	inc	2	2.07829E+06	3.28783E+06	0.217391	0.173913	0	0	23
P2.4	ascii	no-unknown	ref	2	1.71792E+06	3.26569E+06	0.166667	0.125	0	0	24
P2.4	ascii	no-unknown	noop	3	192229	0	0	0	0	0	207
P2.4	ascii	no-unknown	parse	3	192460	0	0	0	0	0	213
P2.4	ascii	no-unknown	parsev	3	456639	0	0	0	0	0	87
P2.4	ascii	no-unknown	pull	3	1.8494E+06	3.26569E+06	0.181818	0.136364	0	0	22
P2.4	ascii	no-unknown	pparse	3	190259	0	0	0	0	0	213
P2.4	ascii	no-unknown	touch	3	83786.4	0	0	0	0	0	544
P2.4	ascii	no-unknown	strs	3	908752	2.45726E+06	0.152174	0	0	0	46
P2.4	ascii	no-unknown	host	3	1.8983E+06	3.26569E+06	0.173913	0.0869565	0	0	23
P2.4	ascii	no-unknown	inc	3	2.27657E+06	3.28783E+06	0.217391	0.173913	0	0	23
P2.4	ascii	no-unknown	ref	3	1.8082E+06	3.26569E+06	0.166667	0.125	0	0	24
P2.4	ascii	no-unknown	skip	3	520832	788592	0.0519481	0.012987	0	0	77
P2.4	ascii	no-unknown	parse	4	186159	0	0	0	0	0	213
P2.4	ascii	no-unknown	parsev	4	453383	0	0	0	0	0	87
P2.4	ascii	no-unknown	pull	4	1.92681E+06	3.26569E+06	0.181818	0.136364	0	0	22
P2.4	ascii	no-unknown	pparse	4	189121	0	0	0	0	0	213
P2.4	ascii	no-unknown	touch	4	79532.6	0	0	0	0	0	544
P2.4	ascii	no-unknown	strs	4	877864	2.45726E+06	0.130435	0.0217391	0	0	46
P2.4	ascii	no-unknown	host	4	1.83979E+06	3.26569E+06	0.217391	0.173913	0	0	23
P2.4	ascii	no-unknown	inc	4	2.05833E+06	3.28783E+06	0.173913	0.130435	0	0	23
P2.4	ascii	no-unknown	ref	4	1.93579E+06	3.26569E+06	0.208333	0.125	0	0	24
P2.4	ascii	no-unknown	skip	4	548158	788592	0.038961	0.012987	0	0	77
P2.4	ascii	no-unknown	noop	4	193081	0	0	0	0	0	207
P2.4	ascii	no-unknown	parsev	5	457342	0	0	0	0	0	87
P2.4	ascii	no-unknown	pull	5	1.83197E+06	3.26569E+06	0.181818	0.136364	0	0	22
P2.4	ascii	no-unknown	pparse	5	190219	0	0	0	0	0	213
P2.4	ascii	no-unknown	touch	5	75706.9	0	0	0	0	0	544
P2.4	ascii	no-unknown	strs	5	878667	2.45726E+06	0.152174	0.0217391	0	0	46
P2.4	ascii	no-unknown	host	5	1.85695E+06	3.26569E+06	0.173913	0.0869565	0	0	23
P2.4	ascii	no-unknown	inc	5	1.85973E+06	3.28783E+06	0.217391	0.173913	0	0	23
P2.4	ascii	no-unknown	ref	5	1.72238E+06	3.26569E+06	0.166667	0.125	0	0	24
P2.4	ascii	no-unknown	skip	5	520878	788592	0.0519481	0.025974	0	0	77
P2.4	ascii	no-unknown	noop	5	194439	0	0	0	0	0	207
P2.4	ascii	no-unknown	parse	5	186571	0	0	0	0	0	213
P2.4	ascii	no-unknown	pull	6	1.97616E+06	3.26569E+06	0.181818	0.0909091	0	0	22
P2.4	ascii	no-unknown	pparse	6	195259	0	0	0	0	0	213
P2.4	ascii	no-unknown	touch	6	83684.7	0	0	0	0	0	544
P2.4	ascii	no-unknown	strs	6	898954	2.45726E+06	0.152174	0.0217391	0	0	46
P2.4	ascii	no-unknown	host	6	1.88284E+06	3.26569E+06	0.173913	0.130435	0	0	23
P2.4	ascii	no-unknown	inc	6	2.02972E+06	3.28783E+06	0.173913	0.130435	0	0	23
P2.4	ascii	no-unknown	ref	6	1.85614E+06	3.26569E+06	0.208333	0.125	0	0	24
P2.4	ascii	no-unknown	skip	6	532657	788592	0.038961	0.012987	0	0	77
P2.4	ascii	no-unknown	noop	6	198535	0	0	0	0	0	207
P2.4	ascii	no-unknown	parse	6	183832	0	0	0	0	0	213
P2.4	ascii	no-unknown	parsev	6	457488	0	0	0	0	0	87
P2.5	ascii	no-unknown	ref	1	58696.5	79704	0.0041958	0.0013986	0	0	715
P2.5	ascii	no-unknown	skip	1	28212.8	27200	0.00136986	0	0	0	1460
P2.5	ascii	no-unknown	noop	1	10881.4	0	0	0	0	0	3784
P2.5	ascii	no-unknown	parse	1	9816.2	0	0	0	0	0	3981
P2.5	ascii	no-unknown	parsev	1	18113.2	0	0	0	0	0	2245
P2.5	ascii	no-unknown	pull	1	51550.2	79704	0.00504414	0	0	0	793
P2.5	ascii	no-unknown	pparse	1	10444.9	0	0	0	0	0	3804
P2.5	ascii	no-unknown	touch	1	1136.96	0	0	0	0	0	34028
P2.5	ascii	no-unknown	strs	1	19833	47544	0.0030015	0.00050025	0	0	1999
P2.5	ascii	no-unknown	host	1	47659.3	79704	0.00376884	0	0	0	796
P2.5	ascii	no-unknown	inc	1	60932.4	87976	0.0060241	0.00150602	0	0	664
P2.5	ascii	no-unknown	skip	2	28389.4	27200	0.00136986	0	0	0	1460
P2.5	ascii	no-unknown	noop	2	11543.4	0	0	0	0	0	3784
P2.5	ascii	no-unknown	parse	2	9855.7	0	0	0	0	0	3981
P2.5	ascii	no-unknown	parsev	2	17925.9	0	0	0	0	0	2245
P2.5	ascii	no-unknown	pull	2	51628.1	79704	0.00504414	0	0	0	793
P2.5	ascii	no-unknown	pparse	2	10708.4	0	0	0	0	0.000262881	3804
P2.5	ascii	no-unknown	touch	2	1141.18	0	0	0	0	0	34028
P2.5	ascii	no-unknown	strs	2	19998	47544	0.00250125	0.00050025	0	0	1999
P2.5	ascii	no-unknown	host	2	48163.2	79704	0.00502513	0	0	0	796
P2.5	ascii	no-unknown	inc	2	79050.4	87976	0.00451807	0.00150602	0	0.00903614	664
P2.5	ascii	no-unknown	ref	2	64876.8	79704	0.00559441	0	0	0	715
P2.5	ascii	no-unknown	noop	3	10974.2	0	0	0	0	0	3784
P2.5	ascii	no-unknown	parse	3	10219.2	0	0	0	0	0	3981
P2.5	ascii	no-unknown	parsev	3	18508.9	0	0	0	0	0	2245
P2.5	ascii	no-unknown	pull	3	56669.2	79704	0.0037831	0.00126103	0	0	793
P2.5	ascii	no-unknown	pparse	3	11141.8	0	0	0	0	0	3804
P2.5	ascii	no-unknown	touch	3	1165.63	0	0	0	0	0	34028
P2.5	ascii	no-unknown	strs	3	20895.3	47544	0.0030015	0	0	0	1999
P2.5	ascii	no-unknown	host	3	49024.3	79704	0.00376884	0	0	0	796
P2.5	ascii	no-unknown	inc	3	61556.4	87976	0.0060241	0.00150602	0	0	664
P2.5	ascii	no-unknown	ref	3	57474.3	79704	0.0041958	0	0	0	715
P2.5	ascii	no-unknown	skip	3	27889	27200	0.00136986	0	0	0	1460
P2.5	ascii	no-unknown	parse	4	9805.44	0	0	0	0	0	3981
P2.5	ascii	no-unknown	parsev	4	18159.5	0	0	0	0	0	2245
P2.5	ascii	no-unknown	pull	4	51540	79704	0.00504414	0.00126103	0	0	793
P2.5	ascii	no-unknown	pparse	4	10502.8	0	0	0	0	0	3804
P2.5	ascii	no-unknown	touch	4	1187.08	0	0	0	0	0	34028
P2.5	ascii	no-unknown	strs	4	20428.9	47544	0.0030015	0	0	0	1999
P2.5	ascii	no-unknown	host	4	49179.1	79704	0.00376884	0	0	0	796
P2.5	ascii	no-unknown	inc	4	62702.5	87976	0.0060241	0.00150602	0	0	664
P2.5	ascii	no-unknown	ref	4	58014.5	79704	0.0041958	0.0013986	0	0	715
P2.5	ascii	no-unknown	skip	4	28274.1	27200	0.00136986	0	0	0	1460
P2.5	ascii	no-unknown	noop	4	10979.2	0	0	0	0	0	3784
P2.5	ascii	no-unknown	parsev	5	18257	0	0	0	0	0	2245
P2.5	ascii	no-unknown	pull	5	52592.9	79704	0.00504414	0	0	0	793
P2.5	ascii	no-unknown	pparse	5	10506.6	0	0	0	0	0	3804
P2.5	ascii	no-unknown	touch	5	1160.38	0	0	0	0	0	34028
P2.5	ascii	no-unknown	strs	5	19791.1	47544	0.00250125	0.00050025	0	0	1999
P2.5	ascii	no-unknown	host	5	48479.6	79704	0.00502513	0	0	0	796
P2.5	ascii	no-unknown	inc	5	59738.7	87976	0.00451807	0.00150602	0	0	664
P2.5	ascii	no-unknown	ref	5	57156.5	79704	0.00559441	0	0	0	715
P2.5	ascii	no-unknown	skip	5	29607.8	27200	0.00136986	0	0	0	1460
P2.5	ascii	no-unknown	noop	5	11375.9	0	0	0	0	0	3784
P2.5	ascii	no-unknown	parse	5	10063.2	0	0	0	0	0	3981
P2.5	ascii	no-unknown	pull	6	54561.3	79704	0.00504414	0.00126103	0	0	793
P2.5	ascii	no-unknown	pparse	6	10631.7	0	0	0	0	0	3804
P2.5	ascii	no-unknown	touch	6	1167.47	0	0	0	0	0	34028
P2.5	ascii	no-unknown	strs	6	19823.8	47544	0.00250125	0	0	0	1999
P2.5	ascii	no-unknown	host	6	48833.2	79704	0.00502513	0.00125628	0	0	796
P2.5	ascii	no-unknown	inc	6	61364.3	87976	0.00451807	0	0	0	664
P2.5	ascii	no-unknown	ref	6	57010	79704	0.00559441	0.0013986	0	0	715
P2.5	ascii	no-unknown	skip	6	27861.8	27200	0.00136986	0	0	0	1460
P2.5	ascii	no-unknown	noop	6	10924.6	0	0	0	0	0	3784
P2.5	ascii	no-unknown	parse	6	10012.9	0	0	0	0	0	3981
P2.5	ascii	no-unknown	parsev	6	18092.7	0	0	0	0	0	2245
P4.1	ascii	no-unknown	ref	1	332038	357352	0.0225564	0	0	0	133
P4.1	ascii	no-unknown	skip	1	117540	124288	0.0060241	0	0	0	332
P4.1	ascii	no-unknown	noop	1	39335.1	0	0	0	0	0	931
P4.1	ascii	no-unknown	parse	1	36810.2	0	0	0	0	0	1106
P4.1	ascii	no-unknown	parsev	1	94066.8	0	0	0	0	0	305
P4.1	ascii	no-unknown	pull	1	274106	357352	0.0206897	0	0	0	145
P4.1	ascii	no-unknown	pparse	1	36615.4	0	0	0	0	0	1051
P4.1	ascii	no-unknown	touch	1	5618.11	0	0	0	0	0	6547
P4.1	ascii	no-unknown	strs	1	115450	183464	0.0121212	0	0	0	330
P4.1	ascii	no-unknown	host	1	276576	357352	0.0153846	0	0	0	130
P4.1	ascii	no-unknown	inc	1	352310	403704	0.0294118	0	0	0	102
P4.1	ascii	no-unknown	skip	2	119651	124288	0.0060241	0	0	0	332
P4.1	ascii	no-unknown	noop	2	39807.2	0	0	0	0	0	931
P4.1	ascii	no-unknown	parse	2	38202.7	0	0	0	0	0	1106
P4.1	ascii	no-unknown	parsev	2	94839.8	0	0	0	0	0	305
P4.1	ascii	no-unknown	pull	2	277160	357352	0.0206897	0	0	0	145
P4.1	ascii	no-unknown	pparse	2	38098.7	0	0	0	0	0	1051
P4.1	ascii	no-unknown	touch	2	5759.35	0	0	0	0	0	6547
P4.1	ascii	no-unknown	strs	2	118068	183464	0.0121212	0	0	0	330
P4.1	ascii	no-unknown	host	2	444592	357352	0.0153846	0	0	0	130
P4.1	ascii	no-unknown	inc	2	613757	403704	0.0294118	0	0	0	102
P4.1	ascii	no-unknown	ref	2	427964	357352	0.0150376	0	0	0	133
P4.1	ascii	no-unknown	noop	3	57689.4	0	0	0	0	0	931
P4.1	ascii	no-unknown	parse	3	41090.7	0	0	0	0	0	1106
P4.1	ascii	no-unknown	parsev	3	129327	0	0	0	0	0	305
P4.1	ascii	no-unknown	pull	3	285812	357352	0.0206897	0	0	0	145
P4.1	ascii	no-unknown	pparse	3	37766.2	0	0	0	0	0	1051
P4.1	ascii	no-unknown	touch	3	5739.13	0	0	0	0	0	6547
P4.1	ascii	no-unknown	strs	3	117870	183464	0.0121212	0	0	0	330
P4.1	ascii	no-unknown	host	3	287508	357352	0.0230769	0	0	0	130
P4.1	ascii	no-unknown	inc	3	353698	403704	0.0196078	0	0	0	102
P4.1	ascii	no-unknown	ref	3	308900	357352	0.0225564	0	0	0	133
P4.1	ascii	no-unknown	skip	3	169080	124288	0.0060241	0	0	0	332
P4.1	ascii	no-unknown	parse	4	69226.9	0	0	0	0	0	1106
P4.1	ascii	no-unknown	parsev	4	150409	0	0	0	0	0	305
P4.1	ascii	no-unknown	pull	4	288917	357352	0.0206897	0	0	0	145
P4.1	ascii	no-unknown	pparse	4	37599.3	0	0	0	0	0	1051
P4.1	ascii	no-unknown	touch	4	5718.31	0	0	0	0	0	6547
P4.1	ascii	no-unknown	strs	4	118077	183464	0.0121212	0	0	0	330
P4.1	ascii	no-unknown	host	4	293693	357352	0.0153846	0	0	0	130
P4.1	ascii	no-unknown	inc	4	360351	403704	0.0294118	0	0	0	102
P4.1	ascii	no-unknown	ref	4	334006	357352	0.0150376	0	0	0	133
P4.1	ascii	no-unknown	skip	4	124850	124288	0.00903614	0	0	0	332
P4.1	ascii	no-unknown	noop	4	41241.2	0	0	0	0	0	931
P4.1	ascii	no-unknown	parsev	5	97263.8	0	0	0	0	0	305
P4.1	ascii	no-unknown	pull	5	285354	357352	0.0206897	0	0	0	145
P4.1	ascii	no-unknown	pparse	5	40855.9	0	0	0	0	0	1051
P4.1	ascii	no-unknown	touch	5	5786.58	0	0	0	0	0	6547
P4.1	ascii	no-unknown	strs	5	126980	183464	0.00909091	0	0	0	330
P4.1	ascii	no-unknown	host	5	302899	357352	0.0230769	0	0	0	130
P4.1	ascii	no-unknown	inc	5	364633	403704	0.0196078	0	0	0	102
P4.1	ascii	no-unknown	ref	5	357072	357352	0.0225564	0	0	0	133
P4.1	ascii	no-unknown	skip	5	122851	124288	0.00903614	0	0	0	332
P4.1	ascii	no-unknown	noop	5	40538.5	0	0	0	0	0	931
P4.1	ascii	no-unknown	parse	5	37912.3	0	0	0	0	0	1106
P4.1	ascii	no-unknown	pull	6	282943	357352	0.0206897	0	0	0	145
P4.1	ascii	no-unknown	pparse	6	36921.9	0	0	0	0	0	1051
P4.1	ascii	no-unknown	touch	6	5628.98	0	0	0	0	0	6547
P4.1	ascii	no-unknown	strs	6	118641	183464	0.00909091	0	0	0	330
P4.1	ascii	no-unknown	host	6	291740	357352	0.0230769	0	0	0	130
P4.1	ascii	no-unknown	inc	6	345839	403704	0.0196078	0	0	0	102
P4.1	ascii	no-unknown	ref	6	307822	357352	0.0225564	0	0	0	133
P4.1	ascii	no-unknown	skip	6	119271	124288	0.0060241	0	0	0	332
P4.1	ascii	no-unknown	noop	6	38874.1	0	0	0	0	0	931
P4.1	ascii	no-unknown	parse	6	36364.1	0	0	0	0	0	1106
P4.1	ascii	no-unknown	parsev	6	92850.1	0	0	0	0	0	305
U-nested-before	corpus	no-unknown	ref	1	525.599	752	5.14608E-05	0	0	0	77729
U-nested-before	corpus	no-unknown	skip	1	328.15	320	1.63247E-05	0	0	0	122514
U-nested-before	corpus	no-unknown	noop	1	140.348	0	0	0	0	0	291747
U-nested-before	corpus	no-unknown	parse	1	126.182	0	0	0	0	0	321035
U-nested-before	corpus	no-unknown	parsev	1	174.203	0	0	0	0	0	229939
U-nested-before	corpus	no-unknown	pull	1	476.281	752	3.79391E-05	0	0	0	79074
U-nested-before	corpus	no-unknown	pparse	1	128.21	0	0	0	0	0	318059
U-nested-before	corpus	no-unknown	touch	1	11.1671	0	0	0	0	0	3481464
U-nested-before	corpus	no-unknown	strs	1	190.064	432	2.75271E-05	0	0	0	217967
U-nested-before	corpus	no-unknown	host	1	513.388	752	3.63491E-05	0	0	0	82533
U-nested-before	corpus	no-unknown	inc	1	1529.49	2688	0.00018061	0	0	0	27684
U-nested-before	corpus	no-unknown	skip	2	319.701	320	1.63247E-05	0	0	0	122514
U-nested-before	corpus	no-unknown	noop	2	143.571	0	0	0	0	0	291747
U-nested-before	corpus	no-unknown	parse	2	138.609	0	0	0	0	0	321035
U-nested-before	corpus	no-unknown	parsev	2	181.658	0	0	0	0	0	229939
U-nested-before	corpus	no-unknown	pull	2	511.313	752	3.79391E-05	0	0	0	79074
U-nested-before	corpus	no-unknown	pparse	2	128.858	0	0	0	0	0	318059
U-nested-before	corpus	no-unknown	touch	2	11.4176	0	0	0	0	0	3481464
U-nested-before	corpus	no-unknown	strs	2	183.563	432	2.75271E-05	0	0	0	217967
U-nested-before	corpus	no-unknown	host	2	475.986	752	3.63491E-05	0	0	0	82533
U-nested-before	corpus	no-unknown	inc	2	1849.68	2688	0.00018061	0	0	0	27684
U-nested-before	corpus	no-unknown	ref	2	776.39	752	3.85956E-05	0	0	0	77729
U-nested-before	corpus	no-unknown	noop	3	141.157	0	0	0	0	0	291747
U-nested-before	corpus	no-unknown	parse	3	128.392	0	0	0	0	0	321035
U-nested-before	corpus	no-unknown	parsev	3	181.376	0	0	0	0	0	229939
U-nested-before	corpus	no-unknown	pull	3	494.721	752	5.05855E-05	0	0	0	79074
U-nested-before	corpus	no-unknown	pparse	3	132.724	0	0	0	0	0	318059
U-nested-before	corpus	no-unknown	touch	3	11.8365	0	0	0	0	0	3481464
U-nested-before	corpus	no-unknown	strs	3	185.609	432	2.29393E-05	0	0	0	217967
U-nested-before	corpus	no-unknown	host	3	491.672	752	4.84655E-05	0	0	0	82533
U-nested-before	corpus	no-unknown	inc	3	1543.27	2688	0.000144488	0	0	0	27684
U-nested-before	corpus	no-unknown	ref	3	514.036	752	3.85956E-05	0	0	0	77729
U-nested-before	corpus	no-unknown	skip	3	325.276	320	2.4487E-05	0	0	0	122514
U-nested-before	corpus	no-unknown	parse	4	125.712	0	0	0	0	0	321035
U-nested-before	corpus	no-unknown	parsev	4	176.634	0	0	0	0	0	229939
U-nested-before	corpus	no-unknown	pull	4	477.207	752	3.79391E-05	0	0	0	79074
U-nested-before	corpus	no-unknown	pparse	4	126.638	0	0	0	0	0	318059
U-nested-before	corpus	no-unknown	touch	4	10.8249	0	0	0	0	0	3481464
U-nested-before	corpus	no-unknown	strs	4	179.138	432	2.75271E-05	0	0	0	217967
U-nested-before	corpus	no-unknown	host	4	466.766	752	3.63491E-05	0	0	0	82533
U-nested-before	corpus	no-unknown	inc	4	1430	2688	0.000144488	0	0	0	27684
U-nested-before	corpus	no-unknown	ref	4	524.558	752	5.14608E-05	0	0	0	77729
U-nested-before	corpus	no-unknown	skip	4	317.755	320	1.63247E-05	0	0	0	122514
U-nested-before	corpus	no-unknown	noop	4	140.205	0	0	0	0	0	291747
U-nested-before	corpus	no-unknown	parsev	5	175.565	0	0	0	0	0	229939
U-nested-before	corpus	no-unknown	pull	5	482.564	752	5.05855E-05	0	0	0	79074
U-nested-before	corpus	no-unknown	pparse	5	126.767	0	0	0	0	0	318059
U-nested-before	corpus	no-unknown	touch	5	11.0871	0	0	0	0	0	3481464
U-nested-before	corpus	no-unknown	strs	5	180.719	432	2.29393E-05	0	0	0	217967
U-nested-before	corpus	no-unknown	host	5	476.555	752	4.84655E-05	0	0	0	82533
U-nested-before	corpus	no-unknown	inc	5	1448.59	2688	0.000144488	0	0	0	27684
U-nested-before	corpus	no-unknown	ref	5	516.553	752	3.85956E-05	0	0	0	77729
U-nested-before	corpus	no-unknown	skip	5	323.533	320	2.4487E-05	0	0	0	122514
U-nested-before	corpus	no-unknown	noop	5	138.519	0	0	0	0	0	291747
U-nested-before	corpus	no-unknown	parse	5	125.453	0	0	0	0	0	321035
U-nested-before	corpus	no-unknown	pull	6	481.005	752	3.79391E-05	0	0	0	79074
U-nested-before	corpus	no-unknown	pparse	6	127.736	0	0	0	0	0	318059
U-nested-before	corpus	no-unknown	touch	6	11.4243	0	0	0	0	0	3481464
U-nested-before	corpus	no-unknown	strs	6	189.307	432	2.75271E-05	0	0	0	217967
U-nested-before	corpus	no-unknown	host	6	549.733	752	3.63491E-05	0	0	0	82533
U-nested-before	corpus	no-unknown	inc	6	1500.58	2688	0.000144488	0	0	0	27684
U-nested-before	corpus	no-unknown	ref	6	529.516	752	5.14608E-05	0	0	0	77729
U-nested-before	corpus	no-unknown	skip	6	331.661	320	1.63247E-05	0	0	0	122514
U-nested-before	corpus	no-unknown	noop	6	142.689	0	0	0	0	0	291747
U-nested-before	corpus	no-unknown	parse	6	133.707	0	0	0	0	0	321035
U-nested-before	corpus	no-unknown	parsev	6	180.495	0	0	0	0	0	229939
U-deep-u-repeated	corpus	no-unknown	ref	1	3015.31	3960	0.000252568	0	0	0	11878
U-deep-u-repeated	corpus	no-unknown	skip	1	1576.06	1608	8.70057E-05	0	0	0	22987
U-deep-u-repeated	corpus	no-unknown	noop	1	574.624	0	0	0	0	0	61036
U-deep-u-repeated	corpus	no-unknown	parse	1	509.371	0	0	0	0	0	49114
U-deep-u-repeated	corpus	no-unknown	parsev	1	892.281	0	0	0	0	0	41290
U-deep-u-repeated	corpus	no-unknown	pull	1	2861.03	3960	0.000247097	0	0	0	12141
U-deep-u-repeated	corpus	no-unknown	pparse	1	553.184	0	0	0	0	0	47352
U-deep-u-repeated	corpus	no-unknown	touch	1	44.3327	0	0	0	0	0	752001
U-deep-u-repeated	corpus	no-unknown	strs	1	993.386	2104	0.000108644	0	0	0	27613
U-deep-u-repeated	corpus	no-unknown	host	1	2507.49	3960	0.000247326	0	0	0	16173
U-deep-u-repeated	corpus	no-unknown	inc	1	3630.53	5000	0.000260847	0	0	0	11501
U-deep-u-repeated	corpus	no-unknown	skip	2	1737.49	1608	0.000130509	0	0	0	22987
U-deep-u-repeated	corpus	no-unknown	noop	2	618.32	0	0	0	0	0	61036
U-deep-u-repeated	corpus	no-unknown	parse	2	528.015	0	0	0	0	0	49114
U-deep-u-repeated	corpus	no-unknown	parsev	2	927.631	0	0	0	0	0	41290
U-deep-u-repeated	corpus	no-unknown	pull	2	2914.79	3960	0.000164731	0	0	0	12141
U-deep-u-repeated	corpus	no-unknown	pparse	2	600.047	0	0	0	0	0	47352
U-deep-u-repeated	corpus	no-unknown	touch	2	44.7211	0	0	0	0	0	752001
U-deep-u-repeated	corpus	no-unknown	strs	2	1065.11	2104	0.000144859	3.62148E-05	0	0	27613
U-deep-u-repeated	corpus	no-unknown	host	2	2469.99	3960	0.000185494	0	0	0	16173
U-deep-u-repeated	corpus	no-unknown	inc	2	3486.6	5000	0.000347796	0	0	0	11501
U-deep-u-repeated	corpus	no-unknown	ref	2	3029.09	3960	0.000168379	0	0	0	11878
U-deep-u-repeated	corpus	no-unknown	noop	3	572.237	0	0	0	0	0	61036
U-deep-u-repeated	corpus	no-unknown	parse	3	511.595	0	0	0	0	0	49114
U-deep-u-repeated	corpus	no-unknown	parsev	3	895.451	0	0	0	0	0	41290
U-deep-u-repeated	corpus	no-unknown	pull	3	2774.03	3960	0.000247097	0	0	0	12141
U-deep-u-repeated	corpus	no-unknown	pparse	3	560.777	0	0	0	0	0	47352
U-deep-u-repeated	corpus	no-unknown	touch	3	44.3863	0	0	0	0	0	752001
U-deep-u-repeated	corpus	no-unknown	strs	3	967.957	2104	0.000144859	0	0	0	27613
U-deep-u-repeated	corpus	no-unknown	host	3	2434.39	3960	0.000185494	0	0	0	16173
U-deep-u-repeated	corpus	no-unknown	inc	3	3508.08	5000	0.000347796	0	0	0	11501
U-deep-u-repeated	corpus	no-unknown	ref	3	2881.82	3960	0.000168379	0	0	0	11878
U-deep-u-repeated	corpus	no-unknown	skip	3	1587.02	1608	0.000130509	0	0	0	22987
U-deep-u-repeated	corpus	no-unknown	parse	4	516.24	0	0	0	0	0	49114
U-deep-u-repeated	corpus	no-unknown	parsev	4	1077.45	0	0	0	0	0	41290
U-deep-u-repeated	corpus	no-unknown	pull	4	2790.14	3960	0.000164731	0	0	0	12141
U-deep-u-repeated	corpus	no-unknown	pparse	4	563.162	0	0	0	0	0	47352
U-deep-u-repeated	corpus	no-unknown	touch	4	45.0052	0	0	0	0	0	752001
U-deep-u-repeated	corpus	no-unknown	strs	4	1410.95	2104	0.000144859	0	0	0	27613
U-deep-u-repeated	corpus	no-unknown	host	4	2649.63	3960	0.000185494	0	0	0	16173
U-deep-u-repeated	corpus	no-unknown	inc	4	3382.28	5000	0.000347796	0	0	0	11501
U-deep-u-repeated	corpus	no-unknown	ref	4	3333.54	3960	0.000168379	0	0	0	11878
U-deep-u-repeated	corpus	no-unknown	skip	4	1607.65	1608	0.000130509	0	0	0	22987
U-deep-u-repeated	corpus	no-unknown	noop	4	584.519	0	0	0	0	0	61036
U-deep-u-repeated	corpus	no-unknown	parsev	5	911.358	0	0	0	0	0	41290
U-deep-u-repeated	corpus	no-unknown	pull	5	2802.25	3960	0.000164731	0	0	0	12141
U-deep-u-repeated	corpus	no-unknown	pparse	5	554.121	0	0	0	0	0	47352
U-deep-u-repeated	corpus	no-unknown	touch	5	45.1151	0	0	0	0	0	752001
U-deep-u-repeated	corpus	no-unknown	strs	5	992.092	2104	0.000144859	0	0	0	27613
U-deep-u-repeated	corpus	no-unknown	host	5	2447.96	3960	0.000185494	0	0	0	16173
U-deep-u-repeated	corpus	no-unknown	inc	5	3492.46	5000	0.000347796	0	0	0	11501
U-deep-u-repeated	corpus	no-unknown	ref	5	2969.54	3960	0.000252568	0	0	0	11878
U-deep-u-repeated	corpus	no-unknown	skip	5	1657.66	1608	8.70057E-05	0	0	0	22987
U-deep-u-repeated	corpus	no-unknown	noop	5	572.093	0	0	0	0	0	61036
U-deep-u-repeated	corpus	no-unknown	parse	5	528.344	0	0	0	0	0	49114
U-deep-u-repeated	corpus	no-unknown	pull	6	2878.56	3960	0.000164731	0	0	0	12141
U-deep-u-repeated	corpus	no-unknown	pparse	6	609.86	0	0	0	0	0	47352
U-deep-u-repeated	corpus	no-unknown	touch	6	46.6348	0	0	0	0	0	752001
U-deep-u-repeated	corpus	no-unknown	strs	6	1032.17	2104	0.000144859	0	0	0	27613
U-deep-u-repeated	corpus	no-unknown	host	6	2543.51	3960	0.000247326	0	0	0	16173
U-deep-u-repeated	corpus	no-unknown	inc	6	3648.3	5000	0.000260847	0	0	0	11501
U-deep-u-repeated	corpus	no-unknown	ref	6	2963.94	3960	0.000252568	0	0	0	11878
U-deep-u-repeated	corpus	no-unknown	skip	6	1566.92	1608	8.70057E-05	0	0	0	22987
U-deep-u-repeated	corpus	no-unknown	noop	6	622.87	0	0	0	0	0	61036
U-deep-u-repeated	corpus	no-unknown	parse	6	528.854	0	0	0	0	0	49114
U-deep-u-repeated	corpus	no-unknown	parsev	6	906.965	0	0	0	0	0	41290
U-oneof-u-repeated	corpus	no-unknown	ref	1	261.459	336	1.93797E-05	0	0	0	154801
U-oneof-u-repeated	corpus	no-unknown	skip	1	184.479	200	8.91993E-06	0	0	0	224217
U-oneof-u-repeated	corpus	no-unknown	noop	1	75.9837	0	0	0	0	0	511902
U-oneof-u-repeated	corpus	no-unknown	parse	1	63.9715	0	0	0	0	0	636789
U-oneof-u-repeated	corpus	no-unknown	parsev	1	80.2885	0	0	0	0	0	510906
U-oneof-u-repeated	corpus	no-unknown	pull	1	226	336	2.19837E-05	0	0	0	181953
U-oneof-u-repeated	corpus	no-unknown	pparse	1	63.5768	0	0	0	0	0	605961
U-oneof-u-repeated	corpus	no-unknown	touch	1	10.9859	0	0	0	0	0	3636194
U-oneof-u-repeated	corpus	no-unknown	strs	1	65.5411	136	7.13762E-06	0	0	0	560411
U-oneof-u-repeated	corpus	no-unknown	host	1	189.707	336	2.25772E-05	0	0	0	221462
U-oneof-u-repeated	corpus	no-unknown	inc	1	502.052	904	4.59975E-05	0	0	0	65221
U-oneof-u-repeated	corpus	no-unknown	skip	2	200.947	200	1.33799E-05	0	0	0	224217
U-oneof-u-repeated	corpus	no-unknown	noop	2	77.2256	0	0	0	0	0	511902
U-oneof-u-repeated	corpus	no-unknown	parse	2	64.5876	0	0	0	0	0	636789
U-oneof-u-repeated	corpus	no-unknown	parsev	2	83.2817	0	0	0	0	0	510906
U-oneof-u-repeated	corpus	no-unknown	pull	2	232.123	336	1.64878E-05	0	0	0	181953
U-oneof-u-repeated	corpus	no-unknown	pparse	2	66.8174	0	0	0	0	0	605961
U-oneof-u-repeated	corpus	no-unknown	touch	2	11.1611	0	0	0	0	0	3636194
U-oneof-u-repeated	corpus	no-unknown	strs	2	69.6978	136	8.92202E-06	0	0	0	560411
U-oneof-u-repeated	corpus	no-unknown	host	2	189.494	336	1.80618E-05	0	0	0	221462
U-oneof-u-repeated	corpus	no-unknown	inc	2	525.416	904	4.59975E-05	0	0	0	65221
U-oneof-u-repeated	corpus	no-unknown	ref	2	267.765	336	1.93797E-05	0	0	0	154801
U-oneof-u-repeated	corpus	no-unknown	noop	3	77.5857	0	0	0	0	0	511902
U-oneof-u-repeated	corpus	no-unknown	parse	3	62.8225	0	0	0	0	0	636789
U-oneof-u-repeated	corpus	no-unknown	parsev	3	80.9077	0	0	0	0	0	510906
U-oneof-u-repeated	corpus	no-unknown	pull	3	230.108	336	2.19837E-05	0	0	0	181953
U-oneof-u-repeated	corpus	no-unknown	pparse	3	65.3382	0	0	0	0	0	605961
U-oneof-u-repeated	corpus	no-unknown	touch	3	11.1649	0	0	0	0	0	3636194
U-oneof-u-repeated	corpus	no-unknown	strs	3	66.9238	136	7.13762E-06	0	0	0	560411
U-oneof-u-repeated	corpus	no-unknown	host	3	187.564	336	2.25772E-05	0	0	0	221462
U-oneof-u-repeated	corpus	no-unknown	inc	3	511.66	904	4.59975E-05	0	0	0	65221
U-oneof-u-repeated	corpus	no-unknown	ref	3	254.69	336	1.93797E-05	0	0	0	154801
U-oneof-u-repeated	corpus	no-unknown	skip	3	180.018	200	1.33799E-05	0	0	0	224217
U-oneof-u-repeated	corpus	no-unknown	parse	4	62.5244	0	0	0	0	0	636789
U-oneof-u-repeated	corpus	no-unknown	parsev	4	77.3656	0	0	0	0	0	510906
U-oneof-u-repeated	corpus	no-unknown	pull	4	227.185	336	1.64878E-05	0	0	0	181953
U-oneof-u-repeated	corpus	no-unknown	pparse	4	63.2908	0	0	0	0	0	605961
U-oneof-u-repeated	corpus	no-unknown	touch	4	10.9226	0	0	0	0	0	3636194
U-oneof-u-repeated	corpus	no-unknown	strs	4	66.3778	136	8.92202E-06	0	0	0	560411
U-oneof-u-repeated	corpus	no-unknown	host	4	184.817	336	1.80618E-05	0	0	0	221462
U-oneof-u-repeated	corpus	no-unknown	inc	4	489.64	904	4.59975E-05	0	0	0	65221
U-oneof-u-repeated	corpus	no-unknown	ref	4	256.009	336	1.93797E-05	0	0	0	154801
U-oneof-u-repeated	corpus	no-unknown	skip	4	181.775	200	1.33799E-05	0	0	0	224217
U-oneof-u-repeated	corpus	no-unknown	noop	4	76.4575	0	0	0	0	0	511902
U-oneof-u-repeated	corpus	no-unknown	parsev	5	78.5217	0	0	0	0	0	510906
U-oneof-u-repeated	corpus	no-unknown	pull	5	219.581	336	1.64878E-05	0	0	0	181953
U-oneof-u-repeated	corpus	no-unknown	pparse	5	61.6131	0	0	0	0	0	605961
U-oneof-u-repeated	corpus	no-unknown	touch	5	10.9563	0	0	0	0	0	3636194
U-oneof-u-repeated	corpus	no-unknown	strs	5	70.9562	136	8.92202E-06	0	0	0	560411
U-oneof-u-repeated	corpus	no-unknown	host	5	187.228	336	1.80618E-05	0	0	0	221462
U-oneof-u-repeated	corpus	no-unknown	inc	5	569.717	904	6.13299E-05	0	0	0	65221
U-oneof-u-repeated	corpus	no-unknown	ref	5	255.775	336	1.93797E-05	0	0	0	154801
U-oneof-u-repeated	corpus	no-unknown	skip	5	178.158	200	8.91993E-06	0	0	0	224217
U-oneof-u-repeated	corpus	no-unknown	noop	5	76.7037	0	0	0	0	0	511902
U-oneof-u-repeated	corpus	no-unknown	parse	5	62.9537	0	0	0	0	0	636789
U-oneof-u-repeated	corpus	no-unknown	pull	6	222.577	336	2.19837E-05	0	0	0	181953
U-oneof-u-repeated	corpus	no-unknown	pparse	6	61.7795	0	0	0	0	0	605961
U-oneof-u-repeated	corpus	no-unknown	touch	6	10.8173	0	0	0	0	0	3636194
U-oneof-u-repeated	corpus	no-unknown	strs	6	65.2577	136	7.13762E-06	0	0	0	560411
U-oneof-u-repeated	corpus	no-unknown	host	6	186.075	336	2.25772E-05	0	0	0	221462
U-oneof-u-repeated	corpus	no-unknown	inc	6	495.798	904	4.59975E-05	0	0	0	65221
U-oneof-u-repeated	corpus	no-unknown	ref	6	252.816	336	1.93797E-05	0	0	0	154801
U-oneof-u-repeated	corpus	no-unknown	skip	6	180.655	200	1.33799E-05	0	0	0	224217
U-oneof-u-repeated	corpus	no-unknown	noop	6	76.7827	0	0	0	0	0	511902
U-oneof-u-repeated	corpus	no-unknown	parse	6	62.957	0	0	0	0	0	636789
U-oneof-u-repeated	corpus	no-unknown	parsev	6	78.3197	0	0	0	0	0	510906
U-wire-ListTaskSummaryResponse-tasks-as-wt5	corpus	no-unknown	ref	1	2786.99	3616	0.000215858	0	0	0	13898
U-wire-ListTaskSummaryResponse-tasks-as-wt5	corpus	no-unknown	skip	1	1314.72	1312	7.21475E-05	0	0	0	27721
U-wire-ListTaskSummaryResponse-tasks-as-wt5	corpus	no-unknown	noop	1	401.337	0	0	0	0	0	99005
U-wire-ListTaskSummaryResponse-tasks-as-wt5	corpus	no-unknown	parse	1	376.17	0	0	0	0	0	107118
U-wire-ListTaskSummaryResponse-tasks-as-wt5	corpus	no-unknown	parsev	1	719.179	0	0	0	0	0	53161
U-wire-ListTaskSummaryResponse-tasks-as-wt5	corpus	no-unknown	pull	1	2626.92	3616	0.000202771	0	0	0	14795
U-wire-ListTaskSummaryResponse-tasks-as-wt5	corpus	no-unknown	pparse	1	365.18	0	0	0	0	0	108420
U-wire-ListTaskSummaryResponse-tasks-as-wt5	corpus	no-unknown	touch	1	43.3545	0	0	0	0	0	822767
U-wire-ListTaskSummaryResponse-tasks-as-wt5	corpus	no-unknown	strs	1	1002.44	1808	0.000114623	0	0	0	34897
U-wire-ListTaskSummaryResponse-tasks-as-wt5	corpus	no-unknown	host	1	2478.77	3616	0.000184366	0	0	0	16272
U-wire-ListTaskSummaryResponse-tasks-as-wt5	corpus	no-unknown	inc	1	3385.4	4504	0.000248983	0	0	0	12049
U-wire-ListTaskSummaryResponse-tasks-as-wt5	corpus	no-unknown	skip	2	1374.31	1312	0.000108221	0	0	0	27721
U-wire-ListTaskSummaryResponse-tasks-as-wt5	corpus	no-unknown	noop	2	421.799	0	0	0	0	0	99005
U-wire-ListTaskSummaryResponse-tasks-as-wt5	corpus	no-unknown	parse	2	398.52	0	0	0	0	0	107118
U-wire-ListTaskSummaryResponse-tasks-as-wt5	corpus	no-unknown	parsev	2	736.917	0	0	0	0	0	53161
U-wire-ListTaskSummaryResponse-tasks-as-wt5	corpus	no-unknown	pull	2	2796.18	3616	0.000202771	0	0	0	14795
U-wire-ListTaskSummaryResponse-tasks-as-wt5	corpus	no-unknown	pparse	2	367.174	0	0	0	0	0	108420
U-wire-ListTaskSummaryResponse-tasks-as-wt5	corpus	no-unknown	touch	2	43.9801	0	0	0	0	0	822767
U-wire-ListTaskSummaryResponse-tasks-as-wt5	corpus	no-unknown	strs	2	998.692	1808	8.59673E-05	0	0	0	34897
U-wire-ListTaskSummaryResponse-tasks-as-wt5	corpus	no-unknown	host	2	2483.21	3616	0.000245821	0	0	0	16272
U-wire-ListTaskSummaryResponse-tasks-as-wt5	corpus	no-unknown	inc	2	3353.67	4504	0.000248983	0	0	0	12049
U-wire-ListTaskSummaryResponse-tasks-as-wt5	corpus	no-unknown	ref	2	2833.4	3616	0.000215858	0	0	0	13898
U-wire-ListTaskSummaryResponse-tasks-as-wt5	corpus	no-unknown	noop	3	403.495	0	0	0	0	0	99005
U-wire-ListTaskSummaryResponse-tasks-as-wt5	corpus	no-unknown	parse	3	413.192	0	0	0	0	0	107118
U-wire-ListTaskSummaryResponse-tasks-as-wt5	corpus	no-unknown	parsev	3	763.151	0	0	0	0	0	53161
U-wire-ListTaskSummaryResponse-tasks-as-wt5	corpus	no-unknown	pull	3	2835.11	3616	0.000202771	0	0	0	14795
U-wire-ListTaskSummaryResponse-tasks-as-wt5	corpus	no-unknown	pparse	3	410.374	0	0	0	0	0	108420
U-wire-ListTaskSummaryResponse-tasks-as-wt5	corpus	no-unknown	touch	3	46.7882	0	0	0	0	0	822767
U-wire-ListTaskSummaryResponse-tasks-as-wt5	corpus	no-unknown	strs	3	1037.9	1808	0.000114623	0	0	0	34897
U-wire-ListTaskSummaryResponse-tasks-as-wt5	corpus	no-unknown	host	3	2458.64	3616	0.000184366	0	0	0	16272
U-wire-ListTaskSummaryResponse-tasks-as-wt5	corpus	no-unknown	inc	3	3298.52	4504	0.000248983	0	0	0	12049
U-wire-ListTaskSummaryResponse-tasks-as-wt5	corpus	no-unknown	ref	3	2886.27	3616	0.000215858	0	0	0	13898
U-wire-ListTaskSummaryResponse-tasks-as-wt5	corpus	no-unknown	skip	3	1302.76	1312	7.21475E-05	0	0	0	27721
U-wire-ListTaskSummaryResponse-tasks-as-wt5	corpus	no-unknown	parse	4	376.755	0	0	0	0	0	107118
U-wire-ListTaskSummaryResponse-tasks-as-wt5	corpus	no-unknown	parsev	4	729.169	0	0	0	0	0	53161
U-wire-ListTaskSummaryResponse-tasks-as-wt5	corpus	no-unknown	pull	4	2672.69	3616	0.000202771	0	0	0	14795
U-wire-ListTaskSummaryResponse-tasks-as-wt5	corpus	no-unknown	pparse	4	377.016	0	0	0	0	0	108420
U-wire-ListTaskSummaryResponse-tasks-as-wt5	corpus	no-unknown	touch	4	44.1512	0	0	0	0	0	822767
U-wire-ListTaskSummaryResponse-tasks-as-wt5	corpus	no-unknown	strs	4	1027.81	1808	0.000114623	0	0	0	34897
U-wire-ListTaskSummaryResponse-tasks-as-wt5	corpus	no-unknown	host	4	2508.93	3616	0.000184366	0	0	0	16272
U-wire-ListTaskSummaryResponse-tasks-as-wt5	corpus	no-unknown	inc	4	3416.88	4504	0.000248983	0	0	0	12049
U-wire-ListTaskSummaryResponse-tasks-as-wt5	corpus	no-unknown	ref	4	2858.79	3616	0.000215858	0	0	0	13898
U-wire-ListTaskSummaryResponse-tasks-as-wt5	corpus	no-unknown	skip	4	1321.11	1312	7.21475E-05	0	0	0	27721
U-wire-ListTaskSummaryResponse-tasks-as-wt5	corpus	no-unknown	noop	4	407.926	0	0	0	0	0	99005
U-wire-ListTaskSummaryResponse-tasks-as-wt5	corpus	no-unknown	parsev	5	728.123	0	0	0	0	0	53161
U-wire-ListTaskSummaryResponse-tasks-as-wt5	corpus	no-unknown	pull	5	2669.8	3616	0.000270362	0	0	0	14795
U-wire-ListTaskSummaryResponse-tasks-as-wt5	corpus	no-unknown	pparse	5	363.213	0	0	0	0	0	108420
U-wire-ListTaskSummaryResponse-tasks-as-wt5	corpus	no-unknown	touch	5	43.4759	0	0	0	0	0	822767
U-wire-ListTaskSummaryResponse-tasks-as-wt5	corpus	no-unknown	strs	5	1025.3	1808	8.59673E-05	0	0	0	34897
U-wire-ListTaskSummaryResponse-tasks-as-wt5	corpus	no-unknown	host	5	2518.1	3616	0.000245821	0	0	0	16272
U-wire-ListTaskSummaryResponse-tasks-as-wt5	corpus	no-unknown	inc	5	3366.35	4504	0.000248983	0	0	0	12049
U-wire-ListTaskSummaryResponse-tasks-as-wt5	corpus	no-unknown	ref	5	2921.59	3616	0.000215858	0	0	0	13898
U-wire-ListTaskSummaryResponse-tasks-as-wt5	corpus	no-unknown	skip	5	1319.77	1312	7.21475E-05	0	0	0	27721
U-wire-ListTaskSummaryResponse-tasks-as-wt5	corpus	no-unknown	noop	5	407.189	0	0	0	0	0	99005
U-wire-ListTaskSummaryResponse-tasks-as-wt5	corpus	no-unknown	parse	5	380.734	0	0	0	0	0	107118
U-wire-ListTaskSummaryResponse-tasks-as-wt5	corpus	no-unknown	pull	6	2643.27	3616	0.000202771	0	0	0	14795
U-wire-ListTaskSummaryResponse-tasks-as-wt5	corpus	no-unknown	pparse	6	364.392	0	0	0	0	0	108420
U-wire-ListTaskSummaryResponse-tasks-as-wt5	corpus	no-unknown	touch	6	44.0915	0	0	0	0	0	822767
U-wire-ListTaskSummaryResponse-tasks-as-wt5	corpus	no-unknown	strs	6	1027.48	1808	0.000114623	0	0	0	34897
U-wire-ListTaskSummaryResponse-tasks-as-wt5	corpus	no-unknown	host	6	2486.45	3616	0.000184366	0	0	0	16272
U-wire-ListTaskSummaryResponse-tasks-as-wt5	corpus	no-unknown	inc	6	3359.08	4504	0.000248983	0	0	0	12049
U-wire-ListTaskSummaryResponse-tasks-as-wt5	corpus	no-unknown	ref	6	2799.98	3616	0.000215858	0	0	0	13898
U-wire-ListTaskSummaryResponse-tasks-as-wt5	corpus	no-unknown	skip	6	1319.73	1312	7.21475E-05	0	0	0	27721
U-wire-ListTaskSummaryResponse-tasks-as-wt5	corpus	no-unknown	noop	6	401.174	0	0	0	0	0	99005
U-wire-ListTaskSummaryResponse-tasks-as-wt5	corpus	no-unknown	parse	6	369.33	0	0	0	0	0	107118
U-wire-ListTaskSummaryResponse-tasks-as-wt5	corpus	no-unknown	parsev	6	729.318	0	0	0	0	0	53161
U-wire-UploadResultDataMessage-upload-as-wt5	corpus	no-unknown	ref	1	207.069	296	1.5234E-05	0	0	0	196928
U-wire-UploadResultDataMessage-upload-as-wt5	corpus	no-unknown	skip	1	125.333	104	6.85009E-06	0	0	0	291967
U-wire-UploadResultDataMessage-upload-as-wt5	corpus	no-unknown	noop	1	52.9461	0	0	0	0	0	523063
U-wire-UploadResultDataMessage-upload-as-wt5	corpus	no-unknown	parse	1	42.3872	0	0	0	0	0	675184
U-wire-UploadResultDataMessage-upload-as-wt5	corpus	no-unknown	parsev	1	63.2385	0	0	0	0	0	348006
U-wire-UploadResultDataMessage-upload-as-wt5	corpus	no-unknown	pull	1	173.191	296	1.73849E-05	0	0	0	230085
U-wire-UploadResultDataMessage-upload-as-wt5	corpus	no-unknown	pparse	1	46.067	0	0	0	0	0	480716
U-wire-UploadResultDataMessage-upload-as-wt5	corpus	no-unknown	touch	1	5.98034	0	0	0	0	0	5047943
U-wire-UploadResultDataMessage-upload-as-wt5	corpus	no-unknown	strs	1	75.0675	192	1.21511E-05	0	0	0	493783
U-wire-UploadResultDataMessage-upload-as-wt5	corpus	no-unknown	host	1	143.613	296	1.47E-05	0	0	0	272109
U-wire-UploadResultDataMessage-upload-as-wt5	corpus	no-unknown	inc	1	348.113	728	4.53581E-05	0	0	0	110234
U-wire-UploadResultDataMessage-upload-as-wt5	corpus	no-unknown	skip	2	123.39	104	6.85009E-06	0	0	0	291967
U-wire-UploadResultDataMessage-upload-as-wt5	corpus	no-unknown	noop	2	51.5385	0	0	0	0	0	523063
U-wire-UploadResultDataMessage-upload-as-wt5	corpus	no-unknown	parse	2	42.4677	0	0	0	0	0	675184
U-wire-UploadResultDataMessage-upload-as-wt5	corpus	no-unknown	parsev	2	64.4267	0	0	0	0	0	348006
U-wire-UploadResultDataMessage-upload-as-wt5	corpus	no-unknown	pull	2	174.301	296	1.73849E-05	0	0	0	230085
U-wire-UploadResultDataMessage-upload-as-wt5	corpus	no-unknown	pparse	2	45.3688	0	0	0	0	0	480716
U-wire-UploadResultDataMessage-upload-as-wt5	corpus	no-unknown	touch	2	6.09854	0	0	0	0	0	5047943
U-wire-UploadResultDataMessage-upload-as-wt5	corpus	no-unknown	strs	2	75.4531	192	1.01259E-05	0	0	0	493783
U-wire-UploadResultDataMessage-upload-as-wt5	corpus	no-unknown	host	2	151.286	296	1.8375E-05	0	0	0	272109
U-wire-UploadResultDataMessage-upload-as-wt5	corpus	no-unknown	inc	2	358.801	728	3.62864E-05	0	0	0	110234
U-wire-UploadResultDataMessage-upload-as-wt5	corpus	no-unknown	ref	2	205.166	296	2.0312E-05	0	0	0	196928
U-wire-UploadResultDataMessage-upload-as-wt5	corpus	no-unknown	noop	3	51.0084	0	0	0	0	0	523063
U-wire-UploadResultDataMessage-upload-as-wt5	corpus	no-unknown	parse	3	42.1864	0	0	0	0	0	675184
U-wire-UploadResultDataMessage-upload-as-wt5	corpus	no-unknown	parsev	3	61.5561	0	0	0	0	0	348006
U-wire-UploadResultDataMessage-upload-as-wt5	corpus	no-unknown	pull	3	174.639	296	1.73849E-05	0	0	0	230085
U-wire-UploadResultDataMessage-upload-as-wt5	corpus	no-unknown	pparse	3	45.5494	0	0	0	0	0	480716
U-wire-UploadResultDataMessage-upload-as-wt5	corpus	no-unknown	touch	3	5.97472	0	0	0	0	0	5047943
U-wire-UploadResultDataMessage-upload-as-wt5	corpus	no-unknown	strs	3	74.3223	192	1.01259E-05	0	0	0	493783
U-wire-UploadResultDataMessage-upload-as-wt5	corpus	no-unknown	host	3	145.455	296	1.8375E-05	0	0	0	272109
U-wire-UploadResultDataMessage-upload-as-wt5	corpus	no-unknown	inc	3	354.978	728	4.53581E-05	0	0	0	110234
U-wire-UploadResultDataMessage-upload-as-wt5	corpus	no-unknown	ref	3	200.567	296	1.5234E-05	0	0	0	196928
U-wire-UploadResultDataMessage-upload-as-wt5	corpus	no-unknown	skip	3	123.394	104	6.85009E-06	0	0	0	291967
U-wire-UploadResultDataMessage-upload-as-wt5	corpus	no-unknown	parse	4	42.1023	0	0	0	0	0	675184
U-wire-UploadResultDataMessage-upload-as-wt5	corpus	no-unknown	parsev	4	61.6801	0	0	0	0	0	348006
U-wire-UploadResultDataMessage-upload-as-wt5	corpus	no-unknown	pull	4	176.572	296	1.73849E-05	0	0	0	230085
U-wire-UploadResultDataMessage-upload-as-wt5	corpus	no-unknown	pparse	4	45.4501	0	0	0	0	0	480716
U-wire-UploadResultDataMessage-upload-as-wt5	corpus	no-unknown	touch	4	5.99712	0	0	0	0	0	5047943
U-wire-UploadResultDataMessage-upload-as-wt5	corpus	no-unknown	strs	4	75.1308	192	1.01259E-05	0	0	0	493783
U-wire-UploadResultDataMessage-upload-as-wt5	corpus	no-unknown	host	4	146.988	296	1.8375E-05	0	0	0	272109
U-wire-UploadResultDataMessage-upload-as-wt5	corpus	no-unknown	inc	4	355.265	728	3.62864E-05	0	0	0	110234
U-wire-UploadResultDataMessage-upload-as-wt5	corpus	no-unknown	ref	4	204.9	296	2.0312E-05	0	0	0	196928
U-wire-UploadResultDataMessage-upload-as-wt5	corpus	no-unknown	skip	4	124.553	104	6.85009E-06	0	0	0	291967
U-wire-UploadResultDataMessage-upload-as-wt5	corpus	no-unknown	noop	4	51.1322	0	0	0	0	0	523063
U-wire-UploadResultDataMessage-upload-as-wt5	corpus	no-unknown	parsev	5	61.95	0	0	0	0	0	348006
U-wire-UploadResultDataMessage-upload-as-wt5	corpus	no-unknown	pull	5	175.816	296	1.73849E-05	0	0	0	230085
U-wire-UploadResultDataMessage-upload-as-wt5	corpus	no-unknown	pparse	5	45.4485	0	0	0	0	0	480716
U-wire-UploadResultDataMessage-upload-as-wt5	corpus	no-unknown	touch	5	5.98601	0	0	0	0	0	5047943
U-wire-UploadResultDataMessage-upload-as-wt5	corpus	no-unknown	strs	5	76.7489	192	1.01259E-05	0	0	0	493783
U-wire-UploadResultDataMessage-upload-as-wt5	corpus	no-unknown	host	5	146.451	296	1.8375E-05	0	0	0	272109
U-wire-UploadResultDataMessage-upload-as-wt5	corpus	no-unknown	inc	5	372.989	728	3.62864E-05	0	0	0	110234
U-wire-UploadResultDataMessage-upload-as-wt5	corpus	no-unknown	ref	5	200.65	296	2.0312E-05	0	0	0	196928
U-wire-UploadResultDataMessage-upload-as-wt5	corpus	no-unknown	skip	5	123.923	104	6.85009E-06	0	0	0	291967
U-wire-UploadResultDataMessage-upload-as-wt5	corpus	no-unknown	noop	5	51.0222	0	0	0	0	0	523063
U-wire-UploadResultDataMessage-upload-as-wt5	corpus	no-unknown	parse	5	42.1865	0	0	0	0	0	675184
U-wire-UploadResultDataMessage-upload-as-wt5	corpus	no-unknown	pull	6	179.303	296	1.30387E-05	0	0	0	230085
U-wire-UploadResultDataMessage-upload-as-wt5	corpus	no-unknown	pparse	6	45.6342	0	0	0	0	0	480716
U-wire-UploadResultDataMessage-upload-as-wt5	corpus	no-unknown	touch	6	5.97048	0	0	0	0	0	5047943
U-wire-UploadResultDataMessage-upload-as-wt5	corpus	no-unknown	strs	6	76.5806	192	1.21511E-05	0	0	0	493783
U-wire-UploadResultDataMessage-upload-as-wt5	corpus	no-unknown	host	6	143.016	296	1.8375E-05	0	0	0	272109
U-wire-UploadResultDataMessage-upload-as-wt5	corpus	no-unknown	inc	6	358.344	728	3.62864E-05	0	0	0	110234
U-wire-UploadResultDataMessage-upload-as-wt5	corpus	no-unknown	ref	6	202.188	296	2.0312E-05	0	0	0	196928
U-wire-UploadResultDataMessage-upload-as-wt5	corpus	no-unknown	skip	6	121.884	104	3.42504E-06	0	0	0	291967
U-wire-UploadResultDataMessage-upload-as-wt5	corpus	no-unknown	noop	6	51.7531	0	0	0	0	0	523063
U-wire-UploadResultDataMessage-upload-as-wt5	corpus	no-unknown	parse	6	43.0722	0	0	0	0	0	675184
U-wire-UploadResultDataMessage-upload-as-wt5	corpus	no-unknown	parsev	6	63.6164	0	0	0	0	0	348006
U-wire-ListMetricsResponse-batches-as-wt0	corpus	no-unknown	ref	1	3490.12	4720	0.000253711	0	0	0	7883
U-wire-ListMetricsResponse-batches-as-wt0	corpus	no-unknown	skip	1	3571.18	4528	0.000337752	0	0	0	11843
U-wire-ListMetricsResponse-batches-as-wt0	corpus	no-unknown	noop	1	877.529	0	0	0	0	0	45382
U-wire-ListMetricsResponse-batches-as-wt0	corpus	no-unknown	parse	1	753.832	0	0	0	0	0	52902
U-wire-ListMetricsResponse-batches-as-wt0	corpus	no-unknown	parsev	1	787.338	0	0	0	0	0	50380
U-wire-ListMetricsResponse-batches-as-wt0	corpus	no-unknown	pull	1	3505.85	4720	0.000153304	0	0	0	6523
U-wire-ListMetricsResponse-batches-as-wt0	corpus	no-unknown	pparse	1	891.477	0	0	0	0	0	43826
U-wire-ListMetricsResponse-batches-as-wt0	corpus	no-unknown	touch	1	256.936	0	0	0	0	0	145459
U-wire-ListMetricsResponse-batches-as-wt0	corpus	no-unknown	strs	1	76.4977	192	1.14109E-05	0	0	0	525812
U-wire-ListMetricsResponse-batches-as-wt0	corpus	no-unknown	host	1	3573.94	4720	0.000288462	0	0	0	10400
U-wire-ListMetricsResponse-batches-as-wt0	corpus	no-unknown	inc	1	3738.78	4072	0.000288684	0	0	0	10392
U-wire-ListMetricsResponse-batches-as-wt0	corpus	no-unknown	skip	2	3331.02	4528	0.000253314	0	0	0	11843
U-wire-ListMetricsResponse-batches-as-wt0	corpus	no-unknown	noop	2	832.41	0	0	0	0	0	45382
U-wire-ListMetricsResponse-batches-as-wt0	corpus	no-unknown	parse	2	734.4	0	0	0	0	0	52902
U-wire-ListMetricsResponse-batches-as-wt0	corpus	no-unknown	parsev	2	777.783	0	0	0	0	0	50380
U-wire-ListMetricsResponse-batches-as-wt0	corpus	no-unknown	pull	2	4493.84	4720	0.000153304	0	0	0	6523
U-wire-ListMetricsResponse-batches-as-wt0	corpus	no-unknown	pparse	2	935.537	0	0	0	0	0	43826
U-wire-ListMetricsResponse-batches-as-wt0	corpus	no-unknown	touch	2	266.56	0	0	0	0	0	145459
U-wire-ListMetricsResponse-batches-as-wt0	corpus	no-unknown	strs	2	76.2992	192	1.14109E-05	0	0	0	525812
U-wire-ListMetricsResponse-batches-as-wt0	corpus	no-unknown	host	2	3558.35	4720	0.000288462	0	0	0	10400
U-wire-ListMetricsResponse-batches-as-wt0	corpus	no-unknown	inc	2	3775.89	4072	0.000288684	0	0	0	10392
U-wire-ListMetricsResponse-batches-as-wt0	corpus	no-unknown	ref	2	3531.29	4720	0.000253711	0	0	0	7883
U-wire-ListMetricsResponse-batches-as-wt0	corpus	no-unknown	noop	3	853.163	0	0	0	0	0	45382
U-wire-ListMetricsResponse-batches-as-wt0	corpus	no-unknown	parse	3	748.719	0	0	0	0	0	52902
U-wire-ListMetricsResponse-batches-as-wt0	corpus	no-unknown	parsev	3	836.945	0	0	0	0	0	50380
U-wire-ListMetricsResponse-batches-as-wt0	corpus	no-unknown	pull	3	4156.14	4720	0.000306607	0	0	0	6523
U-wire-ListMetricsResponse-batches-as-wt0	corpus	no-unknown	pparse	3	1040.66	0	0	0	0	0	43826
U-wire-ListMetricsResponse-batches-as-wt0	corpus	no-unknown	touch	3	296.295	0	0	0	0	0	145459
U-wire-ListMetricsResponse-batches-as-wt0	corpus	no-unknown	strs	3	77.021	192	9.5091E-06	0	0	0	525812
U-wire-ListMetricsResponse-batches-as-wt0	corpus	no-unknown	host	3	3688.25	4720	0.000288462	0	0	0	10400
U-wire-ListMetricsResponse-batches-as-wt0	corpus	no-unknown	inc	3	3789.31	4072	0.000288684	0	0	0	10392
U-wire-ListMetricsResponse-batches-as-wt0	corpus	no-unknown	ref	3	3462.73	4720	0.000253711	0	0	0	7883
U-wire-ListMetricsResponse-batches-as-wt0	corpus	no-unknown	skip	3	3377.27	4528	0.000253314	0	0	0	11843
U-wire-ListMetricsResponse-batches-as-wt0	corpus	no-unknown	parse	4	776.796	0	0	0	0	0	52902
U-wire-ListMetricsResponse-batches-as-wt0	corpus	no-unknown	parsev	4	834.416	0	0	0	0	0	50380
U-wire-ListMetricsResponse-batches-as-wt0	corpus	no-unknown	pull	4	4127.54	4720	0.000306607	0	0	0	6523
U-wire-ListMetricsResponse-batches-as-wt0	corpus	no-unknown	pparse	4	975.875	0	0	0	0	0	43826
U-wire-ListMetricsResponse-batches-as-wt0	corpus	no-unknown	touch	4	268.941	0	0	0	0	0	145459
U-wire-ListMetricsResponse-batches-as-wt0	corpus	no-unknown	strs	4	80.6785	192	1.14109E-05	0	0	0	525812
U-wire-ListMetricsResponse-batches-as-wt0	corpus	no-unknown	host	4	3758.79	4720	0.000192308	0	0	0	10400
U-wire-ListMetricsResponse-batches-as-wt0	corpus	no-unknown	inc	4	3874.71	4072	0.000288684	0	0	0	10392
U-wire-ListMetricsResponse-batches-as-wt0	corpus	no-unknown	ref	4	3904.22	4720	0.000253711	0	0	0	7883
U-wire-ListMetricsResponse-batches-as-wt0	corpus	no-unknown	skip	4	3548.42	4528	0.000253314	0	0	0	11843
U-wire-ListMetricsResponse-batches-as-wt0	corpus	no-unknown	noop	4	940.448	0	0	0	0	0	45382
U-wire-ListMetricsResponse-batches-as-wt0	corpus	no-unknown	parsev	5	798.002	0	0	0	0	0	50380
U-wire-ListMetricsResponse-batches-as-wt0	corpus	no-unknown	pull	5	3795.31	4720	0.000306607	0	0	0	6523
U-wire-ListMetricsResponse-batches-as-wt0	corpus	no-unknown	pparse	5	942.502	0	0	0	0	0	43826
U-wire-ListMetricsResponse-batches-as-wt0	corpus	no-unknown	touch	5	264.712	0	0	0	0	0	145459
U-wire-ListMetricsResponse-batches-as-wt0	corpus	no-unknown	strs	5	77.9062	192	1.14109E-05	0	0	0	525812
U-wire-ListMetricsResponse-batches-as-wt0	corpus	no-unknown	host	5	3622.43	4720	0.000288462	0	0	0	10400
U-wire-ListMetricsResponse-batches-as-wt0	corpus	no-unknown	inc	5	3702.47	4072	0.000192456	0	0	0	10392
U-wire-ListMetricsResponse-batches-as-wt0	corpus	no-unknown	ref	5	3771.48	4720	0.000253711	0	0	0	7883
U-wire-ListMetricsResponse-batches-as-wt0	corpus	no-unknown	skip	5	3436.15	4528	0.000253314	0	0	0	11843
U-wire-ListMetricsResponse-batches-as-wt0	corpus	no-unknown	noop	5	855.382	0	0	0	0	0	45382
U-wire-ListMetricsResponse-batches-as-wt0	corpus	no-unknown	parse	5	755.221	0	0	0	0	0	52902
U-wire-ListMetricsResponse-batches-as-wt0	corpus	no-unknown	pull	6	3635.04	4720	0.000306607	0	0	0	6523
U-wire-ListMetricsResponse-batches-as-wt0	corpus	no-unknown	pparse	6	901.796	0	0	0	0	0	43826
U-wire-ListMetricsResponse-batches-as-wt0	corpus	no-unknown	touch	6	260.492	0	0	0	0	0	145459
U-wire-ListMetricsResponse-batches-as-wt0	corpus	no-unknown	strs	6	79.7329	192	1.14109E-05	0	0	0	525812
U-wire-ListMetricsResponse-batches-as-wt0	corpus	no-unknown	host	6	3657.52	4720	0.000288462	0	0	0	10400
U-wire-ListMetricsResponse-batches-as-wt0	corpus	no-unknown	inc	6	3801.1	4072	0.000192456	0	0	0	10392
U-wire-ListMetricsResponse-batches-as-wt0	corpus	no-unknown	ref	6	3464.63	4720	0.000253711	0	0	0	7883
U-wire-ListMetricsResponse-batches-as-wt0	corpus	no-unknown	skip	6	3367.79	4528	0.000337752	0	0	0	11843
U-wire-ListMetricsResponse-batches-as-wt0	corpus	no-unknown	noop	6	876.226	0	0	0	0	0	45382
U-wire-ListMetricsResponse-batches-as-wt0	corpus	no-unknown	parse	6	765.854	0	0	0	0	0	52902
U-wire-ListMetricsResponse-batches-as-wt0	corpus	no-unknown	parsev	6	781.7	0	0	0	0	0	50380
U-wire-DualResponse-left-as-wt5	corpus	no-unknown	ref	1	425.607	496	3.17612E-05	0	0	0	94455
U-wire-DualResponse-left-as-wt5	corpus	no-unknown	skip	1	298.053	336	1.47746E-05	0	0	0	135367
U-wire-DualResponse-left-as-wt5	corpus	no-unknown	noop	1	113.701	0	0	0	0	0	311889
U-wire-DualResponse-left-as-wt5	corpus	no-unknown	parse	1	94.7889	0	0	0	0	0	456003
U-wire-DualResponse-left-as-wt5	corpus	no-unknown	parsev	1	126.741	0	0	0	0	0	326969
U-wire-DualResponse-left-as-wt5	corpus	no-unknown	pull	1	371.408	496	2.67816E-05	0	0	0	112017
U-wire-DualResponse-left-as-wt5	corpus	no-unknown	pparse	1	96.6289	0	0	0	0	0	453865
U-wire-DualResponse-left-as-wt5	corpus	no-unknown	touch	1	13.065	0	0	0	0	0	2934914
U-wire-DualResponse-left-as-wt5	corpus	no-unknown	strs	1	112.493	160	1.08926E-05	0	0	0	367222
U-wire-DualResponse-left-as-wt5	corpus	no-unknown	host	1	314.669	496	2.57619E-05	0	0	0	116451
U-wire-DualResponse-left-as-wt5	corpus	no-unknown	inc	1	688.544	984	5.59858E-05	0	0	0	53585
U-wire-DualResponse-left-as-wt5	corpus	no-unknown	skip	2	288.909	336	2.2162E-05	0	0	0	135367
U-wire-DualResponse-left-as-wt5	corpus	no-unknown	noop	2	115.875	0	0	0	0	0	311889
U-wire-DualResponse-left-as-wt5	corpus	no-unknown	parse	2	97.1037	0	0	0	0	0	456003
U-wire-DualResponse-left-as-wt5	corpus	no-unknown	parsev	2	122.916	0	0	0	0	0	326969
U-wire-DualResponse-left-as-wt5	corpus	no-unknown	pull	2	382.928	496	2.67816E-05	0	0	0	112017
U-wire-DualResponse-left-as-wt5	corpus	no-unknown	pparse	2	96.0135	0	0	0	0	0	453865
U-wire-DualResponse-left-as-wt5	corpus	no-unknown	touch	2	12.2582	0	0	0	0	0	2934914
U-wire-DualResponse-left-as-wt5	corpus	no-unknown	strs	2	108.898	160	1.08926E-05	0	0	0	367222
U-wire-DualResponse-left-as-wt5	corpus	no-unknown	host	2	356.238	496	2.57619E-05	0	0	0	116451
U-wire-DualResponse-left-as-wt5	corpus	no-unknown	inc	2	727.035	984	5.59858E-05	0	0	0	53585
U-wire-DualResponse-left-as-wt5	corpus	no-unknown	ref	2	411.68	496	3.17612E-05	0	0	0	94455
U-wire-DualResponse-left-as-wt5	corpus	no-unknown	noop	3	120.134	0	0	0	0	0	311889
U-wire-DualResponse-left-as-wt5	corpus	no-unknown	parse	3	89.6356	0	0	0	0	0	456003
U-wire-DualResponse-left-as-wt5	corpus	no-unknown	parsev	3	127.809	0	0	0	0	0	326969
U-wire-DualResponse-left-as-wt5	corpus	no-unknown	pull	3	353.083	496	2.67816E-05	0	0	0	112017
U-wire-DualResponse-left-as-wt5	corpus	no-unknown	pparse	3	90.0107	0	0	0	0	0	453865
U-wire-DualResponse-left-as-wt5	corpus	no-unknown	touch	3	12.1131	0	0	0	0	0	2934914
U-wire-DualResponse-left-as-wt5	corpus	no-unknown	strs	3	109.398	160	8.16945E-06	0	0	0	367222
U-wire-DualResponse-left-as-wt5	corpus	no-unknown	host	3	358.201	496	3.43492E-05	0	0	0	116451
U-wire-DualResponse-left-as-wt5	corpus	no-unknown	inc	3	727.816	984	5.59858E-05	0	0	0	53585
U-wire-DualResponse-left-as-wt5	corpus	no-unknown	ref	3	425.79	496	2.11741E-05	0	0	0	94455
U-wire-DualResponse-left-as-wt5	corpus	no-unknown	skip	3	288.968	336	2.2162E-05	0	0	0	135367
U-wire-DualResponse-left-as-wt5	corpus	no-unknown	parse	4	95.2999	0	0	0	0	0	456003
U-wire-DualResponse-left-as-wt5	corpus	no-unknown	parsev	4	131.753	0	0	0	0	0	326969
U-wire-DualResponse-left-as-wt5	corpus	no-unknown	pull	4	380.605	496	2.67816E-05	0	0	0	112017
U-wire-DualResponse-left-as-wt5	corpus	no-unknown	pparse	4	91.0097	0	0	0	0	0	453865
U-wire-DualResponse-left-as-wt5	corpus	no-unknown	touch	4	12.0839	0	0	0	0	0	2934914
U-wire-DualResponse-left-as-wt5	corpus	no-unknown	strs	4	109.517	160	1.08926E-05	2.72315E-06	0	0	367222
U-wire-DualResponse-left-as-wt5	corpus	no-unknown	host	4	302.632	496	2.57619E-05	0	0	0	116451
U-wire-DualResponse-left-as-wt5	corpus	no-unknown	inc	4	667.559	984	5.59858E-05	0	0	0	53585
U-wire-DualResponse-left-as-wt5	corpus	no-unknown	ref	4	448.976	496	3.17612E-05	0	0	0	94455
U-wire-DualResponse-left-as-wt5	corpus	no-unknown	skip	4	283.531	336	1.47746E-05	0	0	0	135367
U-wire-DualResponse-left-as-wt5	corpus	no-unknown	noop	4	113.249	0	0	0	0	0	311889
U-wire-DualResponse-left-as-wt5	corpus	no-unknown	parsev	5	122.642	0	0	0	0	0	326969
U-wire-DualResponse-left-as-wt5	corpus	no-unknown	pull	5	368.916	496	3.57089E-05	0	0	0	112017
U-wire-DualResponse-left-as-wt5	corpus	no-unknown	pparse	5	88.9063	0	0	0	0	0	453865
U-wire-DualResponse-left-as-wt5	corpus	no-unknown	touch	5	12.5148	0	0	0	0	0	2934914
U-wire-DualResponse-left-as-wt5	corpus	no-unknown	strs	5	108.284	160	8.16945E-06	0	0	0	367222
U-wire-DualResponse-left-as-wt5	corpus	no-unknown	host	5	319.068	496	2.57619E-05	0	0	0	116451
U-wire-DualResponse-left-as-wt5	corpus	no-unknown	inc	5	683.368	984	5.59858E-05	0	0	0	53585
U-wire-DualResponse-left-as-wt5	corpus	no-unknown	ref	5	412.337	496	3.17612E-05	0	0	0	94455
U-wire-DualResponse-left-as-wt5	corpus	no-unknown	skip	5	309.742	336	2.2162E-05	0	0	0	135367
U-wire-DualResponse-left-as-wt5	corpus	no-unknown	noop	5	111.984	0	0	0	0	0	311889
U-wire-DualResponse-left-as-wt5	corpus	no-unknown	parse	5	88.7047	0	0	0	0	0	456003
U-wire-DualResponse-left-as-wt5	corpus	no-unknown	pull	6	362.043	496	2.67816E-05	0	0	0	112017
U-wire-DualResponse-left-as-wt5	corpus	no-unknown	pparse	6	90.52	0	0	0	0	0	453865
U-wire-DualResponse-left-as-wt5	corpus	no-unknown	touch	6	12.3545	0	0	0	0	0	2934914
U-wire-DualResponse-left-as-wt5	corpus	no-unknown	strs	6	110.354	160	8.16945E-06	0	0	0	367222
U-wire-DualResponse-left-as-wt5	corpus	no-unknown	host	6	306.241	496	3.43492E-05	0	0	0	116451
U-wire-DualResponse-left-as-wt5	corpus	no-unknown	inc	6	655.399	984	5.59858E-05	0	0	0	53585
U-wire-DualResponse-left-as-wt5	corpus	no-unknown	ref	6	431.158	496	3.17612E-05	0	0	0	94455
U-wire-DualResponse-left-as-wt5	corpus	no-unknown	skip	6	283.825	336	1.47746E-05	0	0	0	135367
U-wire-DualResponse-left-as-wt5	corpus	no-unknown	noop	6	108.971	0	0	0	0	0	311889
U-wire-DualResponse-left-as-wt5	corpus	no-unknown	parse	6	91.8803	0	0	0	0	0	456003
U-wire-DualResponse-left-as-wt5	corpus	no-unknown	parsev	6	122.205	0	0	0	0	0	326969
