n	path	round	cpu_ns_per_string	minflt_per_op	gc0_per_op	gc1_per_op	gc2_per_op	ops
1	live	1	64.11	0.0003731	0	0	0	1047901
1	chunk64	1	40.60	0	0	0	0	1002879
1	fixed64	1	4.01	0	0	0	0	10761515
1	chunk64	2	40.45	0	0	0	0	1002879
1	fixed64	2	4.09	9.292E-08	0	0	0	10761515
1	live	2	41.65	0	0	0	0	1047901
1	fixed64	3	3.99	0	0	0	0	10761515
1	live	3	41.06	0	0	0	0	1047901
1	chunk64	3	40.33	0	0	0	0	1002879
1	live	4	45.15	8.589E-06	0	0	0	1047901
1	chunk64	4	51.62	6.282E-05	0	0	0	1002879
1	fixed64	4	4.03	0	0	0	0	10761515
1	chunk64	5	41.09	0	0	0	0	1002879
1	fixed64	5	4.40	7.434E-07	0	0	0	10761515
1	live	5	43.10	0	0	0	0	1047901
1	fixed64	6	4.17	2.788E-07	0	0	0	10761515
1	live	6	46.81	4.771E-06	0	0	0	1047901
1	chunk64	6	40.36	0	0	0	0	1002879
16	live	1	44.07	0	0	0	0	57037
16	chunk64	1	44.49	0	0	0	0	58371
16	fixed64	1	2.14	0	0	0	0	1191663
16	chunk64	2	45.43	3.426E-05	0	0	0	58371
16	fixed64	2	2.03	0	0	0	0	1191663
16	live	2	43.67	0	0	0	0	57037
16	fixed64	3	2.02	0	0	0	0	1191663
16	live	3	52.72	0.0001929	0	0	0	57037
16	chunk64	3	44.52	0	0	0	0	58371
16	live	4	44.07	0	0	0	0	57037
16	chunk64	4	43.60	0	0	0	0	58371
16	fixed64	4	2.16	0	0	0	0	1191663
16	chunk64	5	52.54	1.713E-05	0	0	0	58371
16	fixed64	5	2.04	0	0	0	0	1191663
16	live	5	43.49	0	0	0	0	57037
16	fixed64	6	2.03	0	0	0	0	1191663
16	live	6	49.74	0.0002455	0	0	0	57037
16	chunk64	6	43.68	0	0	0	0	58371
64	live	1	43.55	0	0	0	0	14322
64	chunk64	1	45.48	6.9E-05	0	0	0	14493
64	fixed64	1	7.65	0	0	0	0	81582
64	chunk64	2	44.27	0	0	0	0	14493
64	fixed64	2	7.64	0	0	0	0	81582
64	live	2	43.75	0	0	0	0	14322
64	fixed64	3	7.69	0	0	0	0	81582
64	live	3	43.78	0	0	0	0	14322
64	chunk64	3	44.69	0	0	0	0	14493
64	live	4	43.64	0	0	0	0	14322
64	chunk64	4	51.36	0.000207	0	0	0	14493
64	fixed64	4	7.72	0	0	0	0	81582
64	chunk64	5	44.25	0	0	0	0	14493
64	fixed64	5	7.68	0	0	0	0	81582
64	live	5	43.76	0	0	0	0	14322
64	fixed64	6	7.57	0	0	0	0	81582
64	live	6	43.95	0	0	0	0	14322
64	chunk64	6	44.57	0	0	0	0	14493
256	live	1	75.08	0	0	0	0	2074
256	chunk64	1	44.16	0	0	0	0	3589
256	fixed64	1	7.94	0	0	0	0	19895
256	chunk64	2	44.68	0	0	0	0	3589
256	fixed64	2	7.66	0	0	0	0	19895
256	live	2	75.91	0	0	0	0	2074
256	fixed64	3	7.89	0	0	0	0	19895
256	live	3	75.36	0	0	0	0	2074
256	chunk64	3	44.04	0	0	0	0	3589
256	live	4	75.59	0	0	0	0	2074
256	chunk64	4	48.77	0.0008359	0	0	0	3589
256	fixed64	4	7.92	0	0	0	0	19895
256	chunk64	5	44.31	0	0	0	0	3589
256	fixed64	5	7.86	0	0	0	0	19895
256	live	5	78.64	0.0004822	0	0	0	2074
256	fixed64	6	7.86	0	0	0	0	19895
256	live	6	75.84	0	0	0	0	2074
256	chunk64	6	44.35	0	0	0	0	3589
1024	live	1	85.70	0	0	0	0	461
1024	chunk64	1	44.67	0	0	0	0	896
1024	fixed64	1	7.85	0	0	0	0	4998
1024	chunk64	2	44.91	0	0	0	0	896
1024	fixed64	2	7.81	0	0	0	0	4998
1024	live	2	85.11	0	0	0	0	461
1024	fixed64	3	7.82	0	0	0	0	4998
1024	live	3	84.46	0	0	0	0	461
1024	chunk64	3	44.55	0	0	0	0	896
1024	live	4	85.30	0	0	0	0	461
1024	chunk64	4	44.81	0	0	0	0	896
1024	fixed64	4	7.82	0	0	0	0	4998
1024	chunk64	5	44.85	0	0	0	0	896
1024	fixed64	5	7.81	0	0	0	0	4998
1024	live	5	85.19	0	0	0	0	461
1024	fixed64	6	7.80	0	0	0	0	4998
1024	live	6	85.81	0	0	0	0	461
1024	chunk64	6	45.40	0	0	0	0	896
5000	live	1	89.93	0	0	0	0	89
5000	chunk64	1	45.64	0	0	0	0	179
5000	fixed64	1	8.00	0	0	0	0	996
5000	chunk64	2	44.85	0	0	0	0	179
5000	fixed64	2	7.77	0	0	0	0	996
5000	live	2	89.34	0	0	0	0	89
5000	fixed64	3	7.76	0	0	0	0	996
5000	live	3	89.27	0	0	0	0	89
5000	chunk64	3	45.42	0	0	0	0	179
5000	live	4	89.20	0	0	0	0	89
5000	chunk64	4	45.60	0	0	0	0	179
5000	fixed64	4	7.75	0	0	0	0	996
5000	chunk64	5	45.58	0	0	0	0	179
5000	fixed64	5	7.80	0	0	0	0	996
5000	live	5	89.40	0	0	0	0	89
5000	fixed64	6	7.77	0	0	0	0	996
5000	live	6	89.21	0	0	0	0	89
5000	chunk64	6	45.52	0	0	0	0	179
17167	live	1	92.76	0	0	0	0	24
17167	chunk64	1	46.53	0	0	0	0	51
17167	fixed64	1	7.58	0	0	0	0	296
17167	chunk64	2	46.93	0	0	0	0	51
17167	fixed64	2	7.83	0	0	0	0	296
17167	live	2	91.67	0	0	0	0	24
17167	fixed64	3	7.80	0	0	0	0	296
17167	live	3	93.08	0	0	0	0	24
17167	chunk64	3	46.29	0	0	0	0	51
17167	live	4	93.06	0	0	0	0	24
17167	chunk64	4	46.56	0	0	0	0	51
17167	fixed64	4	8.04	0	0	0	0	296
17167	chunk64	5	46.80	0	0	0	0	51
17167	fixed64	5	7.84	0	0	0	0	296
17167	live	5	92.84	0	0	0	0	24
17167	fixed64	6	7.87	0	0	0	0	296
17167	live	6	92.28	0	0	0	0	24
17167	chunk64	6	46.17	0	0	0	0	51
26267	live	1	95.50	0	0	0	0	16
26267	chunk64	1	46.05	0	0	0	0	33
26267	fixed64	1	7.79	0	0	0	0	195
26267	chunk64	2	46.14	0	0	0	0	33
26267	fixed64	2	7.77	0	0	0	0	195
26267	live	2	93.27	0	0	0	0	16
26267	fixed64	3	7.78	0	0	0	0	195
26267	live	3	94.66	0	0	0	0	16
26267	chunk64	3	46.05	0	0	0	0	33
26267	live	4	93.69	0	0	0	0	16
26267	chunk64	4	46.61	0	0	0	0	33
26267	fixed64	4	7.82	0	0	0	0	195
26267	chunk64	5	46.81	0	0	0	0	33
26267	fixed64	5	7.78	0	0	0	0	195
26267	live	5	94.13	0	0	0	0	16
26267	fixed64	6	7.80	0	0	0	0	195
26267	live	6	97.66	0	0	0	0	16
26267	chunk64	6	45.65	0	0	0	0	33
