Method,Job,AnalyzeLaunchVariance,EvaluateOverhead,MaxAbsoluteError,MaxRelativeError,MinInvokeCount,MinIterationTime,OutlierMode,Affinity,EnvironmentVariables,Jit,LargeAddressAware,Platform,PowerPlanMode,Runtime,AllowVeryLargeObjects,Concurrent,CpuGroups,Force,HeapAffinitizeMask,HeapCount,NoAffinitize,RetainVm,Server,Arguments,BuildConfiguration,Clock,EngineFactory,NuGetReferences,Toolchain,IsMutator,InvocationCount,IterationCount,IterationTime,LaunchCount,MaxIterationCount,MaxWarmupIterationCount,MemoryRandomization,MinIterationCount,MinWarmupIterationCount,RunStrategy,UnrollFactor,WarmupCount,Payload,Mean,Error,StdDev,Ratio,RatioSD,Gen0,Gen1,Gen2,Allocated,Alloc Ratio
gp-writeto,DefaultJob,False,Default,Default,Default,Default,Default,Default,1111,Empty,RyuJit,Default,X64,8c5e7fda-e8bf-4a96-9a85-a6e23a8c635c,.NET 8.0,False,True,False,True,Default,Default,False,False,False,Default,Default,Default,Default,Default,Default,Default,Default,Default,Default,Default,Default,Default,Default,Default,Default,Default,16,Default,P1.1,"1,572.15 ns",11.395 ns,10.101 ns,1.00,0.01,0.0000,0.0000,0.0000,0 B,NA
gp-bufferwriter,DefaultJob,False,Default,Default,Default,Default,Default,Default,1111,Empty,RyuJit,Default,X64,8c5e7fda-e8bf-4a96-9a85-a6e23a8c635c,.NET 8.0,False,True,False,True,Default,Default,False,False,False,Default,Default,Default,Default,Default,Default,Default,Default,Default,Default,Default,Default,Default,Default,Default,Default,Default,16,Default,P1.1,"1,231.99 ns",10.888 ns,9.652 ns,0.78,0.01,0.0000,0.0000,0.0000,0 B,NA
gp-tobytearray,DefaultJob,False,Default,Default,Default,Default,Default,Default,1111,Empty,RyuJit,Default,X64,8c5e7fda-e8bf-4a96-9a85-a6e23a8c635c,.NET 8.0,False,True,False,True,Default,Default,False,False,False,Default,Default,Default,Default,Default,Default,Default,Default,Default,Default,Default,Default,Default,Default,Default,Default,Default,16,Default,P1.1,"1,838.01 ns",8.780 ns,7.332 ns,1.17,0.01,0.0534,0.0000,0.0000,952 B,NA
managed,DefaultJob,False,Default,Default,Default,Default,Default,Default,1111,Empty,RyuJit,Default,X64,8c5e7fda-e8bf-4a96-9a85-a6e23a8c635c,.NET 8.0,False,True,False,True,Default,Default,False,False,False,Default,Default,Default,Default,Default,Default,Default,Default,Default,Default,Default,Default,Default,Default,Default,Default,Default,16,Default,P1.1,783.34 ns,9.745 ns,8.639 ns,0.50,0.01,0.0000,0.0000,0.0000,0 B,NA
managed-2pass,DefaultJob,False,Default,Default,Default,Default,Default,Default,1111,Empty,RyuJit,Default,X64,8c5e7fda-e8bf-4a96-9a85-a6e23a8c635c,.NET 8.0,False,True,False,True,Default,Default,False,False,False,Default,Default,Default,Default,Default,Default,Default,Default,Default,Default,Default,Default,Default,Default,Default,Default,Default,16,Default,P1.1,"1,342.96 ns",7.864 ns,6.971 ns,0.85,0.01,0.0000,0.0000,0.0000,0 B,NA
'memcpy floor',DefaultJob,False,Default,Default,Default,Default,Default,Default,1111,Empty,RyuJit,Default,X64,8c5e7fda-e8bf-4a96-9a85-a6e23a8c635c,.NET 8.0,False,True,False,True,Default,Default,False,False,False,Default,Default,Default,Default,Default,Default,Default,Default,Default,Default,Default,Default,Default,Default,Default,Default,Default,16,Default,P1.1,18.59 ns,0.109 ns,0.102 ns,0.01,0.00,0.0000,0.0000,0.0000,0 B,NA
gp-writeto,DefaultJob,False,Default,Default,Default,Default,Default,Default,1111,Empty,RyuJit,Default,X64,8c5e7fda-e8bf-4a96-9a85-a6e23a8c635c,.NET 8.0,False,True,False,True,Default,Default,False,False,False,Default,Default,Default,Default,Default,Default,Default,Default,Default,Default,Default,Default,Default,Default,Default,Default,Default,16,Default,P1.2,"478,767.38 ns","1,842.822 ns","1,633.614 ns",1.00,0.00,0.0000,0.0000,0.0000,0 B,NA
gp-bufferwriter,DefaultJob,False,Default,Default,Default,Default,Default,Default,1111,Empty,RyuJit,Default,X64,8c5e7fda-e8bf-4a96-9a85-a6e23a8c635c,.NET 8.0,False,True,False,True,Default,Default,False,False,False,Default,Default,Default,Default,Default,Default,Default,Default,Default,Default,Default,Default,Default,Default,Default,Default,Default,16,Default,P1.2,"379,120.71 ns","1,149.108 ns","1,018.654 ns",0.79,0.00,0.0000,0.0000,0.0000,0 B,NA
gp-tobytearray,DefaultJob,False,Default,Default,Default,Default,Default,Default,1111,Empty,RyuJit,Default,X64,8c5e7fda-e8bf-4a96-9a85-a6e23a8c635c,.NET 8.0,False,True,False,True,Default,Default,False,False,False,Default,Default,Default,Default,Default,Default,Default,Default,Default,Default,Default,Default,Default,Default,Default,Default,Default,16,Default,P1.2,"540,230.12 ns","4,594.512 ns","3,836.626 ns",1.13,0.01,60.5469,60.5469,60.5469,218715 B,NA
managed,DefaultJob,False,Default,Default,Default,Default,Default,Default,1111,Empty,RyuJit,Default,X64,8c5e7fda-e8bf-4a96-9a85-a6e23a8c635c,.NET 8.0,False,True,False,True,Default,Default,False,False,False,Default,Default,Default,Default,Default,Default,Default,Default,Default,Default,Default,Default,Default,Default,Default,Default,Default,16,Default,P1.2,"206,631.74 ns","1,022.427 ns",853.773 ns,0.43,0.00,0.0000,0.0000,0.0000,0 B,NA
managed-2pass,DefaultJob,False,Default,Default,Default,Default,Default,Default,1111,Empty,RyuJit,Default,X64,8c5e7fda-e8bf-4a96-9a85-a6e23a8c635c,.NET 8.0,False,True,False,True,Default,Default,False,False,False,Default,Default,Default,Default,Default,Default,Default,Default,Default,Default,Default,Default,Default,Default,Default,Default,Default,16,Default,P1.2,"459,012.20 ns","3,454.171 ns","3,231.034 ns",0.96,0.01,0.0000,0.0000,0.0000,0 B,NA
'memcpy floor',DefaultJob,False,Default,Default,Default,Default,Default,Default,1111,Empty,RyuJit,Default,X64,8c5e7fda-e8bf-4a96-9a85-a6e23a8c635c,.NET 8.0,False,True,False,True,Default,Default,False,False,False,Default,Default,Default,Default,Default,Default,Default,Default,Default,Default,Default,Default,Default,Default,Default,Default,Default,16,Default,P1.2,"8,058.54 ns",160.488 ns,399.670 ns,0.02,0.00,0.0000,0.0000,0.0000,0 B,NA
gp-writeto,DefaultJob,False,Default,Default,Default,Default,Default,Default,1111,Empty,RyuJit,Default,X64,8c5e7fda-e8bf-4a96-9a85-a6e23a8c635c,.NET 8.0,False,True,False,True,Default,Default,False,False,False,Default,Default,Default,Default,Default,Default,Default,Default,Default,Default,Default,Default,Default,Default,Default,Default,Default,16,Default,P1.3,"9,756.70 ns",117.003 ns,103.720 ns,1.000,0.01,0.0000,0.0000,0.0000,0 B,NA
gp-bufferwriter,DefaultJob,False,Default,Default,Default,Default,Default,Default,1111,Empty,RyuJit,Default,X64,8c5e7fda-e8bf-4a96-9a85-a6e23a8c635c,.NET 8.0,False,True,False,True,Default,Default,False,False,False,Default,Default,Default,Default,Default,Default,Default,Default,Default,Default,Default,Default,Default,Default,Default,Default,Default,16,Default,P1.3,"7,310.97 ns",62.537 ns,58.497 ns,0.749,0.01,0.0000,0.0000,0.0000,0 B,NA
gp-tobytearray,DefaultJob,False,Default,Default,Default,Default,Default,Default,1111,Empty,RyuJit,Default,X64,8c5e7fda-e8bf-4a96-9a85-a6e23a8c635c,.NET 8.0,False,True,False,True,Default,Default,False,False,False,Default,Default,Default,Default,Default,Default,Default,Default,Default,Default,Default,Default,Default,Default,Default,Default,Default,16,Default,P1.3,"10,580.39 ns",111.603 ns,104.394 ns,1.085,0.02,0.0305,0.0000,0.0000,696 B,NA
managed,DefaultJob,False,Default,Default,Default,Default,Default,Default,1111,Empty,RyuJit,Default,X64,8c5e7fda-e8bf-4a96-9a85-a6e23a8c635c,.NET 8.0,False,True,False,True,Default,Default,False,False,False,Default,Default,Default,Default,Default,Default,Default,Default,Default,Default,Default,Default,Default,Default,Default,Default,Default,16,Default,P1.3,"2,828.65 ns",28.679 ns,26.826 ns,0.290,0.00,0.0000,0.0000,0.0000,0 B,NA
managed-2pass,DefaultJob,False,Default,Default,Default,Default,Default,Default,1111,Empty,RyuJit,Default,X64,8c5e7fda-e8bf-4a96-9a85-a6e23a8c635c,.NET 8.0,False,True,False,True,Default,Default,False,False,False,Default,Default,Default,Default,Default,Default,Default,Default,Default,Default,Default,Default,Default,Default,Default,Default,Default,16,Default,P1.3,"3,980.84 ns",65.618 ns,58.169 ns,0.408,0.01,0.0000,0.0000,0.0000,0 B,NA
'memcpy floor',DefaultJob,False,Default,Default,Default,Default,Default,Default,1111,Empty,RyuJit,Default,X64,8c5e7fda-e8bf-4a96-9a85-a6e23a8c635c,.NET 8.0,False,True,False,True,Default,Default,False,False,False,Default,Default,Default,Default,Default,Default,Default,Default,Default,Default,Default,Default,Default,Default,Default,Default,Default,16,Default,P1.3,15.41 ns,0.123 ns,0.103 ns,0.002,0.00,0.0000,0.0000,0.0000,0 B,NA
gp-writeto,DefaultJob,False,Default,Default,Default,Default,Default,Default,1111,Empty,RyuJit,Default,X64,8c5e7fda-e8bf-4a96-9a85-a6e23a8c635c,.NET 8.0,False,True,False,True,Default,Default,False,False,False,Default,Default,Default,Default,Default,Default,Default,Default,Default,Default,Default,Default,Default,Default,Default,Default,Default,16,Default,P2.1,"3,161.62 ns",12.783 ns,10.674 ns,1.00,0.00,0.0000,0.0000,0.0000,56 B,1.00
gp-bufferwriter,DefaultJob,False,Default,Default,Default,Default,Default,Default,1111,Empty,RyuJit,Default,X64,8c5e7fda-e8bf-4a96-9a85-a6e23a8c635c,.NET 8.0,False,True,False,True,Default,Default,False,False,False,Default,Default,Default,Default,Default,Default,Default,Default,Default,Default,Default,Default,Default,Default,Default,Default,Default,16,Default,P2.1,"2,576.00 ns",10.447 ns,8.724 ns,0.81,0.00,0.0000,0.0000,0.0000,56 B,1.00
gp-tobytearray,DefaultJob,False,Default,Default,Default,Default,Default,Default,1111,Empty,RyuJit,Default,X64,8c5e7fda-e8bf-4a96-9a85-a6e23a8c635c,.NET 8.0,False,True,False,True,Default,Default,False,False,False,Default,Default,Default,Default,Default,Default,Default,Default,Default,Default,Default,Default,Default,Default,Default,Default,Default,16,Default,P2.1,"3,508.06 ns",39.540 ns,30.870 ns,1.11,0.01,0.0648,0.0000,0.0000,1184 B,21.14
managed,DefaultJob,False,Default,Default,Default,Default,Default,Default,1111,Empty,RyuJit,Default,X64,8c5e7fda-e8bf-4a96-9a85-a6e23a8c635c,.NET 8.0,False,True,False,True,Default,Default,False,False,False,Default,Default,Default,Default,Default,Default,Default,Default,Default,Default,Default,Default,Default,Default,Default,Default,Default,16,Default,P2.1,988.79 ns,12.853 ns,10.733 ns,0.31,0.00,0.0000,0.0000,0.0000,0 B,0.00
managed-2pass,DefaultJob,False,Default,Default,Default,Default,Default,Default,1111,Empty,RyuJit,Default,X64,8c5e7fda-e8bf-4a96-9a85-a6e23a8c635c,.NET 8.0,False,True,False,True,Default,Default,False,False,False,Default,Default,Default,Default,Default,Default,Default,Default,Default,Default,Default,Default,Default,Default,Default,Default,Default,16,Default,P2.1,"2,105.82 ns",20.243 ns,16.904 ns,0.67,0.01,0.0000,0.0000,0.0000,0 B,0.00
'memcpy floor',DefaultJob,False,Default,Default,Default,Default,Default,Default,1111,Empty,RyuJit,Default,X64,8c5e7fda-e8bf-4a96-9a85-a6e23a8c635c,.NET 8.0,False,True,False,True,Default,Default,False,False,False,Default,Default,Default,Default,Default,Default,Default,Default,Default,Default,Default,Default,Default,Default,Default,Default,Default,16,Default,P2.1,32.20 ns,0.149 ns,0.139 ns,0.01,0.00,0.0000,0.0000,0.0000,0 B,0.00
gp-writeto,DefaultJob,False,Default,Default,Default,Default,Default,Default,1111,Empty,RyuJit,Default,X64,8c5e7fda-e8bf-4a96-9a85-a6e23a8c635c,.NET 8.0,False,True,False,True,Default,Default,False,False,False,Default,Default,Default,Default,Default,Default,Default,Default,Default,Default,Default,Default,Default,Default,Default,Default,Default,16,Default,P2.2,"2,092,607.68 ns","17,431.529 ns","16,305.463 ns",1.000,0.01,0.0000,0.0000,0.0000,28000 B,1.00
gp-bufferwriter,DefaultJob,False,Default,Default,Default,Default,Default,Default,1111,Empty,RyuJit,Default,X64,8c5e7fda-e8bf-4a96-9a85-a6e23a8c635c,.NET 8.0,False,True,False,True,Default,Default,False,False,False,Default,Default,Default,Default,Default,Default,Default,Default,Default,Default,Default,Default,Default,Default,Default,Default,Default,16,Default,P2.2,"1,662,790.57 ns","18,832.389 ns","15,725.898 ns",0.795,0.01,0.0000,0.0000,0.0000,28000 B,1.00
gp-tobytearray,DefaultJob,False,Default,Default,Default,Default,Default,Default,1111,Empty,RyuJit,Default,X64,8c5e7fda-e8bf-4a96-9a85-a6e23a8c635c,.NET 8.0,False,True,False,True,Default,Default,False,False,False,Default,Default,Default,Default,Default,Default,Default,Default,Default,Default,Default,Default,Default,Default,Default,Default,Default,16,Default,P2.2,"2,328,841.96 ns","28,693.296 ns","23,960.202 ns",1.113,0.01,117.1875,117.1875,117.1875,568938 B,20.32
managed,DefaultJob,False,Default,Default,Default,Default,Default,Default,1111,Empty,RyuJit,Default,X64,8c5e7fda-e8bf-4a96-9a85-a6e23a8c635c,.NET 8.0,False,True,False,True,Default,Default,False,False,False,Default,Default,Default,Default,Default,Default,Default,Default,Default,Default,Default,Default,Default,Default,Default,Default,Default,16,Default,P2.2,"639,871.80 ns","7,466.867 ns","6,984.512 ns",0.306,0.00,0.0000,0.0000,0.0000,0 B,0.00
managed-2pass,DefaultJob,False,Default,Default,Default,Default,Default,Default,1111,Empty,RyuJit,Default,X64,8c5e7fda-e8bf-4a96-9a85-a6e23a8c635c,.NET 8.0,False,True,False,True,Default,Default,False,False,False,Default,Default,Default,Default,Default,Default,Default,Default,Default,Default,Default,Default,Default,Default,Default,Default,Default,16,Default,P2.2,"1,530,373.13 ns","8,846.131 ns","6,906.478 ns",0.731,0.01,0.0000,0.0000,0.0000,0 B,0.00
'memcpy floor',DefaultJob,False,Default,Default,Default,Default,Default,Default,1111,Empty,RyuJit,Default,X64,8c5e7fda-e8bf-4a96-9a85-a6e23a8c635c,.NET 8.0,False,True,False,True,Default,Default,False,False,False,Default,Default,Default,Default,Default,Default,Default,Default,Default,Default,Default,Default,Default,Default,Default,Default,Default,16,Default,P2.2,"20,812.73 ns",414.685 ns,387.897 ns,0.010,0.00,0.0000,0.0000,0.0000,0 B,0.00
gp-writeto,DefaultJob,False,Default,Default,Default,Default,Default,Default,1111,Empty,RyuJit,Default,X64,8c5e7fda-e8bf-4a96-9a85-a6e23a8c635c,.NET 8.0,False,True,False,True,Default,Default,False,False,False,Default,Default,Default,Default,Default,Default,Default,Default,Default,Default,Default,Default,Default,Default,Default,Default,Default,16,Default,P2.3,"1,290,586.29 ns","8,193.136 ns","7,663.864 ns",1.00,0.01,0.0000,0.0000,0.0000,7000 B,1.00
gp-bufferwriter,DefaultJob,False,Default,Default,Default,Default,Default,Default,1111,Empty,RyuJit,Default,X64,8c5e7fda-e8bf-4a96-9a85-a6e23a8c635c,.NET 8.0,False,True,False,True,Default,Default,False,False,False,Default,Default,Default,Default,Default,Default,Default,Default,Default,Default,Default,Default,Default,Default,Default,Default,Default,16,Default,P2.3,"994,418.79 ns","9,665.495 ns","9,041.110 ns",0.77,0.01,0.0000,0.0000,0.0000,7000 B,1.00
gp-tobytearray,DefaultJob,False,Default,Default,Default,Default,Default,Default,1111,Empty,RyuJit,Default,X64,8c5e7fda-e8bf-4a96-9a85-a6e23a8c635c,.NET 8.0,False,True,False,True,Default,Default,False,False,False,Default,Default,Default,Default,Default,Default,Default,Default,Default,Default,Default,Default,Default,Default,Default,Default,Default,16,Default,P2.3,"1,640,575.03 ns","30,367.200 ns","36,149.994 ns",1.27,0.03,136.7188,136.7188,136.7188,654612 B,93.52
managed,DefaultJob,False,Default,Default,Default,Default,Default,Default,1111,Empty,RyuJit,Default,X64,8c5e7fda-e8bf-4a96-9a85-a6e23a8c635c,.NET 8.0,False,True,False,True,Default,Default,False,False,False,Default,Default,Default,Default,Default,Default,Default,Default,Default,Default,Default,Default,Default,Default,Default,Default,Default,16,Default,P2.3,"437,823.45 ns","2,443.445 ns","2,285.600 ns",0.34,0.00,0.0000,0.0000,0.0000,0 B,0.00
managed-2pass,DefaultJob,False,Default,Default,Default,Default,Default,Default,1111,Empty,RyuJit,Default,X64,8c5e7fda-e8bf-4a96-9a85-a6e23a8c635c,.NET 8.0,False,True,False,True,Default,Default,False,False,False,Default,Default,Default,Default,Default,Default,Default,Default,Default,Default,Default,Default,Default,Default,Default,Default,Default,16,Default,P2.3,"1,079,582.62 ns","10,039.113 ns","8,899.412 ns",0.84,0.01,0.0000,0.0000,0.0000,0 B,0.00
'memcpy floor',DefaultJob,False,Default,Default,Default,Default,Default,Default,1111,Empty,RyuJit,Default,X64,8c5e7fda-e8bf-4a96-9a85-a6e23a8c635c,.NET 8.0,False,True,False,True,Default,Default,False,False,False,Default,Default,Default,Default,Default,Default,Default,Default,Default,Default,Default,Default,Default,Default,Default,Default,Default,16,Default,P2.3,"29,138.73 ns",353.570 ns,330.730 ns,0.02,0.00,0.0000,0.0000,0.0000,0 B,0.00
gp-writeto,DefaultJob,False,Default,Default,Default,Default,Default,Default,1111,Empty,RyuJit,Default,X64,8c5e7fda-e8bf-4a96-9a85-a6e23a8c635c,.NET 8.0,False,True,False,True,Default,Default,False,False,False,Default,Default,Default,Default,Default,Default,Default,Default,Default,Default,Default,Default,Default,Default,Default,Default,Default,16,Default,P2.4,"1,604,528.06 ns","16,617.971 ns","15,544.461 ns",1.00,0.01,0.0000,0.0000,0.0000,4480 B,1.00
gp-bufferwriter,DefaultJob,False,Default,Default,Default,Default,Default,Default,1111,Empty,RyuJit,Default,X64,8c5e7fda-e8bf-4a96-9a85-a6e23a8c635c,.NET 8.0,False,True,False,True,Default,Default,False,False,False,Default,Default,Default,Default,Default,Default,Default,Default,Default,Default,Default,Default,Default,Default,Default,Default,Default,16,Default,P2.4,"1,238,356.75 ns","8,507.975 ns","7,104.545 ns",0.77,0.01,0.0000,0.0000,0.0000,4480 B,1.00
gp-tobytearray,DefaultJob,False,Default,Default,Default,Default,Default,Default,1111,Empty,RyuJit,Default,X64,8c5e7fda-e8bf-4a96-9a85-a6e23a8c635c,.NET 8.0,False,True,False,True,Default,Default,False,False,False,Default,Default,Default,Default,Default,Default,Default,Default,Default,Default,Default,Default,Default,Default,Default,Default,Default,16,Default,P2.4,"2,222,252.53 ns","25,465.506 ns","22,574.508 ns",1.39,0.02,113.2813,113.2813,113.2813,984625 B,219.78
managed,DefaultJob,False,Default,Default,Default,Default,Default,Default,1111,Empty,RyuJit,Default,X64,8c5e7fda-e8bf-4a96-9a85-a6e23a8c635c,.NET 8.0,False,True,False,True,Default,Default,False,False,False,Default,Default,Default,Default,Default,Default,Default,Default,Default,Default,Default,Default,Default,Default,Default,Default,Default,16,Default,P2.4,"580,489.81 ns","2,065.675 ns","1,932.234 ns",0.36,0.00,0.0000,0.0000,0.0000,0 B,0.00
managed-2pass,DefaultJob,False,Default,Default,Default,Default,Default,Default,1111,Empty,RyuJit,Default,X64,8c5e7fda-e8bf-4a96-9a85-a6e23a8c635c,.NET 8.0,False,True,False,True,Default,Default,False,False,False,Default,Default,Default,Default,Default,Default,Default,Default,Default,Default,Default,Default,Default,Default,Default,Default,Default,16,Default,P2.4,"1,385,311.04 ns","13,157.402 ns","12,307.442 ns",0.86,0.01,0.0000,0.0000,0.0000,0 B,0.00
'memcpy floor',DefaultJob,False,Default,Default,Default,Default,Default,Default,1111,Empty,RyuJit,Default,X64,8c5e7fda-e8bf-4a96-9a85-a6e23a8c635c,.NET 8.0,False,True,False,True,Default,Default,False,False,False,Default,Default,Default,Default,Default,Default,Default,Default,Default,Default,Default,Default,Default,Default,Default,Default,Default,16,Default,P2.4,"52,633.86 ns","1,020.656 ns","1,048.139 ns",0.03,0.00,0.0000,0.0000,0.0000,0 B,0.00
gp-writeto,DefaultJob,False,Default,Default,Default,Default,Default,Default,1111,Empty,RyuJit,Default,X64,8c5e7fda-e8bf-4a96-9a85-a6e23a8c635c,.NET 8.0,False,True,False,True,Default,Default,False,False,False,Default,Default,Default,Default,Default,Default,Default,Default,Default,Default,Default,Default,Default,Default,Default,Default,Default,16,Default,P2.5,"62,834.00 ns",276.157 ns,244.806 ns,1.000,0.01,0.0000,0.0000,0.0000,1120 B,1.00
gp-bufferwriter,DefaultJob,False,Default,Default,Default,Default,Default,Default,1111,Empty,RyuJit,Default,X64,8c5e7fda-e8bf-4a96-9a85-a6e23a8c635c,.NET 8.0,False,True,False,True,Default,Default,False,False,False,Default,Default,Default,Default,Default,Default,Default,Default,Default,Default,Default,Default,Default,Default,Default,Default,Default,16,Default,P2.5,"50,794.19 ns",391.912 ns,366.595 ns,0.808,0.01,0.0610,0.0000,0.0000,1120 B,1.00
gp-tobytearray,DefaultJob,False,Default,Default,Default,Default,Default,Default,1111,Empty,RyuJit,Default,X64,8c5e7fda-e8bf-4a96-9a85-a6e23a8c635c,.NET 8.0,False,True,False,True,Default,Default,False,False,False,Default,Default,Default,Default,Default,Default,Default,Default,Default,Default,Default,Default,Default,Default,Default,Default,Default,16,Default,P2.5,"67,070.54 ns",570.849 ns,533.973 ns,1.067,0.01,1.0986,0.0000,0.0000,20840 B,18.61
managed,DefaultJob,False,Default,Default,Default,Default,Default,Default,1111,Empty,RyuJit,Default,X64,8c5e7fda-e8bf-4a96-9a85-a6e23a8c635c,.NET 8.0,False,True,False,True,Default,Default,False,False,False,Default,Default,Default,Default,Default,Default,Default,Default,Default,Default,Default,Default,Default,Default,Default,Default,Default,16,Default,P2.5,"18,205.62 ns",171.679 ns,143.360 ns,0.290,0.00,0.0000,0.0000,0.0000,0 B,0.00
managed-2pass,DefaultJob,False,Default,Default,Default,Default,Default,Default,1111,Empty,RyuJit,Default,X64,8c5e7fda-e8bf-4a96-9a85-a6e23a8c635c,.NET 8.0,False,True,False,True,Default,Default,False,False,False,Default,Default,Default,Default,Default,Default,Default,Default,Default,Default,Default,Default,Default,Default,Default,Default,Default,16,Default,P2.5,"42,248.35 ns",384.277 ns,359.453 ns,0.672,0.01,0.0000,0.0000,0.0000,0 B,0.00
'memcpy floor',DefaultJob,False,Default,Default,Default,Default,Default,Default,1111,Empty,RyuJit,Default,X64,8c5e7fda-e8bf-4a96-9a85-a6e23a8c635c,.NET 8.0,False,True,False,True,Default,Default,False,False,False,Default,Default,Default,Default,Default,Default,Default,Default,Default,Default,Default,Default,Default,Default,Default,Default,Default,16,Default,P2.5,565.07 ns,6.551 ns,5.470 ns,0.009,0.00,0.0000,0.0000,0.0000,0 B,0.00
gp-writeto,DefaultJob,False,Default,Default,Default,Default,Default,Default,1111,Empty,RyuJit,Default,X64,8c5e7fda-e8bf-4a96-9a85-a6e23a8c635c,.NET 8.0,False,True,False,True,Default,Default,False,False,False,Default,Default,Default,Default,Default,Default,Default,Default,Default,Default,Default,Default,Default,Default,Default,Default,Default,16,Default,P3.1,"36,860.09 ns",318.434 ns,282.284 ns,1.000,0.01,0.0000,0.0000,0.0000,0 B,NA
gp-bufferwriter,DefaultJob,False,Default,Default,Default,Default,Default,Default,1111,Empty,RyuJit,Default,X64,8c5e7fda-e8bf-4a96-9a85-a6e23a8c635c,.NET 8.0,False,True,False,True,Default,Default,False,False,False,Default,Default,Default,Default,Default,Default,Default,Default,Default,Default,Default,Default,Default,Default,Default,Default,Default,16,Default,P3.1,"24,688.31 ns",268.807 ns,264.005 ns,0.670,0.01,0.0000,0.0000,0.0000,0 B,NA
gp-tobytearray,DefaultJob,False,Default,Default,Default,Default,Default,Default,1111,Empty,RyuJit,Default,X64,8c5e7fda-e8bf-4a96-9a85-a6e23a8c635c,.NET 8.0,False,True,False,True,Default,Default,False,False,False,Default,Default,Default,Default,Default,Default,Default,Default,Default,Default,Default,Default,Default,Default,Default,Default,Default,16,Default,P3.1,"43,071.64 ns",479.001 ns,448.058 ns,1.169,0.01,0.6714,0.0000,0.0000,12192 B,NA
managed,DefaultJob,False,Default,Default,Default,Default,Default,Default,1111,Empty,RyuJit,Default,X64,8c5e7fda-e8bf-4a96-9a85-a6e23a8c635c,.NET 8.0,False,True,False,True,Default,Default,False,False,False,Default,Default,Default,Default,Default,Default,Default,Default,Default,Default,Default,Default,Default,Default,Default,Default,Default,16,Default,P3.1,"12,050.00 ns",140.896 ns,131.794 ns,0.327,0.00,0.0000,0.0000,0.0000,0 B,NA
managed-2pass,DefaultJob,False,Default,Default,Default,Default,Default,Default,1111,Empty,RyuJit,Default,X64,8c5e7fda-e8bf-4a96-9a85-a6e23a8c635c,.NET 8.0,False,True,False,True,Default,Default,False,False,False,Default,Default,Default,Default,Default,Default,Default,Default,Default,Default,Default,Default,Default,Default,Default,Default,Default,16,Default,P3.1,"24,462.52 ns",224.881 ns,210.353 ns,0.664,0.01,0.0000,0.0000,0.0000,0 B,NA
'memcpy floor',DefaultJob,False,Default,Default,Default,Default,Default,Default,1111,Empty,RyuJit,Default,X64,8c5e7fda-e8bf-4a96-9a85-a6e23a8c635c,.NET 8.0,False,True,False,True,Default,Default,False,False,False,Default,Default,Default,Default,Default,Default,Default,Default,Default,Default,Default,Default,Default,Default,Default,Default,Default,16,Default,P3.1,115.33 ns,0.767 ns,0.718 ns,0.003,0.00,0.0000,0.0000,0.0000,0 B,NA
gp-writeto,DefaultJob,False,Default,Default,Default,Default,Default,Default,1111,Empty,RyuJit,Default,X64,8c5e7fda-e8bf-4a96-9a85-a6e23a8c635c,.NET 8.0,False,True,False,True,Default,Default,False,False,False,Default,Default,Default,Default,Default,Default,Default,Default,Default,Default,Default,Default,Default,Default,Default,Default,Default,16,Default,P4.1,"467,995.73 ns","2,099.732 ns","1,964.090 ns",1.000,0.01,0.4883,0.0000,0.0000,11200 B,1.00
gp-bufferwriter,DefaultJob,False,Default,Default,Default,Default,Default,Default,1111,Empty,RyuJit,Default,X64,8c5e7fda-e8bf-4a96-9a85-a6e23a8c635c,.NET 8.0,False,True,False,True,Default,Default,False,False,False,Default,Default,Default,Default,Default,Default,Default,Default,Default,Default,Default,Default,Default,Default,Default,Default,Default,16,Default,P4.1,"374,677.78 ns","1,405.548 ns","1,173.696 ns",0.801,0.00,0.4883,0.0000,0.0000,11200 B,1.00
gp-tobytearray,DefaultJob,False,Default,Default,Default,Default,Default,Default,1111,Empty,RyuJit,Default,X64,8c5e7fda-e8bf-4a96-9a85-a6e23a8c635c,.NET 8.0,False,True,False,True,Default,Default,False,False,False,Default,Default,Default,Default,Default,Default,Default,Default,Default,Default,Default,Default,Default,Default,Default,Default,Default,16,Default,P4.1,"486,307.43 ns","1,907.878 ns","1,784.631 ns",1.039,0.01,3.9063,0.0000,0.0000,76616 B,6.84
managed,DefaultJob,False,Default,Default,Default,Default,Default,Default,1111,Empty,RyuJit,Default,X64,8c5e7fda-e8bf-4a96-9a85-a6e23a8c635c,.NET 8.0,False,True,False,True,Default,Default,False,False,False,Default,Default,Default,Default,Default,Default,Default,Default,Default,Default,Default,Default,Default,Default,Default,Default,Default,16,Default,P4.1,"114,419.83 ns",677.385 ns,633.626 ns,0.244,0.00,0.0000,0.0000,0.0000,0 B,0.00
managed-2pass,DefaultJob,False,Default,Default,Default,Default,Default,Default,1111,Empty,RyuJit,Default,X64,8c5e7fda-e8bf-4a96-9a85-a6e23a8c635c,.NET 8.0,False,True,False,True,Default,Default,False,False,False,Default,Default,Default,Default,Default,Default,Default,Default,Default,Default,Default,Default,Default,Default,Default,Default,Default,16,Default,P4.1,"291,184.87 ns",551.848 ns,516.199 ns,0.622,0.00,0.0000,0.0000,0.0000,0 B,0.00
'memcpy floor',DefaultJob,False,Default,Default,Default,Default,Default,Default,1111,Empty,RyuJit,Default,X64,8c5e7fda-e8bf-4a96-9a85-a6e23a8c635c,.NET 8.0,False,True,False,True,Default,Default,False,False,False,Default,Default,Default,Default,Default,Default,Default,Default,Default,Default,Default,Default,Default,Default,Default,Default,Default,16,Default,P4.1,"2,111.92 ns",68.396 ns,201.667 ns,0.005,0.00,0.0000,0.0000,0.0000,0 B,0.00
gp-writeto,DefaultJob,False,Default,Default,Default,Default,Default,Default,1111,Empty,RyuJit,Default,X64,8c5e7fda-e8bf-4a96-9a85-a6e23a8c635c,.NET 8.0,False,True,False,True,Default,Default,False,False,False,Default,Default,Default,Default,Default,Default,Default,Default,Default,Default,Default,Default,Default,Default,Default,Default,Default,16,Default,P5.1,132.41 ns,0.321 ns,0.268 ns,1.00,0.00,0.0000,0.0000,0.0000,0 B,NA
gp-bufferwriter,DefaultJob,False,Default,Default,Default,Default,Default,Default,1111,Empty,RyuJit,Default,X64,8c5e7fda-e8bf-4a96-9a85-a6e23a8c635c,.NET 8.0,False,True,False,True,Default,Default,False,False,False,Default,Default,Default,Default,Default,Default,Default,Default,Default,Default,Default,Default,Default,Default,Default,Default,Default,16,Default,P5.1,118.76 ns,0.975 ns,0.912 ns,0.90,0.01,0.0000,0.0000,0.0000,0 B,NA
gp-tobytearray,DefaultJob,False,Default,Default,Default,Default,Default,Default,1111,Empty,RyuJit,Default,X64,8c5e7fda-e8bf-4a96-9a85-a6e23a8c635c,.NET 8.0,False,True,False,True,Default,Default,False,False,False,Default,Default,Default,Default,Default,Default,Default,Default,Default,Default,Default,Default,Default,Default,Default,Default,Default,16,Default,P5.1,232.50 ns,2.009 ns,1.879 ns,1.76,0.01,0.0119,0.0000,0.0000,208 B,NA
managed,DefaultJob,False,Default,Default,Default,Default,Default,Default,1111,Empty,RyuJit,Default,X64,8c5e7fda-e8bf-4a96-9a85-a6e23a8c635c,.NET 8.0,False,True,False,True,Default,Default,False,False,False,Default,Default,Default,Default,Default,Default,Default,Default,Default,Default,Default,Default,Default,Default,Default,Default,Default,16,Default,P5.1,60.32 ns,0.325 ns,0.304 ns,0.46,0.00,0.0000,0.0000,0.0000,0 B,NA
managed-2pass,DefaultJob,False,Default,Default,Default,Default,Default,Default,1111,Empty,RyuJit,Default,X64,8c5e7fda-e8bf-4a96-9a85-a6e23a8c635c,.NET 8.0,False,True,False,True,Default,Default,False,False,False,Default,Default,Default,Default,Default,Default,Default,Default,Default,Default,Default,Default,Default,Default,Default,Default,Default,16,Default,P5.1,104.52 ns,1.999 ns,1.560 ns,0.79,0.01,0.0000,0.0000,0.0000,0 B,NA
'memcpy floor',DefaultJob,False,Default,Default,Default,Default,Default,Default,1111,Empty,RyuJit,Default,X64,8c5e7fda-e8bf-4a96-9a85-a6e23a8c635c,.NET 8.0,False,True,False,True,Default,Default,False,False,False,Default,Default,Default,Default,Default,Default,Default,Default,Default,Default,Default,Default,Default,Default,Default,Default,Default,16,Default,P5.1,10.48 ns,0.030 ns,0.025 ns,0.08,0.00,0.0000,0.0000,0.0000,0 B,NA
gp-writeto,DefaultJob,False,Default,Default,Default,Default,Default,Default,1111,Empty,RyuJit,Default,X64,8c5e7fda-e8bf-4a96-9a85-a6e23a8c635c,.NET 8.0,False,True,False,True,Default,Default,False,False,False,Default,Default,Default,Default,Default,Default,Default,Default,Default,Default,Default,Default,Default,Default,Default,Default,Default,16,Default,P5.2,"2,206.93 ns",43.562 ns,81.820 ns,1.00,0.05,0.0000,0.0000,0.0000,0 B,NA
gp-bufferwriter,DefaultJob,False,Default,Default,Default,Default,Default,Default,1111,Empty,RyuJit,Default,X64,8c5e7fda-e8bf-4a96-9a85-a6e23a8c635c,.NET 8.0,False,True,False,True,Default,Default,False,False,False,Default,Default,Default,Default,Default,Default,Default,Default,Default,Default,Default,Default,Default,Default,Default,Default,Default,16,Default,P5.2,"2,135.97 ns",42.706 ns,91.010 ns,0.97,0.05,0.0000,0.0000,0.0000,0 B,NA
gp-tobytearray,DefaultJob,False,Default,Default,Default,Default,Default,Default,1111,Empty,RyuJit,Default,X64,8c5e7fda-e8bf-4a96-9a85-a6e23a8c635c,.NET 8.0,False,True,False,True,Default,Default,False,False,False,Default,Default,Default,Default,Default,Default,Default,Default,Default,Default,Default,Default,Default,Default,Default,Default,Default,16,Default,P5.2,"8,093.91 ns",168.949 ns,470.962 ns,3.67,0.25,3.7994,0.0000,0.0000,65712 B,NA
managed,DefaultJob,False,Default,Default,Default,Default,Default,Default,1111,Empty,RyuJit,Default,X64,8c5e7fda-e8bf-4a96-9a85-a6e23a8c635c,.NET 8.0,False,True,False,True,Default,Default,False,False,False,Default,Default,Default,Default,Default,Default,Default,Default,Default,Default,Default,Default,Default,Default,Default,Default,Default,16,Default,P5.2,"2,055.83 ns",40.967 ns,100.493 ns,0.93,0.06,0.0000,0.0000,0.0000,0 B,NA
managed-2pass,DefaultJob,False,Default,Default,Default,Default,Default,Default,1111,Empty,RyuJit,Default,X64,8c5e7fda-e8bf-4a96-9a85-a6e23a8c635c,.NET 8.0,False,True,False,True,Default,Default,False,False,False,Default,Default,Default,Default,Default,Default,Default,Default,Default,Default,Default,Default,Default,Default,Default,Default,Default,16,Default,P5.2,"2,024.23 ns",40.515 ns,48.230 ns,0.92,0.04,0.0000,0.0000,0.0000,0 B,NA
'memcpy floor',DefaultJob,False,Default,Default,Default,Default,Default,Default,1111,Empty,RyuJit,Default,X64,8c5e7fda-e8bf-4a96-9a85-a6e23a8c635c,.NET 8.0,False,True,False,True,Default,Default,False,False,False,Default,Default,Default,Default,Default,Default,Default,Default,Default,Default,Default,Default,Default,Default,Default,Default,Default,16,Default,P5.2,"2,025.92 ns",38.301 ns,60.749 ns,0.92,0.04,0.0000,0.0000,0.0000,0 B,NA
gp-writeto,DefaultJob,False,Default,Default,Default,Default,Default,Default,1111,Empty,RyuJit,Default,X64,8c5e7fda-e8bf-4a96-9a85-a6e23a8c635c,.NET 8.0,False,True,False,True,Default,Default,False,False,False,Default,Default,Default,Default,Default,Default,Default,Default,Default,Default,Default,Default,Default,Default,Default,Default,Default,16,Default,P5.3,"54,305.96 ns",469.745 ns,416.417 ns,1.00,0.01,0.0000,0.0000,0.0000,0 B,NA
gp-bufferwriter,DefaultJob,False,Default,Default,Default,Default,Default,Default,1111,Empty,RyuJit,Default,X64,8c5e7fda-e8bf-4a96-9a85-a6e23a8c635c,.NET 8.0,False,True,False,True,Default,Default,False,False,False,Default,Default,Default,Default,Default,Default,Default,Default,Default,Default,Default,Default,Default,Default,Default,Default,Default,16,Default,P5.3,"53,292.79 ns",691.339 ns,646.679 ns,0.98,0.01,0.0000,0.0000,0.0000,0 B,NA
gp-tobytearray,DefaultJob,False,Default,Default,Default,Default,Default,Default,1111,Empty,RyuJit,Default,X64,8c5e7fda-e8bf-4a96-9a85-a6e23a8c635c,.NET 8.0,False,True,False,True,Default,Default,False,False,False,Default,Default,Default,Default,Default,Default,Default,Default,Default,Default,Default,Default,Default,Default,Default,Default,Default,16,Default,P5.3,"570,896.98 ns","11,131.129 ns","17,974.699 ns",10.51,0.34,54.6875,54.6875,54.6875,1048984 B,NA
managed,DefaultJob,False,Default,Default,Default,Default,Default,Default,1111,Empty,RyuJit,Default,X64,8c5e7fda-e8bf-4a96-9a85-a6e23a8c635c,.NET 8.0,False,True,False,True,Default,Default,False,False,False,Default,Default,Default,Default,Default,Default,Default,Default,Default,Default,Default,Default,Default,Default,Default,Default,Default,16,Default,P5.3,"52,598.31 ns","1,037.440 ns","1,420.060 ns",0.97,0.03,0.0000,0.0000,0.0000,0 B,NA
managed-2pass,DefaultJob,False,Default,Default,Default,Default,Default,Default,1111,Empty,RyuJit,Default,X64,8c5e7fda-e8bf-4a96-9a85-a6e23a8c635c,.NET 8.0,False,True,False,True,Default,Default,False,False,False,Default,Default,Default,Default,Default,Default,Default,Default,Default,Default,Default,Default,Default,Default,Default,Default,Default,16,Default,P5.3,"53,935.93 ns","1,032.587 ns","1,147.717 ns",0.99,0.02,0.0000,0.0000,0.0000,0 B,NA
'memcpy floor',DefaultJob,False,Default,Default,Default,Default,Default,Default,1111,Empty,RyuJit,Default,X64,8c5e7fda-e8bf-4a96-9a85-a6e23a8c635c,.NET 8.0,False,True,False,True,Default,Default,False,False,False,Default,Default,Default,Default,Default,Default,Default,Default,Default,Default,Default,Default,Default,Default,Default,Default,Default,16,Default,P5.3,"53,768.37 ns","1,031.325 ns","1,227.719 ns",0.99,0.02,0.0000,0.0000,0.0000,0 B,NA
gp-writeto,DefaultJob,False,Default,Default,Default,Default,Default,Default,1111,Empty,RyuJit,Default,X64,8c5e7fda-e8bf-4a96-9a85-a6e23a8c635c,.NET 8.0,False,True,False,True,Default,Default,False,False,False,Default,Default,Default,Default,Default,Default,Default,Default,Default,Default,Default,Default,Default,Default,Default,Default,Default,16,Default,P5.4,"273,045.44 ns","3,850.435 ns","3,006.166 ns",1.00,0.02,0.0000,0.0000,0.0000,0 B,NA
gp-bufferwriter,DefaultJob,False,Default,Default,Default,Default,Default,Default,1111,Empty,RyuJit,Default,X64,8c5e7fda-e8bf-4a96-9a85-a6e23a8c635c,.NET 8.0,False,True,False,True,Default,Default,False,False,False,Default,Default,Default,Default,Default,Default,Default,Default,Default,Default,Default,Default,Default,Default,Default,Default,Default,16,Default,P5.4,"262,496.56 ns","4,658.442 ns","6,057.290 ns",0.96,0.02,0.0000,0.0000,0.0000,0 B,NA
gp-tobytearray,DefaultJob,False,Default,Default,Default,Default,Default,Default,1111,Empty,RyuJit,Default,X64,8c5e7fda-e8bf-4a96-9a85-a6e23a8c635c,.NET 8.0,False,True,False,True,Default,Default,False,False,False,Default,Default,Default,Default,Default,Default,Default,Default,Default,Default,Default,Default,Default,Default,Default,Default,Default,16,Default,P5.4,"1,337,969.45 ns","25,940.344 ns","24,264.614 ns",4.90,0.10,54.6875,54.6875,54.6875,4194720 B,NA
managed,DefaultJob,False,Default,Default,Default,Default,Default,Default,1111,Empty,RyuJit,Default,X64,8c5e7fda-e8bf-4a96-9a85-a6e23a8c635c,.NET 8.0,False,True,False,True,Default,Default,False,False,False,Default,Default,Default,Default,Default,Default,Default,Default,Default,Default,Default,Default,Default,Default,Default,Default,Default,16,Default,P5.4,"273,660.23 ns","4,849.940 ns","4,049.919 ns",1.00,0.02,0.0000,0.0000,0.0000,0 B,NA
managed-2pass,DefaultJob,False,Default,Default,Default,Default,Default,Default,1111,Empty,RyuJit,Default,X64,8c5e7fda-e8bf-4a96-9a85-a6e23a8c635c,.NET 8.0,False,True,False,True,Default,Default,False,False,False,Default,Default,Default,Default,Default,Default,Default,Default,Default,Default,Default,Default,Default,Default,Default,Default,Default,16,Default,P5.4,"270,409.83 ns","4,990.111 ns","9,124.701 ns",0.99,0.03,0.0000,0.0000,0.0000,0 B,NA
'memcpy floor',DefaultJob,False,Default,Default,Default,Default,Default,Default,1111,Empty,RyuJit,Default,X64,8c5e7fda-e8bf-4a96-9a85-a6e23a8c635c,.NET 8.0,False,True,False,True,Default,Default,False,False,False,Default,Default,Default,Default,Default,Default,Default,Default,Default,Default,Default,Default,Default,Default,Default,Default,Default,16,Default,P5.4,"272,751.40 ns","5,182.034 ns","6,364.003 ns",1.00,0.03,0.0000,0.0000,0.0000,0 B,NA
gp-writeto,DefaultJob,False,Default,Default,Default,Default,Default,Default,1111,Empty,RyuJit,Default,X64,8c5e7fda-e8bf-4a96-9a85-a6e23a8c635c,.NET 8.0,False,True,False,True,Default,Default,False,False,False,Default,Default,Default,Default,Default,Default,Default,Default,Default,Default,Default,Default,Default,Default,Default,Default,Default,16,Default,P6.1,"522,999.93 ns","4,397.707 ns","3,898.453 ns",1.000,0.01,0.0000,0.0000,0.0000,0 B,NA
gp-bufferwriter,DefaultJob,False,Default,Default,Default,Default,Default,Default,1111,Empty,RyuJit,Default,X64,8c5e7fda-e8bf-4a96-9a85-a6e23a8c635c,.NET 8.0,False,True,False,True,Default,Default,False,False,False,Default,Default,Default,Default,Default,Default,Default,Default,Default,Default,Default,Default,Default,Default,Default,Default,Default,16,Default,P6.1,"426,200.10 ns","3,233.327 ns","2,866.260 ns",0.815,0.01,0.0000,0.0000,0.0000,0 B,NA
gp-tobytearray,DefaultJob,False,Default,Default,Default,Default,Default,Default,1111,Empty,RyuJit,Default,X64,8c5e7fda-e8bf-4a96-9a85-a6e23a8c635c,.NET 8.0,False,True,False,True,Default,Default,False,False,False,Default,Default,Default,Default,Default,Default,Default,Default,Default,Default,Default,Default,Default,Default,Default,Default,Default,16,Default,P6.1,"618,392.39 ns","6,409.442 ns","5,995.396 ns",1.182,0.01,38.0859,38.0859,38.0859,123461 B,NA
managed,DefaultJob,False,Default,Default,Default,Default,Default,Default,1111,Empty,RyuJit,Default,X64,8c5e7fda-e8bf-4a96-9a85-a6e23a8c635c,.NET 8.0,False,True,False,True,Default,Default,False,False,False,Default,Default,Default,Default,Default,Default,Default,Default,Default,Default,Default,Default,Default,Default,Default,Default,Default,16,Default,P6.1,"192,764.18 ns","1,002.755 ns",837.346 ns,0.369,0.00,0.0000,0.0000,0.0000,0 B,NA
managed-2pass,DefaultJob,False,Default,Default,Default,Default,Default,Default,1111,Empty,RyuJit,Default,X64,8c5e7fda-e8bf-4a96-9a85-a6e23a8c635c,.NET 8.0,False,True,False,True,Default,Default,False,False,False,Default,Default,Default,Default,Default,Default,Default,Default,Default,Default,Default,Default,Default,Default,Default,Default,Default,16,Default,P6.1,"331,992.06 ns","1,422.123 ns","1,330.254 ns",0.635,0.01,0.0000,0.0000,0.0000,0 B,NA
'memcpy floor',DefaultJob,False,Default,Default,Default,Default,Default,Default,1111,Empty,RyuJit,Default,X64,8c5e7fda-e8bf-4a96-9a85-a6e23a8c635c,.NET 8.0,False,True,False,True,Default,Default,False,False,False,Default,Default,Default,Default,Default,Default,Default,Default,Default,Default,Default,Default,Default,Default,Default,Default,Default,16,Default,P6.1,"4,026.69 ns",79.991 ns,228.219 ns,0.008,0.00,0.0000,0.0000,0.0000,0 B,NA
gp-writeto,DefaultJob,False,Default,Default,Default,Default,Default,Default,1111,Empty,RyuJit,Default,X64,8c5e7fda-e8bf-4a96-9a85-a6e23a8c635c,.NET 8.0,False,True,False,True,Default,Default,False,False,False,Default,Default,Default,Default,Default,Default,Default,Default,Default,Default,Default,Default,Default,Default,Default,Default,Default,16,Default,P7.1,439.87 ns,2.770 ns,2.455 ns,1.00,0.01,0.0000,0.0000,0.0000,0 B,NA
gp-bufferwriter,DefaultJob,False,Default,Default,Default,Default,Default,Default,1111,Empty,RyuJit,Default,X64,8c5e7fda-e8bf-4a96-9a85-a6e23a8c635c,.NET 8.0,False,True,False,True,Default,Default,False,False,False,Default,Default,Default,Default,Default,Default,Default,Default,Default,Default,Default,Default,Default,Default,Default,Default,Default,16,Default,P7.1,329.12 ns,1.293 ns,1.210 ns,0.75,0.00,0.0000,0.0000,0.0000,0 B,NA
gp-tobytearray,DefaultJob,False,Default,Default,Default,Default,Default,Default,1111,Empty,RyuJit,Default,X64,8c5e7fda-e8bf-4a96-9a85-a6e23a8c635c,.NET 8.0,False,True,False,True,Default,Default,False,False,False,Default,Default,Default,Default,Default,Default,Default,Default,Default,Default,Default,Default,Default,Default,Default,Default,Default,16,Default,P7.1,523.93 ns,4.989 ns,4.667 ns,1.19,0.01,0.0105,0.0000,0.0000,192 B,NA
managed,DefaultJob,False,Default,Default,Default,Default,Default,Default,1111,Empty,RyuJit,Default,X64,8c5e7fda-e8bf-4a96-9a85-a6e23a8c635c,.NET 8.0,False,True,False,True,Default,Default,False,False,False,Default,Default,Default,Default,Default,Default,Default,Default,Default,Default,Default,Default,Default,Default,Default,Default,Default,16,Default,P7.1,157.21 ns,0.917 ns,0.716 ns,0.36,0.00,0.0000,0.0000,0.0000,0 B,NA
managed-2pass,DefaultJob,False,Default,Default,Default,Default,Default,Default,1111,Empty,RyuJit,Default,X64,8c5e7fda-e8bf-4a96-9a85-a6e23a8c635c,.NET 8.0,False,True,False,True,Default,Default,False,False,False,Default,Default,Default,Default,Default,Default,Default,Default,Default,Default,Default,Default,Default,Default,Default,Default,Default,16,Default,P7.1,289.46 ns,4.403 ns,4.119 ns,0.66,0.01,0.0000,0.0000,0.0000,0 B,NA
'memcpy floor',DefaultJob,False,Default,Default,Default,Default,Default,Default,1111,Empty,RyuJit,Default,X64,8c5e7fda-e8bf-4a96-9a85-a6e23a8c635c,.NET 8.0,False,True,False,True,Default,Default,False,False,False,Default,Default,Default,Default,Default,Default,Default,Default,Default,Default,Default,Default,Default,Default,Default,Default,Default,16,Default,P7.1,10.47 ns,0.157 ns,0.131 ns,0.02,0.00,0.0000,0.0000,0.0000,0 B,NA
