row	content	mode	arm	round	cpu_ns_per_op	alloc_bytes_per_op	gen0_per_op	gen1_per_op	gen2_per_op	minflt_per_op	gc_pause_ns_per_op	ops
P1.2	ascii	no-unknown	ref	1	349059	641977	0.0366972	0	0	0	14926.6	109
P1.2	ascii	no-unknown	skip	1	170103	216632	0.0128205	0	0	0	5470.09	234
P1.2	ascii	no-unknown	noop	1	74316.7	0	0	0	0	0	0	542
P1.2	ascii	no-unknown	parse	1	73322.3	0	0	0	0	0	0	538
P1.2	ascii	no-unknown	parsev	1	130818	0	0	0	0	0.0188679	0	318
P1.2	ascii	no-unknown	pull	1	372178	641976	0.0350877	0	0	0.0438596	17552.6	114
P1.2	ascii	no-unknown	pparse	1	74050.7	0	0	0	0	0	0	536
P1.2	ascii	no-unknown	touch	1	6891.07	0	0	0	0	0	0	5804
P1.2	ascii	no-unknown	strs	1	178520	425344	0.025641	0	0	0.00854701	7226.5	234
P1.2	ascii	no-unknown	host	1	537268	641976	0.0408163	0	0	0.571429	23122.4	98
P1.2	ascii	no-unknown	hskip	1	203731	216632	0.00990099	0	0	0	4227.72	202
P1.2	ascii	no-unknown	inc	1	495406	697928	0.0375	0	0	0	18787.5	80
P1.2	ascii	no-unknown	skip	2	193389	216632	0.0128205	0	0	0.00854701	5512.82	234
P1.2	ascii	no-unknown	noop	2	85139.2	0	0	0	0	0.00922509	0	542
P1.2	ascii	no-unknown	parse	2	104529	0	0	0	0	0.135688	0	538
P1.2	ascii	no-unknown	parsev	2	132469	0	0	0	0	0	0	318
P1.2	ascii	no-unknown	pull	2	361736	641976	0.0438596	0	0	0	20807	114
P1.2	ascii	no-unknown	pparse	2	74518.4	0	0	0	0	0	0	536
P1.2	ascii	no-unknown	touch	2	7045.7	0	0	0	0	0	0	5804
P1.2	ascii	no-unknown	strs	2	172779	425344	0.0213675	0	0	0	6230.77	234
P1.2	ascii	no-unknown	host	2	474395	641976	0.0408163	0	0	0	27989.8	98
P1.2	ascii	no-unknown	hskip	2	214519	216632	0.0148515	0	0	0	7608.91	202
P1.2	ascii	no-unknown	inc	2	526542	697928	0.0375	0	0	0	27662.5	80
P1.2	ascii	no-unknown	ref	2	364733	641976	0.0366972	0	0	0	22972.5	109
P1.2	ascii	no-unknown	noop	3	81868.2	0	0	0	0	0.00553506	0	542
P1.2	ascii	no-unknown	parse	3	76501.8	0	0	0	0	0	0	538
P1.2	ascii	no-unknown	parsev	3	133012	0	0	0	0	0	0	318
P1.2	ascii	no-unknown	pull	3	371636	641976	0.0350877	0	0	0	22578.9	114
P1.2	ascii	no-unknown	pparse	3	76449	0	0	0	0	0	0	536
P1.2	ascii	no-unknown	touch	3	7286.44	0	0	0	0	0	0	5804
P1.2	ascii	no-unknown	strs	3	233673	425344	0.025641	0	0	0.0213675	8517.09	234
P1.2	ascii	no-unknown	host	3	418952	641976	0.0408163	0	0	0	26755.1	98
P1.2	ascii	no-unknown	hskip	3	204712	216632	0.00990099	0	0	0	4717.82	202
P1.2	ascii	no-unknown	inc	3	500386	697928	0.0375	0	0	0	22000	80
P1.2	ascii	no-unknown	ref	3	406162	641976	0.0366972	0	0	0.0642202	19660.6	109
P1.2	ascii	no-unknown	skip	3	173187	216632	0.0128205	0	0	0	5841.88	234
P1.2	ascii	no-unknown	parse	4	75337.5	0	0	0	0	0	0	538
P1.2	ascii	no-unknown	parsev	4	127673	0	0	0	0	0	0	318
P1.2	ascii	no-unknown	pull	4	361295	641976	0.0438596	0	0	0	30622.8	114
P1.2	ascii	no-unknown	pparse	4	75771.8	0	0	0	0	0	0	536
P1.2	ascii	no-unknown	touch	4	7058.85	0	0	0	0	0	0	5804
P1.2	ascii	no-unknown	strs	4	172587	425344	0.0213675	0	0	0	6017.09	234
P1.2	ascii	no-unknown	host	4	420983	641976	0.0408163	0	0	0	19193.9	98
P1.2	ascii	no-unknown	hskip	4	201584	216632	0.00990099	0	0	0	4207.92	202
P1.2	ascii	no-unknown	inc	4	510361	697928	0.05	0	0	0	32050	80
P1.2	ascii	no-unknown	ref	4	401246	641976	0.0366972	0	0	0	23110.1	109
P1.2	ascii	no-unknown	skip	4	179512	216632	0.0128205	0	0	0	5884.62	234
P1.2	ascii	no-unknown	noop	4	78445.9	0	0	0	0	0	0	542
P1.2	ascii	no-unknown	parsev	5	129544	0	0	0	0	0	0	318
P1.2	ascii	no-unknown	pull	5	372824	641976	0.0350877	0	0	0	20429.8	114
P1.2	ascii	no-unknown	pparse	5	78456.4	0	0	0	0	0	0	536
P1.2	ascii	no-unknown	touch	5	7138.6	0	0	0	0	0	0	5804
P1.2	ascii	no-unknown	strs	5	173285	425344	0.025641	0	0	0	7260.68	234
P1.2	ascii	no-unknown	host	5	427403	641976	0.0306122	0	0	0	20836.7	98
P1.2	ascii	no-unknown	hskip	5	218140	216632	0.0148515	0	0	0	7168.32	202
P1.2	ascii	no-unknown	inc	5	543849	697928	0.0375	0	0	0	23037.5	80
P1.2	ascii	no-unknown	ref	5	388659	641976	0.0366972	0	0	0	19229.4	109
P1.2	ascii	no-unknown	skip	5	183613	216632	0.0128205	0	0	0	6482.91	234
P1.2	ascii	no-unknown	noop	5	77040.5	0	0	0	0	0	0	542
P1.2	ascii	no-unknown	parse	5	79959	0	0	0	0	0	0	538
P1.2	ascii	no-unknown	pull	6	392309	641976	0.0350877	0	0	0.0263158	20535.1	114
P1.2	ascii	no-unknown	pparse	6	77977.7	0	0	0	0	0	0	536
P1.2	ascii	no-unknown	touch	6	7438.14	0	0	0	0	0	0	5804
P1.2	ascii	no-unknown	strs	6	179204	425344	0.025641	0	0	0	12461.5	234
P1.2	ascii	no-unknown	host	6	522820	641976	0.0408163	0	0	0.142857	21418.4	98
P1.2	ascii	no-unknown	hskip	6	205010	216632	0.00990099	0	0	0	4772.28	202
P1.2	ascii	no-unknown	inc	6	524126	697928	0.05	0	0	0	50612.5	80
P1.2	ascii	no-unknown	ref	6	387078	641976	0.0366972	0	0	0	26651.4	109
P1.2	ascii	no-unknown	skip	6	178272	216632	0.0128205	0	0	0	6188.03	234
P1.2	ascii	no-unknown	noop	6	75436	0	0	0	0	0	0	542
P1.2	ascii	no-unknown	parse	6	73316.2	0	0	0	0	0	0	538
P1.2	ascii	no-unknown	parsev	6	125375	0	0	0	0	0	0	318
P2.2	ascii	no-unknown	ref	1	1.79341E+06	2.1179E+06	0.0714286	0.0714286	0	0	154071	14
P2.2	ascii	no-unknown	skip	1	834591	747104	0.0425532	0.0212766	0	0	39170.2	47
P2.2	ascii	no-unknown	noop	1	335250	0	0	0	0	0	0	117
P2.2	ascii	no-unknown	parse	1	325976	0	0	0	0	0	0	127
P2.2	ascii	no-unknown	parsev	1	659327	0	0	0	0	0	0	63
P2.2	ascii	no-unknown	pull	1	2.55064E+06	2.1179E+06	0.133333	0.133333	0	0.333333	403667	15
P2.2	ascii	no-unknown	pparse	1	343997	0	0	0	0	0	0	119
P2.2	ascii	no-unknown	touch	1	58632.7	0	0	0	0	0	0	649
P2.2	ascii	no-unknown	strs	1	608988	1.2468E+06	0.0769231	0.0153846	0	0	15476.9	65
P2.2	ascii	no-unknown	host	1	1.70733E+06	2.1179E+06	0.130435	0.0869565	0	0	238043	23
P2.2	ascii	no-unknown	hskip	1	700799	747104	0.0350877	0.0175439	0	0	30877.2	57
P2.2	ascii	no-unknown	inc	1	2.32218E+06	2.34453E+06	0.142857	0.142857	0	0	345643	14
P2.2	ascii	no-unknown	skip	2	845086	747104	0.0425532	0	0	0	33617	47
P2.2	ascii	no-unknown	noop	2	338549	0	0	0	0	0	0	117
P2.2	ascii	no-unknown	parse	2	328278	0	0	0	0	0	0	127
P2.2	ascii	no-unknown	parsev	2	638150	0	0	0	0	0	0	63
P2.2	ascii	no-unknown	pull	2	2.76245E+06	2.1179E+06	0.133333	0.133333	0	1.06667	535000	15
P2.2	ascii	no-unknown	pparse	2	342709	0	0	0	0	0	0	119
P2.2	ascii	no-unknown	touch	2	60177.3	0	0	0	0	0	0	649
P2.2	ascii	no-unknown	strs	2	616586	1.2468E+06	0.0769231	0.0153846	0	0	16846.2	65
P2.2	ascii	no-unknown	host	2	1.6755E+06	2.1179E+06	0.130435	0.0434783	0	0	128870	23
P2.2	ascii	no-unknown	hskip	2	730654	747104	0.0350877	0.0175439	0	0	37333.3	57
P2.2	ascii	no-unknown	inc	2	2.54832E+06	2.34453E+06	0.142857	0.142857	0	0	524214	14
P2.2	ascii	no-unknown	ref	2	2.14195E+06	2.1179E+06	0.142857	0.142857	0	0	473214	14
P2.2	ascii	no-unknown	noop	3	337306	0	0	0	0	0	0	117
P2.2	ascii	no-unknown	parse	3	323701	0	0	0	0	0	0	127
P2.2	ascii	no-unknown	parsev	3	669115	0	0	0	0	0	0	63
P2.2	ascii	no-unknown	pull	3	1.86798E+06	2.1179E+06	0.0666667	0.0666667	0	0	332133	15
P2.2	ascii	no-unknown	pparse	3	343080	0	0	0	0	0	0	119
P2.2	ascii	no-unknown	touch	3	64228	0	0	0	0	0	0	649
P2.2	ascii	no-unknown	strs	3	624389	1.2468E+06	0.0769231	0.0153846	0	0	16861.5	65
P2.2	ascii	no-unknown	host	3	1.86806E+06	2.1179E+06	0.130435	0.0869565	0	0	351696	23
P2.2	ascii	no-unknown	hskip	3	724518	747104	0.0350877	0.0175439	0	0	20894.7	57
P2.2	ascii	no-unknown	inc	3	2.20542E+06	2.34453E+06	0.142857	0.0714286	0	0	335500	14
P2.2	ascii	no-unknown	ref	3	1.7569E+06	2.1179E+06	0.142857	0.0714286	0	0	56857.1	14
P2.2	ascii	no-unknown	skip	3	835507	747104	0.0425532	0.0212766	0	0	25659.6	47
P2.2	ascii	no-unknown	parse	4	330949	0	0	0	0	0	0	127
P2.2	ascii	no-unknown	parsev	4	624451	0	0	0	0	0	0	63
P2.2	ascii	no-unknown	pull	4	1.73126E+06	2.1179E+06	0.133333	0.0666667	0	0	277333	15
P2.2	ascii	no-unknown	pparse	4	341721	0	0	0	0	0	0	119
P2.2	ascii	no-unknown	touch	4	62276.7	0	0	0	0	0	0	649
P2.2	ascii	no-unknown	strs	4	622535	1.2468E+06	0.0769231	0.0153846	0	0	17969.2	65
P2.2	ascii	no-unknown	host	4	1.85197E+06	2.1179E+06	0.0869565	0.0434783	0	0.217391	204826	23
P2.2	ascii	no-unknown	hskip	4	717532	747104	0.0526316	0.0175439	0	0	35508.8	57
P2.2	ascii	no-unknown	inc	4	2.19521E+06	2.34453E+06	0.142857	0.142857	0	0	298357	14
P2.2	ascii	no-unknown	ref	4	1.78938E+06	2.1179E+06	0.142857	0.0714286	0	0	106429	14
P2.2	ascii	no-unknown	skip	4	849355	747104	0.0425532	0	0	0	34468.1	47
P2.2	ascii	no-unknown	noop	4	336299	0	0	0	0	0	0	117
P2.2	ascii	no-unknown	parsev	5	632068	0	0	0	0	0	0	63
P2.2	ascii	no-unknown	pull	5	1.64387E+06	2.1179E+06	0.0666667	0.0666667	0	0	40733.3	15
P2.2	ascii	no-unknown	pparse	5	346676	0	0	0	0	0	0	119
P2.2	ascii	no-unknown	touch	5	73485.8	0	0	0	0	0	0	649
P2.2	ascii	no-unknown	strs	5	660566	1.2468E+06	0.0769231	0	0	0	26800	65
P2.2	ascii	no-unknown	host	5	1.89458E+06	2.1179E+06	0.130435	0.0869565	0	0	530435	23
P2.2	ascii	no-unknown	hskip	5	728409	747104	0.0350877	0.0175439	0	0	24333.3	57
P2.2	ascii	no-unknown	inc	5	2.14123E+06	2.34453E+06	0.142857	0.0714286	0	0	283000	14
P2.2	ascii	no-unknown	ref	5	1.77619E+06	2.1179E+06	0.142857	0.0714286	0	0	119071	14
P2.2	ascii	no-unknown	skip	5	884483	747104	0.0425532	0.0212766	0	0	47319.1	47
P2.2	ascii	no-unknown	noop	5	349938	0	0	0	0	0	0	117
P2.2	ascii	no-unknown	parse	5	318081	0	0	0	0	0	0	127
P2.2	ascii	no-unknown	pull	6	1.69141E+06	2.1179E+06	0.133333	0.0666667	0	0	105733	15
P2.2	ascii	no-unknown	pparse	6	344250	0	0	0	0	0	0	119
P2.2	ascii	no-unknown	touch	6	62474	0	0	0	0	0	0	649
P2.2	ascii	no-unknown	strs	6	641156	1.2468E+06	0.0769231	0.0153846	0	0	21184.6	65
P2.2	ascii	no-unknown	host	6	1.75256E+06	2.1179E+06	0.0869565	0.0434783	0	0	185609	23
P2.2	ascii	no-unknown	hskip	6	743024	747104	0.0526316	0.0175439	0	0	48122.8	57
P2.2	ascii	no-unknown	inc	6	2.07797E+06	2.34453E+06	0.142857	0.0714286	0	0	153000	14
P2.2	ascii	no-unknown	ref	6	2.07594E+06	2.1179E+06	0.142857	0.0714286	0	0	187643	14
P2.2	ascii	no-unknown	skip	6	904655	747104	0.0425532	0.0212766	0	0	35723.4	47
P2.2	ascii	no-unknown	noop	6	373009	0	0	0	0	0	0	117
P2.2	ascii	no-unknown	parse	6	326733	0	0	0	0	0	0	127
P2.2	ascii	no-unknown	parsev	6	702939	0	0	0	0	0	0	63
P2.2	latin1	no-unknown	ref	1	2.65179E+06	2.1179E+06	0.0909091	0.0909091	0	0	318182	11
P2.2	latin1	no-unknown	skip	1	889874	747104	0.0444444	0.0222222	0	0	33133.3	45
P2.2	latin1	no-unknown	noop	1	347210	0	0	0	0	0	0	111
P2.2	latin1	no-unknown	parse	1	324242	0	0	0	0	0	0	118
P2.2	latin1	no-unknown	parsev	1	697225	0	0	0	0	0	0	24
P2.2	latin1	no-unknown	pull	1	2.31471E+06	2.1179E+06	0.133333	0.0666667	0	0	97466.7	15
P2.2	latin1	no-unknown	pparse	1	361719	0	0	0	0	0	0	79
P2.2	latin1	no-unknown	touch	1	66735.4	0	0	0	0	0	0	603
P2.2	latin1	no-unknown	strs	1	1.21309E+06	1.2468E+06	0.0666667	0.0333333	0	0	25633.3	30
P2.2	latin1	no-unknown	host	1	2.41697E+06	2.1179E+06	0.133333	0	0	0	241467	15
P2.2	latin1	no-unknown	hskip	1	780236	747104	0.0377358	0.0188679	0	0	15339.6	53
P2.2	latin1	no-unknown	inc	1	2.58285E+06	2.34453E+06	0	0	0	0	0	2
P2.2	latin1	no-unknown	skip	2	994192	747104	0.0444444	0.0222222	0	0	129311	45
P2.2	latin1	no-unknown	noop	2	359067	0	0	0	0	0	0	111
P2.2	latin1	no-unknown	parse	2	330523	0	0	0	0	0	0	118
P2.2	latin1	no-unknown	parsev	2	737395	0	0	0	0	0	0	24
P2.2	latin1	no-unknown	pull	2	2.63012E+06	2.1179E+06	0.133333	0	0	0	412267	15
P2.2	latin1	no-unknown	pparse	2	349221	0	0	0	0	0	0	79
P2.2	latin1	no-unknown	touch	2	61460.5	0	0	0	0	0	0	603
P2.2	latin1	no-unknown	strs	2	1.46057E+06	1.2468E+06	0.0666667	0.0333333	0	0	39166.7	30
P2.2	latin1	no-unknown	host	2	2.58013E+06	2.1179E+06	0.133333	0	0	0	405667	15
P2.2	latin1	no-unknown	hskip	2	769250	747104	0.0566038	0.0377358	0	0	49377.4	53
P2.2	latin1	no-unknown	inc	2	2.47173E+06	2.34453E+06	0	0	0	0	0	2
P2.2	latin1	no-unknown	ref	2	2.74315E+06	2.1179E+06	0.0909091	0	0	0	542545	11
P2.2	latin1	no-unknown	noop	3	357680	0	0	0	0	0	0	111
P2.2	latin1	no-unknown	parse	3	325470	0	0	0	0	0	0	118
P2.2	latin1	no-unknown	parsev	3	700534	0	0	0	0	0	0	24
P2.2	latin1	no-unknown	pull	3	2.56333E+06	2.1179E+06	0.133333	0.133333	0	0	365333	15
P2.2	latin1	no-unknown	pparse	3	344240	0	0	0	0	0	0	79
P2.2	latin1	no-unknown	touch	3	64791.8	0	0	0	0	0	0	603
P2.2	latin1	no-unknown	strs	3	1.17428E+06	1.2468E+06	0.0666667	0	0	0	16033.3	30
P2.2	latin1	no-unknown	host	3	2.47207E+06	2.1179E+06	0.133333	0.0666667	0	0	337400	15
P2.2	latin1	no-unknown	hskip	3	765342	747104	0.0377358	0.0188679	0	0	45528.3	53
P2.2	latin1	no-unknown	inc	3	3.34114E+06	2.34453E+06	0.5	0	0	0	941500	2
P2.2	latin1	no-unknown	ref	3	2.8025E+06	2.1179E+06	0.0909091	0.0909091	0	0	483818	11
P2.2	latin1	no-unknown	skip	3	900545	747104	0.0444444	0.0222222	0	0	45800	45
P2.2	latin1	no-unknown	parse	4	329134	0	0	0	0	0	0	118
P2.2	latin1	no-unknown	parsev	4	826612	0	0	0	0	0	0	24
P2.2	latin1	no-unknown	pull	4	2.67061E+06	2.1179E+06	0.133333	0.0666667	0	0	157933	15
P2.2	latin1	no-unknown	pparse	4	355758	0	0	0	0	0	0	79
P2.2	latin1	no-unknown	touch	4	65919.2	0	0	0	0	0	0	603
P2.2	latin1	no-unknown	strs	4	1.27626E+06	1.2468E+06	0.0666667	0.0333333	0	0	17366.7	30
P2.2	latin1	no-unknown	host	4	2.59228E+06	2.1179E+06	0.133333	0.0666667	0	0	121600	15
P2.2	latin1	no-unknown	hskip	4	789438	747104	0.0377358	0.0188679	0	0	24981.1	53
P2.2	latin1	no-unknown	inc	4	2.46838E+06	2.34453E+06	0	0	0	0	0	2
P2.2	latin1	no-unknown	ref	4	2.63316E+06	2.1179E+06	0.181818	0.0909091	0	0	349182	11
P2.2	latin1	no-unknown	skip	4	901387	747104	0.0444444	0	0	0	41755.6	45
P2.2	latin1	no-unknown	noop	4	353201	0	0	0	0	0	0	111
P2.2	latin1	no-unknown	parsev	5	991615	0	0	0	0	0	0	24
P2.2	latin1	no-unknown	pull	5	2.47674E+06	2.1179E+06	0.0666667	0.0666667	0	0	259133	15
P2.2	latin1	no-unknown	pparse	5	344287	0	0	0	0	0	0	79
P2.2	latin1	no-unknown	touch	5	58775.6	0	0	0	0	0	0	603
P2.2	latin1	no-unknown	strs	5	1.25626E+06	1.2468E+06	0.1	0.0333333	0	0	21600	30
P2.2	latin1	no-unknown	host	5	2.13562E+06	2.1179E+06	0.0666667	0	0	0	86400	15
P2.2	latin1	no-unknown	hskip	5	745933	747104	0.0566038	0.0377358	0	0	59867.9	53
P2.2	latin1	no-unknown	inc	5	2.37796E+06	2.34453E+06	0	0	0	0	0	2
P2.2	latin1	no-unknown	ref	5	2.21309E+06	2.1179E+06	0.0909091	0	0	0	56727.3	11
P2.2	latin1	no-unknown	skip	5	901010	747104	0.0444444	0.0222222	0	0	40666.7	45
P2.2	latin1	no-unknown	noop	5	341185	0	0	0	0	0	0	111
P2.2	latin1	no-unknown	parse	5	316498	0	0	0	0	0	0	118
P2.2	latin1	no-unknown	pull	6	2.50994E+06	2.1179E+06	0.133333	0.133333	0	0	426733	15
P2.2	latin1	no-unknown	pparse	6	341821	0	0	0	0	0	0	79
P2.2	latin1	no-unknown	touch	6	64237.2	0	0	0	0	0	0	603
P2.2	latin1	no-unknown	strs	6	1.13497E+06	1.2468E+06	0.0666667	0.0333333	0	0	14933.3	30
P2.2	latin1	no-unknown	host	6	2.36571E+06	2.1179E+06	0.133333	0.0666667	0	0	331933	15
P2.2	latin1	no-unknown	hskip	6	707211	747104	0.0377358	0.0188679	0	0	20622.6	53
P2.2	latin1	no-unknown	inc	6	3.05865E+06	2.34453E+06	0.5	0.5	0	0	675000	2
P2.2	latin1	no-unknown	ref	6	2.33318E+06	2.1179E+06	0.0909091	0	0	0	107182	11
P2.2	latin1	no-unknown	skip	6	888348	747104	0.0444444	0.0222222	0	0	20800	45
P2.2	latin1	no-unknown	noop	6	346264	0	0	0	0	0	0	111
P2.2	latin1	no-unknown	parse	6	335919	0	0	0	0	0	0	118
P2.2	latin1	no-unknown	parsev	6	718959	0	0	0	0	0	0	24
P2.2	wide	no-unknown	ref	1	3.2942E+06	2.1179E+06	0.153846	0.153846	0	0	390231	13
P2.2	wide	no-unknown	skip	1	832133	747104	0.04	0.02	0	0	21180	50
P2.2	wide	no-unknown	noop	1	341123	0	0	0	0	0	0	118
P2.2	wide	no-unknown	parse	1	317628	0	0	0	0	0	0	127
P2.2	wide	no-unknown	parsev	1	746518	0	0	0	0	0	0	52
P2.2	wide	no-unknown	pull	1	3.18162E+06	2.1179E+06	0.142857	0.0714286	0	0	414429	14
P2.2	wide	no-unknown	pparse	1	340745	0	0	0	0	0	0	116
P2.2	wide	no-unknown	touch	1	59248.7	0	0	0	0	0	0	679
P2.2	wide	no-unknown	strs	1	1.77591E+06	1.2468E+06	0.0454545	0.0454545	0	0	11227.3	22
P2.2	wide	no-unknown	host	1	3.00846E+06	2.1179E+06	0.142857	0	0	0	258071	14
P2.2	wide	no-unknown	hskip	1	738768	747104	0.0508475	0.0338983	0	0	48186.4	59
P2.2	wide	no-unknown	inc	1	3.27568E+06	2.34453E+06	0.153846	0.0769231	0	0	202308	13
P2.2	wide	no-unknown	skip	2	847545	747104	0.04	0.02	0	0	24440	50
P2.2	wide	no-unknown	noop	2	365755	0	0	0	0	0	0	118
P2.2	wide	no-unknown	parse	2	317436	0	0	0	0	0	0	127
P2.2	wide	no-unknown	parsev	2	743525	0	0	0	0	0	0	52
P2.2	wide	no-unknown	pull	2	3.06512E+06	2.1179E+06	0.0714286	0.0714286	0	0	282571	14
P2.2	wide	no-unknown	pparse	2	349213	0	0	0	0	0	0	116
P2.2	wide	no-unknown	touch	2	63664.2	0	0	0	0	0	0	679
P2.2	wide	no-unknown	strs	2	1.868E+06	1.2468E+06	0.0909091	0.0454545	0	0	21136.4	22
P2.2	wide	no-unknown	host	2	3.05183E+06	2.1179E+06	0.142857	0	0	0	276000	14
P2.2	wide	no-unknown	hskip	2	732837	747104	0.0338983	0.0169492	0	0	22084.7	59
P2.2	wide	no-unknown	inc	2	3.7016E+06	2.34453E+06	0.153846	0.0769231	0	0	652923	13
P2.2	wide	no-unknown	ref	2	3.51644E+06	2.1179E+06	0.153846	0.153846	0	0	655846	13
P2.2	wide	no-unknown	noop	3	344940	0	0	0	0	0	0	118
P2.2	wide	no-unknown	parse	3	328565	0	0	0	0	0	0	127
P2.2	wide	no-unknown	parsev	3	808841	0	0	0	0	0	0	52
P2.2	wide	no-unknown	pull	3	3.02826E+06	2.1179E+06	0.0714286	0.0714286	0	0	282071	14
P2.2	wide	no-unknown	pparse	3	343517	0	0	0	0	0	0	116
P2.2	wide	no-unknown	touch	3	58741.9	0	0	0	0	0	0	679
P2.2	wide	no-unknown	strs	3	1.78662E+06	1.2468E+06	0.0909091	0.0454545	0	0	20590.9	22
P2.2	wide	no-unknown	host	3	3.08841E+06	2.1179E+06	0.142857	0.0714286	0	0	394500	14
P2.2	wide	no-unknown	hskip	3	699352	747104	0.0338983	0.0169492	0	0	13440.7	59
P2.2	wide	no-unknown	inc	3	3.20567E+06	2.34453E+06	0.153846	0.0769231	0	0	158923	13
P2.2	wide	no-unknown	ref	3	3.00337E+06	2.1179E+06	0.153846	0.0769231	0	0	105462	13
P2.2	wide	no-unknown	skip	3	841953	747104	0.04	0	0	0	32720	50
P2.2	wide	no-unknown	parse	4	316288	0	0	0	0	0	0	127
P2.2	wide	no-unknown	parsev	4	739063	0	0	0	0	0	0	52
P2.2	wide	no-unknown	pull	4	2.80043E+06	2.1179E+06	0.0714286	0.0714286	0	0	31285.7	14
P2.2	wide	no-unknown	pparse	4	341887	0	0	0	0	0	0	116
P2.2	wide	no-unknown	touch	4	56530.8	0	0	0	0	0	0	679
P2.2	wide	no-unknown	strs	4	1.76993E+06	1.2468E+06	0.0909091	0	0	0	21590.9	22
P2.2	wide	no-unknown	host	4	3.13938E+06	2.1179E+06	0.142857	0.0714286	0	0	448786	14
P2.2	wide	no-unknown	hskip	4	763370	747104	0.0338983	0.0169492	0	0	53389.8	59
P2.2	wide	no-unknown	inc	4	3.375E+06	2.34453E+06	0.153846	0.0769231	0	0	349538	13
P2.2	wide	no-unknown	ref	4	3.0106E+06	2.1179E+06	0.153846	0.0769231	0	0	125923	13
P2.2	wide	no-unknown	skip	4	837906	747104	0.04	0.02	0	0	28720	50
P2.2	wide	no-unknown	noop	4	344249	0	0	0	0	0	0	118
P2.2	wide	no-unknown	parsev	5	746852	0	0	0	0	0	0	52
P2.2	wide	no-unknown	pull	5	2.93689E+06	2.1179E+06	0.142857	0.0714286	0	0	108143	14
P2.2	wide	no-unknown	pparse	5	345828	0	0	0	0	0	0	116
P2.2	wide	no-unknown	touch	5	62483.7	0	0	0	0	0	0	679
P2.2	wide	no-unknown	strs	5	1.80666E+06	1.2468E+06	0.0454545	0.0454545	0	0	11590.9	22
P2.2	wide	no-unknown	host	5	3.39003E+06	2.1179E+06	0.142857	0.0714286	0	0.0714286	584214	14
P2.2	wide	no-unknown	hskip	5	708375	747104	0.0338983	0.0169492	0	0	9135.59	59
P2.2	wide	no-unknown	inc	5	3.57466E+06	2.34453E+06	0.153846	0.0769231	0	0	528538	13
P2.2	wide	no-unknown	ref	5	3.06008E+06	2.1179E+06	0.153846	0.0769231	0	0	166462	13
P2.2	wide	no-unknown	skip	5	855617	747104	0.04	0.02	0	0	42480	50
P2.2	wide	no-unknown	noop	5	341466	0	0	0	0	0	0	118
P2.2	wide	no-unknown	parse	5	317605	0	0	0	0	0	0	127
P2.2	wide	no-unknown	pull	6	2.93478E+06	2.1179E+06	0.142857	0.0714286	0	0	138071	14
P2.2	wide	no-unknown	pparse	6	342063	0	0	0	0	0	0	116
P2.2	wide	no-unknown	touch	6	59625.1	0	0	0	0	0	0	679
P2.2	wide	no-unknown	strs	6	1.78717E+06	1.2468E+06	0.0454545	0.0454545	0	0	11227.3	22
P2.2	wide	no-unknown	host	6	3.6443E+06	2.1179E+06	0.142857	0.0714286	0	0.214286	510500	14
P2.2	wide	no-unknown	hskip	6	732486	747104	0.0508475	0.0338983	0	0	34898.3	59
P2.2	wide	no-unknown	inc	6	3.2368E+06	2.34453E+06	0.0769231	0	0	0	202846	13
P2.2	wide	no-unknown	ref	6	3.13397E+06	2.1179E+06	0.153846	0.0769231	0	0	229462	13
P2.2	wide	no-unknown	skip	6	858377	747104	0.04	0.02	0	0	21340	50
P2.2	wide	no-unknown	noop	6	340212	0	0	0	0	0	0	118
P2.2	wide	no-unknown	parse	6	316637	0	0	0	0	0	0	127
P2.2	wide	no-unknown	parsev	6	742323	0	0	0	0	0	0	52
P2.3	ascii	no-unknown	ref	1	1.28947E+06	2.08548E+06	0.129032	0.0645161	0	0	106806	31
P2.3	ascii	no-unknown	skip	1	442079	446912	0.0217391	0.0108696	0	0	8445.65	92
P2.3	ascii	no-unknown	noop	1	175397	0	0	0	0	0	0	234
P2.3	ascii	no-unknown	parse	1	169268	0	0	0	0	0	0	242
P2.3	ascii	no-unknown	parsev	1	353804	0	0	0	0	0	0	113
P2.3	ascii	no-unknown	pull	1	1.34398E+06	2.08548E+06	0.148148	0.111111	0	0	217000	27
P2.3	ascii	no-unknown	pparse	1	170879	0	0	0	0	0	0	228
P2.3	ascii	no-unknown	touch	1	44293.1	0	0	0	0	0	0	931
P2.3	ascii	no-unknown	strs	1	583040	1.60757E+06	0.0869565	0	0	0	14710.1	69
P2.3	ascii	no-unknown	host	1	1.32107E+06	2.08548E+06	0.117647	0.0588235	0	0	179706	17
P2.3	ascii	no-unknown	hskip	1	369148	446912	0.0272727	0.00909091	0	0	10936.4	110
P2.3	ascii	no-unknown	inc	1	1.39121E+06	2.0981E+06	0.111111	0.0740741	0	0	182815	27
P2.3	ascii	no-unknown	skip	2	439754	446912	0.0326087	0.0108696	0	0	14826.1	92
P2.3	ascii	no-unknown	noop	2	172220	0	0	0	0	0	0	234
P2.3	ascii	no-unknown	parse	2	169152	0	0	0	0	0	0	242
P2.3	ascii	no-unknown	parsev	2	360164	0	0	0	0	0	0	113
P2.3	ascii	no-unknown	pull	2	1.27955E+06	2.08548E+06	0.111111	0.0740741	0	0	99148.1	27
P2.3	ascii	no-unknown	pparse	2	174337	0	0	0	0	0	0	228
P2.3	ascii	no-unknown	touch	2	41248.1	0	0	0	0	0	0	931
P2.3	ascii	no-unknown	strs	2	588069	1.60757E+06	0.0869565	0	0	0	17840.6	69
P2.3	ascii	no-unknown	host	2	1.40593E+06	2.08548E+06	0.117647	0.0588235	0	0	256647	17
P2.3	ascii	no-unknown	hskip	2	364151	446912	0.0272727	0.00909091	0	0	10172.7	110
P2.3	ascii	no-unknown	inc	2	1.39416E+06	2.0981E+06	0.148148	0.111111	0	0	203148	27
P2.3	ascii	no-unknown	ref	2	1.31941E+06	2.08548E+06	0.0967742	0.0645161	0	0	153032	31
P2.3	ascii	no-unknown	noop	3	172276	0	0	0	0	0	0	234
P2.3	ascii	no-unknown	parse	3	164762	0	0	0	0	0	0	242
P2.3	ascii	no-unknown	parsev	3	352987	0	0	0	0	0	0	113
P2.3	ascii	no-unknown	pull	3	1.29792E+06	2.08548E+06	0.148148	0.111111	0	0	163889	27
P2.3	ascii	no-unknown	pparse	3	171796	0	0	0	0	0	0	228
P2.3	ascii	no-unknown	touch	3	42539.7	0	0	0	0	0	0	931
P2.3	ascii	no-unknown	strs	3	585087	1.60757E+06	0.0869565	0	0	0	16029	69
P2.3	ascii	no-unknown	host	3	1.31122E+06	2.08548E+06	0.117647	0.0588235	0	0	210529	17
P2.3	ascii	no-unknown	hskip	3	369822	446912	0.0272727	0.00909091	0	0	10609.1	110
P2.3	ascii	no-unknown	inc	3	1.3813E+06	2.0981E+06	0.111111	0.0740741	0	0	198481	27
P2.3	ascii	no-unknown	ref	3	1.29067E+06	2.08548E+06	0.129032	0.0967742	0	0	100516	31
P2.3	ascii	no-unknown	skip	3	441954	446912	0.0217391	0	0	0	10695.7	92
P2.3	ascii	no-unknown	parse	4	166406	0	0	0	0	0	0	242
P2.3	ascii	no-unknown	parsev	4	355023	0	0	0	0	0	0	113
P2.3	ascii	no-unknown	pull	4	1.35365E+06	2.08548E+06	0.148148	0.111111	0	0	171259	27
P2.3	ascii	no-unknown	pparse	4	172963	0	0	0	0	0	0	228
P2.3	ascii	no-unknown	touch	4	40254.6	0	0	0	0	0	0	931
P2.3	ascii	no-unknown	strs	4	586818	1.60757E+06	0.0869565	0.0144928	0	0	15797.1	69
P2.3	ascii	no-unknown	host	4	1.3918E+06	2.08548E+06	0.117647	0.0588235	0	0	218000	17
P2.3	ascii	no-unknown	hskip	4	369908	446912	0.0272727	0.00909091	0	0	12045.5	110
P2.3	ascii	no-unknown	inc	4	1.39672E+06	2.0981E+06	0.111111	0.0740741	0	0	163815	27
P2.3	ascii	no-unknown	ref	4	1.40941E+06	2.08548E+06	0.129032	0.0967742	0	0	172742	31
P2.3	ascii	no-unknown	skip	4	438266	446912	0.0217391	0.0108696	0	0	7815.22	92
P2.3	ascii	no-unknown	noop	4	172778	0	0	0	0	0	0	234
P2.3	ascii	no-unknown	parsev	5	375296	0	0	0	0	0	0	113
P2.3	ascii	no-unknown	pull	5	1.38394E+06	2.08548E+06	0.148148	0.0740741	0	0	186889	27
P2.3	ascii	no-unknown	pparse	5	174387	0	0	0	0	0	0	228
P2.3	ascii	no-unknown	touch	5	44959.1	0	0	0	0	0.00214823	0	931
P2.3	ascii	no-unknown	strs	5	605336	1.60757E+06	0.0869565	0.0144928	0	0	17782.6	69
P2.3	ascii	no-unknown	host	5	1.41958E+06	2.08548E+06	0.117647	0.0588235	0	0	281471	17
P2.3	ascii	no-unknown	hskip	5	373037	446912	0.0272727	0.0181818	0	0	11563.6	110
P2.3	ascii	no-unknown	inc	5	1.33095E+06	2.0981E+06	0.111111	0.037037	0	0	116741	27
P2.3	ascii	no-unknown	ref	5	1.43654E+06	2.08548E+06	0.129032	0.0967742	0	0	195968	31
P2.3	ascii	no-unknown	skip	5	449386	446912	0.0217391	0.0108696	0	0	10760.9	92
P2.3	ascii	no-unknown	noop	5	172782	0	0	0	0	0	0	234
P2.3	ascii	no-unknown	parse	5	171360	0	0	0	0	0	0	242
P2.3	ascii	no-unknown	pull	6	1.3947E+06	2.08548E+06	0.148148	0.0740741	0	0	213222	27
P2.3	ascii	no-unknown	pparse	6	174839	0	0	0	0	0	0	228
P2.3	ascii	no-unknown	touch	6	42556	0	0	0	0	0	0	931
P2.3	ascii	no-unknown	strs	6	598874	1.60757E+06	0.0869565	0.0144928	0	0	16217.4	69
P2.3	ascii	no-unknown	host	6	1.27913E+06	2.08548E+06	0.117647	0.0588235	0	0	129176	17
P2.3	ascii	no-unknown	hskip	6	376342	446912	0.0272727	0.00909091	0	0	11881.8	110
P2.3	ascii	no-unknown	inc	6	1.33876E+06	2.0981E+06	0.111111	0.0740741	0	0	101370	27
P2.3	ascii	no-unknown	ref	6	1.3833E+06	2.08548E+06	0.129032	0.0967742	0	0	158742	31
P2.3	ascii	no-unknown	skip	6	440489	446912	0.0217391	0.0108696	0	0	6815.22	92
P2.3	ascii	no-unknown	noop	6	175842	0	0	0	0	0	0	234
P2.3	ascii	no-unknown	parse	6	166968	0	0	0	0	0	0	242
P2.3	ascii	no-unknown	parsev	6	359187	0	0	0	0	0	0	113
P2.4	ascii	no-unknown	ref	1	1.69897E+06	3.26569E+06	0.2	0.16	0	0	250200	25
P2.4	ascii	no-unknown	skip	1	478253	788592	0.0379747	0.0126582	0	0	14886.1	79
P2.4	ascii	no-unknown	noop	1	192635	0	0	0	0	0	0	145
P2.4	ascii	no-unknown	parse	1	187474	0	0	0	0	0	0	211
P2.4	ascii	no-unknown	parsev	1	449290	0	0	0	0	0	0	87
P2.4	ascii	no-unknown	pull	1	1.76689E+06	3.26569E+06	0.2	0.16	0	0	274880	25
P2.4	ascii	no-unknown	pparse	1	187741	0	0	0	0	0	0	215
P2.4	ascii	no-unknown	touch	1	73024	0	0	0	0	0	0	545
P2.4	ascii	no-unknown	strs	1	898932	2.45726E+06	0.148936	0	0	0	29510.6	47
P2.4	ascii	no-unknown	host	1	1.80754E+06	3.26569E+06	0.185185	0.148148	0	0	312111	27
P2.4	ascii	no-unknown	hskip	1	449396	788592	0.043956	0.010989	0	0	13989	91
P2.4	ascii	no-unknown	inc	1	2.06323E+06	3.28783E+06	0.217391	0.130435	0	0	504783	23
P2.4	ascii	no-unknown	skip	2	493015	788592	0.0379747	0.0126582	0	0	15873.4	79
P2.4	ascii	no-unknown	noop	2	190600	0	0	0	0	0	0	145
P2.4	ascii	no-unknown	parse	2	200789	0	0	0	0	0	0	211
P2.4	ascii	no-unknown	parsev	2	447337	0	0	0	0	0	0	87
P2.4	ascii	no-unknown	pull	2	1.68038E+06	3.26569E+06	0.2	0.16	0	0	279800	25
P2.4	ascii	no-unknown	pparse	2	188243	0	0	0	0	0	0	215
P2.4	ascii	no-unknown	touch	2	72082.8	0	0	0	0	0	0	545
P2.4	ascii	no-unknown	strs	2	834823	2.45726E+06	0.148936	0.0212766	0	0	22595.7	47
P2.4	ascii	no-unknown	host	2	1.72468E+06	3.26569E+06	0.185185	0.111111	0	0	284222	27
P2.4	ascii	no-unknown	hskip	2	447608	788592	0.043956	0.021978	0	0	18890.1	91
P2.4	ascii	no-unknown	inc	2	1.77403E+06	3.28783E+06	0.173913	0.130435	0	0	222696	23
P2.4	ascii	no-unknown	ref	2	1.74451E+06	3.26569E+06	0.2	0.12	0	0	249200	25
P2.4	ascii	no-unknown	noop	3	190983	0	0	0	0	0	0	145
P2.4	ascii	no-unknown	parse	3	188822	0	0	0	0	0	0	211
P2.4	ascii	no-unknown	parsev	3	450130	0	0	0	0	0	0	87
P2.4	ascii	no-unknown	pull	3	1.78376E+06	3.26569E+06	0.2	0.16	0	0	360320	25
P2.4	ascii	no-unknown	pparse	3	185768	0	0	0	0	0	0	215
P2.4	ascii	no-unknown	touch	3	72249.9	0	0	0	0	0	0	545
P2.4	ascii	no-unknown	strs	3	882653	2.45726E+06	0.12766	0.0212766	0	0	24808.5	47
P2.4	ascii	no-unknown	host	3	1.75632E+06	3.26569E+06	0.222222	0.148148	0	0	315667	27
P2.4	ascii	no-unknown	hskip	3	482162	788592	0.043956	0.021978	0	0	18362.6	91
P2.4	ascii	no-unknown	inc	3	1.75982E+06	3.28783E+06	0.173913	0.130435	0	0	227130	23
P2.4	ascii	no-unknown	ref	3	1.69461E+06	3.26569E+06	0.2	0.12	0	0	202120	25
P2.4	ascii	no-unknown	skip	3	564876	788592	0.0379747	0.0126582	0	0	17708.9	79
P2.4	ascii	no-unknown	parse	4	275291	0	0	0	0	0	0	211
P2.4	ascii	no-unknown	parsev	4	753450	0	0	0	0	0	0	87
P2.4	ascii	no-unknown	pull	4	1.91793E+06	3.26569E+06	0.2	0.16	0	0	290240	25
P2.4	ascii	no-unknown	pparse	4	196361	0	0	0	0	0	0	215
P2.4	ascii	no-unknown	touch	4	75099	0	0	0	0	0	0	545
P2.4	ascii	no-unknown	strs	4	944000	2.45726E+06	0.148936	0.0212766	0	0	28978.7	47
P2.4	ascii	no-unknown	host	4	1.98617E+06	3.26569E+06	0.185185	0.111111	0	0	480630	27
P2.4	ascii	no-unknown	hskip	4	482540	788592	0.043956	0.021978	0	0	20417.6	91
P2.4	ascii	no-unknown	inc	4	1.90794E+06	3.28783E+06	0.173913	0.0869565	0	0	387522	23
P2.4	ascii	no-unknown	ref	4	1.80744E+06	3.26569E+06	0.2	0.16	0	0	225640	25
P2.4	ascii	no-unknown	skip	4	525447	788592	0.0506329	0.0253165	0	0	21708.9	79
P2.4	ascii	no-unknown	noop	4	203823	0	0	0	0	0	0	145
P2.4	ascii	no-unknown	parsev	5	479745	0	0	0	0	0	0	87
P2.4	ascii	no-unknown	pull	5	1.99149E+06	3.26569E+06	0.2	0.12	0	0	431800	25
P2.4	ascii	no-unknown	pparse	5	192989	0	0	0	0	0	0	215
P2.4	ascii	no-unknown	touch	5	74243.2	0	0	0	0	0	0	545
P2.4	ascii	no-unknown	strs	5	941901	2.45726E+06	0.12766	0.0212766	0	0	32574.5	47
P2.4	ascii	no-unknown	host	5	1.74734E+06	3.26569E+06	0.185185	0.111111	0	0	181778	27
P2.4	ascii	no-unknown	hskip	5	480051	788592	0.0549451	0.021978	0	0	20791.2	91
P2.4	ascii	no-unknown	inc	5	1.9174E+06	3.28783E+06	0.173913	0.0869565	0	0	303130	23
P2.4	ascii	no-unknown	ref	5	1.88416E+06	3.26569E+06	0.2	0.16	0	0	333720	25
P2.4	ascii	no-unknown	skip	5	515191	788592	0.0379747	0.0126582	0	0	14088.6	79
P2.4	ascii	no-unknown	noop	5	195050	0	0	0	0	0	0	145
P2.4	ascii	no-unknown	parse	5	186495	0	0	0	0	0	0	211
P2.4	ascii	no-unknown	pull	6	1.72882E+06	3.26569E+06	0.2	0.12	0	0	213880	25
P2.4	ascii	no-unknown	pparse	6	186516	0	0	0	0	0	0	215
P2.4	ascii	no-unknown	touch	6	82914.7	0	0	0	0	0	0	545
P2.4	ascii	no-unknown	strs	6	885257	2.45726E+06	0.148936	0.0212766	0	0	30148.9	47
P2.4	ascii	no-unknown	host	6	1.74931E+06	3.26569E+06	0.185185	0.111111	0	0	208407	27
P2.4	ascii	no-unknown	hskip	6	488174	788592	0.043956	0.021978	0	0	19582.4	91
P2.4	ascii	no-unknown	inc	6	1.91211E+06	3.28783E+06	0.173913	0.130435	0	0	237957	23
P2.4	ascii	no-unknown	ref	6	2.03745E+06	3.26569E+06	0.2	0.16	0	0	462320	25
P2.4	ascii	no-unknown	skip	6	526567	788592	0.0506329	0.0253165	0	0	21126.6	79
P2.4	ascii	no-unknown	noop	6	193340	0	0	0	0	0	0	145
P2.4	ascii	no-unknown	parse	6	186995	0	0	0	0	0	0	211
P2.4	ascii	no-unknown	parsev	6	451123	0	0	0	0	0	0	87
P2.5	ascii	no-unknown	ref	1	56084.7	79704	0.00469484	0	0	0	1544.6	639
P2.5	ascii	no-unknown	skip	1	28724.9	27200	0.00137457	0	0	0	447.423	1455
P2.5	ascii	no-unknown	noop	1	10642.1	0	0	0	0	0	0	3800
P2.5	ascii	no-unknown	parse	1	10065.6	0	0	0	0	0	0	3889
P2.5	ascii	no-unknown	parsev	1	18287.5	0	0	0	0	0	0	2096
P2.5	ascii	no-unknown	pull	1	51164.4	79704	0.00514139	0.00128535	0	0	1546.27	778
P2.5	ascii	no-unknown	pparse	1	10976.7	0	0	0	0	0	0	3762
P2.5	ascii	no-unknown	touch	1	1185.18	0	0	0	0	0	0	34362
P2.5	ascii	no-unknown	strs	1	21275.2	47544	0.00248509	0	0	0	603.38	2012
P2.5	ascii	no-unknown	host	1	50236.7	79704	0.00506971	0.00126743	0	0	1702.15	789
P2.5	ascii	no-unknown	hskip	1	23128.6	27200	0.00135593	0	0	0	383.051	1475
P2.5	ascii	no-unknown	inc	1	59861.6	87976	0.00490196	0	0	0	1748.37	612
P2.5	ascii	no-unknown	skip	2	27485.3	27200	0.00137457	0	0	0	406.873	1455
P2.5	ascii	no-unknown	noop	2	10958.7	0	0	0	0	0	0	3800
P2.5	ascii	no-unknown	parse	2	10284	0	0	0	0	0	0	3889
P2.5	ascii	no-unknown	parsev	2	18635.6	0	0	0	0	0	0	2096
P2.5	ascii	no-unknown	pull	2	51960	79704	0.00514139	0.00128535	0	0	2111.83	778
P2.5	ascii	no-unknown	pparse	2	11862.7	0	0	0	0	0	0	3762
P2.5	ascii	no-unknown	touch	2	1186.23	0	0	0	0	0	0	34362
P2.5	ascii	no-unknown	strs	2	19695.8	47544	0.00298211	0	0	0	618.29	2012
P2.5	ascii	no-unknown	host	2	50848.1	79704	0.00380228	0.00126743	0	0	1264.89	789
P2.5	ascii	no-unknown	hskip	2	23039.2	27200	0.0020339	0	0	0	560	1475
P2.5	ascii	no-unknown	inc	2	60454.4	87976	0.00490196	0	0	0	1645.42	612
P2.5	ascii	no-unknown	ref	2	58117.7	79704	0.00469484	0.00156495	0	0	1837.25	639
P2.5	ascii	no-unknown	noop	3	11771.1	0	0	0	0	0	0	3800
P2.5	ascii	no-unknown	parse	3	10062.2	0	0	0	0	0	0	3889
P2.5	ascii	no-unknown	parsev	3	18545.7	0	0	0	0	0	0	2096
P2.5	ascii	no-unknown	pull	3	53750.6	79704	0.00385604	0	0	0	1470.44	778
P2.5	ascii	no-unknown	pparse	3	10750.7	0	0	0	0	0	0	3762
P2.5	ascii	no-unknown	touch	3	1211.24	0	0	0	0	0	0	34362
P2.5	ascii	no-unknown	strs	3	20777.8	47544	0.00298211	0	0	0	674.95	2012
P2.5	ascii	no-unknown	host	3	49748.8	79704	0.00380228	0.00126743	0	0	1240.81	789
P2.5	ascii	no-unknown	hskip	3	22854.6	27200	0.0020339	0	0	0	550.508	1475
P2.5	ascii	no-unknown	inc	3	59267.8	87976	0.00490196	0	0	0	1475.49	612
P2.5	ascii	no-unknown	ref	3	54351.2	79704	0.00469484	0.00156495	0	0	1543.04	639
P2.5	ascii	no-unknown	skip	3	27393.2	27200	0.00137457	0	0	0	689.347	1455
P2.5	ascii	no-unknown	parse	4	10003.4	0	0	0	0	0	0	3889
P2.5	ascii	no-unknown	parsev	4	18625.9	0	0	0	0	0	0	2096
P2.5	ascii	no-unknown	pull	4	51803.9	79704	0.00514139	0	0	0	1623.39	778
P2.5	ascii	no-unknown	pparse	4	10650.9	0	0	0	0	0	0	3762
P2.5	ascii	no-unknown	touch	4	1182.58	0	0	0	0	0	0	34362
P2.5	ascii	no-unknown	strs	4	19978.3	47544	0.00248509	0.000497018	0	0	658.052	2012
P2.5	ascii	no-unknown	host	4	49174.3	79704	0.00506971	0	0	0	1585.55	789
P2.5	ascii	no-unknown	hskip	4	22627.4	27200	0.00135593	0	0	0	362.712	1475
P2.5	ascii	no-unknown	inc	4	59563.7	87976	0.00490196	0.00163399	0	0	1482.03	612
P2.5	ascii	no-unknown	ref	4	54798.6	79704	0.00469484	0	0	0	1458.53	639
P2.5	ascii	no-unknown	skip	4	27553.2	27200	0.00206186	0	0	0	622.68	1455
P2.5	ascii	no-unknown	noop	4	10731.1	0	0	0	0	0	0	3800
P2.5	ascii	no-unknown	parsev	5	18028.1	0	0	0	0	0	0	2096
P2.5	ascii	no-unknown	pull	5	50544.2	79704	0.00385604	0.00128535	0	0	1307.2	778
P2.5	ascii	no-unknown	pparse	5	10590.9	0	0	0	0	0	0	3762
P2.5	ascii	no-unknown	touch	5	1172.57	0	0	0	0	0	0	34362
P2.5	ascii	no-unknown	strs	5	21002.1	47544	0.00298211	0	0	0	1314.12	2012
P2.5	ascii	no-unknown	host	5	51017.6	79704	0.00380228	0	0	0	1092.52	789
P2.5	ascii	no-unknown	hskip	5	24629.2	27200	0.0020339	0.000677966	0	0	650.847	1475
P2.5	ascii	no-unknown	inc	5	58966.8	87976	0.00490196	0	0	0	1942.81	612
P2.5	ascii	no-unknown	ref	5	54541.3	79704	0.00469484	0.00156495	0	0	1528.95	639
P2.5	ascii	no-unknown	skip	5	27584.7	27200	0.00137457	0	0	0	378.694	1455
P2.5	ascii	no-unknown	noop	5	10597.2	0	0	0	0	0	0	3800
P2.5	ascii	no-unknown	parse	5	9832.59	0	0	0	0	0	0	3889
P2.5	ascii	no-unknown	pull	6	51537.5	79704	0.00514139	0	0	0	1686.38	778
P2.5	ascii	no-unknown	pparse	6	10593.8	0	0	0	0	0	0	3762
P2.5	ascii	no-unknown	touch	6	1179.47	0	0	0	0	0	0	34362
P2.5	ascii	no-unknown	strs	6	20117.5	47544	0.00248509	0.000497018	0	0	647.614	2012
P2.5	ascii	no-unknown	host	6	49426	79704	0.00506971	0	0	0	1583.02	789
P2.5	ascii	no-unknown	hskip	6	23008.9	27200	0.00135593	0	0	0	391.864	1475
P2.5	ascii	no-unknown	inc	6	60766.9	87976	0.00490196	0.00163399	0	0	4060.46	612
P2.5	ascii	no-unknown	ref	6	54803.2	79704	0.00469484	0	0	0	1635.37	639
P2.5	ascii	no-unknown	skip	6	30854.4	27200	0.00206186	0	0	0.00137457	622.68	1455
P2.5	ascii	no-unknown	noop	6	10774.1	0	0	0	0	0	0	3800
P2.5	ascii	no-unknown	parse	6	9870.99	0	0	0	0	0	0	3889
P2.5	ascii	no-unknown	parsev	6	18531.2	0	0	0	0	0	0	2096
P4.1	ascii	no-unknown	ref	1	305091	357352	0.0225564	0	0	0	11360.9	133
P4.1	ascii	no-unknown	skip	1	128230	124288	0.00591716	0	0	0	4328.4	338
P4.1	ascii	no-unknown	noop	1	41193.1	0	0	0	0	0	0	983
P4.1	ascii	no-unknown	parse	1	37412.4	0	0	0	0	0	0	1082
P4.1	ascii	no-unknown	parsev	1	93468.1	0	0	0	0	0	0	422
P4.1	ascii	no-unknown	pull	1	280165	357352	0.0202703	0	0	0	11601.4	148
P4.1	ascii	no-unknown	pparse	1	37296.1	0	0	0	0	0	0	1083
P4.1	ascii	no-unknown	touch	1	5581.58	0	0	0	0	0	0	6637
P4.1	ascii	no-unknown	strs	1	118443	183464	0.0117188	0	0	0	3578.12	256
P4.1	ascii	no-unknown	host	1	284875	357352	0.0220588	0	0	0	10617.6	136
P4.1	ascii	no-unknown	hskip	1	111394	124288	0.0075188	0	0	0	2785.71	266
P4.1	ascii	no-unknown	inc	1	329314	403704	0.0181818	0	0	0	9809.09	110
P4.1	ascii	no-unknown	skip	2	121753	124288	0.00887574	0	0	0	3766.27	338
P4.1	ascii	no-unknown	noop	2	39716.5	0	0	0	0	0	0	983
P4.1	ascii	no-unknown	parse	2	36892.8	0	0	0	0	0	0	1082
P4.1	ascii	no-unknown	parsev	2	93602.8	0	0	0	0	0	0	422
P4.1	ascii	no-unknown	pull	2	280186	357352	0.0202703	0	0	0	11445.9	148
P4.1	ascii	no-unknown	pparse	2	37282.4	0	0	0	0	0	0	1083
P4.1	ascii	no-unknown	touch	2	5665.77	0	0	0	0	0	0	6637
P4.1	ascii	no-unknown	strs	2	118085	183464	0.0117188	0	0	0	3738.28	256
P4.1	ascii	no-unknown	host	2	284746	357352	0.0147059	0	0	0	7382.35	136
P4.1	ascii	no-unknown	hskip	2	110760	124288	0.0075188	0	0	0	2947.37	266
P4.1	ascii	no-unknown	inc	2	334922	403704	0.0272727	0	0	0	17263.6	110
P4.1	ascii	no-unknown	ref	2	301311	357352	0.0225564	0	0	0	11270.7	133
P4.1	ascii	no-unknown	noop	3	39773.8	0	0	0	0	0	0	983
P4.1	ascii	no-unknown	parse	3	36768.9	0	0	0	0	0	0	1082
P4.1	ascii	no-unknown	parsev	3	94038.9	0	0	0	0	0	0	422
P4.1	ascii	no-unknown	pull	3	278391	357352	0.0202703	0	0	0	11763.5	148
P4.1	ascii	no-unknown	pparse	3	37700.4	0	0	0	0	0	0	1083
P4.1	ascii	no-unknown	touch	3	5663.76	0	0	0	0	0	0	6637
P4.1	ascii	no-unknown	strs	3	117062	183464	0.0078125	0	0	0	2417.97	256
P4.1	ascii	no-unknown	host	3	297101	357352	0.0220588	0	0	0	12389.7	136
P4.1	ascii	no-unknown	hskip	3	114143	124288	0.0075188	0	0	0	3139.1	266
P4.1	ascii	no-unknown	inc	3	358197	403704	0.0272727	0	0	0	18900	110
P4.1	ascii	no-unknown	ref	3	303869	357352	0.0150376	0	0	0	10127.8	133
P4.1	ascii	no-unknown	skip	3	122246	124288	0.00887574	0	0	0	3571.01	338
P4.1	ascii	no-unknown	parse	4	37285.8	0	0	0	0	0	0	1082
P4.1	ascii	no-unknown	parsev	4	98129.7	0	0	0	0	0	0	422
P4.1	ascii	no-unknown	pull	4	281208	357352	0.0202703	0	0	0	11587.8	148
P4.1	ascii	no-unknown	pparse	4	37316.4	0	0	0	0	0	0	1083
P4.1	ascii	no-unknown	touch	4	5602.25	0	0	0	0	0	0	6637
P4.1	ascii	no-unknown	strs	4	118636	183464	0.0117188	0	0	0	3640.62	256
P4.1	ascii	no-unknown	host	4	285778	357352	0.0220588	0	0	0	9823.53	136
P4.1	ascii	no-unknown	hskip	4	109162	124288	0.0037594	0	0	0	1530.08	266
P4.1	ascii	no-unknown	inc	4	341699	403704	0.0272727	0	0	0	19554.5	110
P4.1	ascii	no-unknown	ref	4	296885	357352	0.0225564	0	0	0	11601.5	133
P4.1	ascii	no-unknown	skip	4	119466	124288	0.00591716	0	0	0	2340.24	338
P4.1	ascii	no-unknown	noop	4	41241.4	0	0	0	0	0	0	983
P4.1	ascii	no-unknown	parsev	5	96148	0	0	0	0	0	0	422
P4.1	ascii	no-unknown	pull	5	275195	357352	0.0202703	0	0	0	11945.9	148
P4.1	ascii	no-unknown	pparse	5	36526.1	0	0	0	0	0	0	1083
P4.1	ascii	no-unknown	touch	5	5584.11	0	0	0	0	0	0	6637
P4.1	ascii	no-unknown	strs	5	118556	183464	0.0117188	0	0	0	3570.31	256
P4.1	ascii	no-unknown	host	5	287992	357352	0.0220588	0	0	0	11676.5	136
P4.1	ascii	no-unknown	hskip	5	109874	124288	0.0075188	0	0	0	3161.65	266
P4.1	ascii	no-unknown	inc	5	331395	403704	0.0181818	0	0	0	8200	110
P4.1	ascii	no-unknown	ref	5	295630	357352	0.0225564	0	0	0	10203	133
P4.1	ascii	no-unknown	skip	5	118788	124288	0.00591716	0	0	0	2467.46	338
P4.1	ascii	no-unknown	noop	5	40231.4	0	0	0	0	0	0	983
P4.1	ascii	no-unknown	parse	5	36698.9	0	0	0	0	0	0	1082
P4.1	ascii	no-unknown	pull	6	274645	357352	0.027027	0	0	0	14054.1	148
P4.1	ascii	no-unknown	pparse	6	36479.5	0	0	0	0	0	0	1083
P4.1	ascii	no-unknown	touch	6	5574.41	0	0	0	0	0	0	6637
P4.1	ascii	no-unknown	strs	6	120580	183464	0.0078125	0	0	0	2855.47	256
P4.1	ascii	no-unknown	host	6	293220	357352	0.0220588	0	0	0	9625	136
P4.1	ascii	no-unknown	hskip	6	109119	124288	0.0075188	0	0	0	2680.45	266
P4.1	ascii	no-unknown	inc	6	336233	403704	0.0272727	0	0	0	18400	110
P4.1	ascii	no-unknown	ref	6	291494	357352	0.0150376	0	0	0	8090.23	133
P4.1	ascii	no-unknown	skip	6	119739	124288	0.00887574	0	0	0	3757.4	338
P4.1	ascii	no-unknown	noop	6	40136.7	0	0	0	0	0	0	983
P4.1	ascii	no-unknown	parse	6	36895.8	0	0	0	0	0	0	1082
P4.1	ascii	no-unknown	parsev	6	93187.6	0	0	0	0	0	0	422
U-nested-before	corpus	no-unknown	ref	1	512.294	752	3.7325E-05	0	0	0	11.7325	80375
U-nested-before	corpus	no-unknown	skip	1	313.831	320	2.43252E-05	0	0	0	7.77595	123329
U-nested-before	corpus	no-unknown	noop	1	141.178	0	0	0	0	0	0	278725
U-nested-before	corpus	no-unknown	parse	1	125.488	0	0	0	0	0	0	316720
U-nested-before	corpus	no-unknown	parsev	1	178.222	0	0	0	0	0	0	226028
U-nested-before	corpus	no-unknown	pull	1	474.063	752	4.61531E-05	0	0	0	15.4151	86668
U-nested-before	corpus	no-unknown	pparse	1	124.951	0	0	0	0	0	0	309664
U-nested-before	corpus	no-unknown	touch	1	11.0054	0	0	0	0	0	0	3066162
U-nested-before	corpus	no-unknown	strs	1	170.849	432	2.2028E-05	0	0	0	7.46199	181587
U-nested-before	corpus	no-unknown	host	1	459.461	752	4.68812E-05	0	0	0	14.0409	85322
U-nested-before	corpus	no-unknown	hskip	1	278.897	320	1.46628E-05	0	0	0	4.69208	136400
U-nested-before	corpus	no-unknown	inc	1	1522.48	2688	0.000159191	0	0	0	58.0252	25127
U-nested-before	corpus	no-unknown	skip	2	309.939	320	2.43252E-05	0	0	0	7.87325	123329
U-nested-before	corpus	no-unknown	noop	2	169.554	0	0	0	0	0	0	278725
U-nested-before	corpus	no-unknown	parse	2	123.509	0	0	0	0	0	0	316720
U-nested-before	corpus	no-unknown	parsev	2	174.77	0	0	0	0	0	0	226028
U-nested-before	corpus	no-unknown	pull	2	449.73	752	3.46149E-05	0	0	0	11.7806	86668
U-nested-before	corpus	no-unknown	pparse	2	123.673	0	0	0	0	0	0	309664
U-nested-before	corpus	no-unknown	touch	2	10.8619	0	0	0	0	0	0	3066162
U-nested-before	corpus	no-unknown	strs	2	171.105	432	2.7535E-05	0	0	0	8.34311	181587
U-nested-before	corpus	no-unknown	host	2	453.917	752	4.68812E-05	0	0	0	14.3222	85322
U-nested-before	corpus	no-unknown	hskip	2	277.81	320	1.46628E-05	0	0	0	4.68475	136400
U-nested-before	corpus	no-unknown	inc	2	1379.58	2688	0.000159191	0	0	0	48.9513	25127
U-nested-before	corpus	no-unknown	ref	2	488.616	752	3.7325E-05	0	0	0	11.0482	80375
U-nested-before	corpus	no-unknown	noop	3	139.529	0	0	0	0	0	0	278725
U-nested-before	corpus	no-unknown	parse	3	123.627	0	0	0	0	0	0	316720
U-nested-before	corpus	no-unknown	parsev	3	175.856	0	0	0	0	0	0	226028
U-nested-before	corpus	no-unknown	pull	3	457.182	752	4.61531E-05	0	0	0	15.219	86668
U-nested-before	corpus	no-unknown	pparse	3	124.072	0	0	0	0	0	0	309664
U-nested-before	corpus	no-unknown	touch	3	10.9151	0	0	0	0	0	0	3066162
U-nested-before	corpus	no-unknown	strs	3	175.24	432	2.7535E-05	0	0	0	8.23848	181587
U-nested-before	corpus	no-unknown	host	3	460.511	752	4.68812E-05	0	0	0	14.6504	85322
U-nested-before	corpus	no-unknown	hskip	3	282.478	320	1.46628E-05	0	0	0	4.92669	136400
U-nested-before	corpus	no-unknown	inc	3	1404.96	2688	0.000159191	0	0	0	52.9709	25127
U-nested-before	corpus	no-unknown	ref	3	492.353	752	3.7325E-05	0	0	0	11.5583	80375
U-nested-before	corpus	no-unknown	skip	3	311.433	320	2.43252E-05	0	0	0	7.58135	123329
U-nested-before	corpus	no-unknown	parse	4	141.068	0	0	0	0	0	0	316720
U-nested-before	corpus	no-unknown	parsev	4	178.734	0	0	0	0	0	0	226028
U-nested-before	corpus	no-unknown	pull	4	461.874	752	4.61531E-05	0	0	0	15.5882	86668
U-nested-before	corpus	no-unknown	pparse	4	124.503	0	0	0	0	0	0	309664
U-nested-before	corpus	no-unknown	touch	4	10.8368	0	0	0	0	0	0	3066162
U-nested-before	corpus	no-unknown	strs	4	179.025	432	2.2028E-05	0	0	0	7.6272	181587
U-nested-before	corpus	no-unknown	host	4	459.598	752	4.68812E-05	0	0	0	15.5177	85322
U-nested-before	corpus	no-unknown	hskip	4	277.785	320	1.46628E-05	0	0	0	4.80205	136400
U-nested-before	corpus	no-unknown	inc	4	1376.98	2688	0.000159191	0	0	0	49.2299	25127
U-nested-before	corpus	no-unknown	ref	4	486.337	752	4.97667E-05	0	0	0	14.9549	80375
U-nested-before	corpus	no-unknown	skip	4	306.761	320	1.62168E-05	0	0	0	5.31911	123329
U-nested-before	corpus	no-unknown	noop	4	139.473	0	0	0	0	0	0	278725
U-nested-before	corpus	no-unknown	parsev	5	175.585	0	0	0	0	0	0	226028
U-nested-before	corpus	no-unknown	pull	5	451.465	752	4.61531E-05	0	0	0	14.9305	86668
U-nested-before	corpus	no-unknown	pparse	5	124.401	0	0	0	0	0	0	309664
U-nested-before	corpus	no-unknown	touch	5	10.9251	0	0	0	0	0	0	3066162
U-nested-before	corpus	no-unknown	strs	5	170.127	432	2.2028E-05	0	0	0	6.15132	181587
U-nested-before	corpus	no-unknown	host	5	451.588	752	4.68812E-05	0	0	0	13.9354	85322
U-nested-before	corpus	no-unknown	hskip	5	281.629	320	2.19941E-05	0	0	0	7.11144	136400
U-nested-before	corpus	no-unknown	inc	5	1369.59	2688	0.000159191	0	0	0	51.7372	25127
U-nested-before	corpus	no-unknown	ref	5	487.218	752	3.7325E-05	0	0	0	12.1306	80375
U-nested-before	corpus	no-unknown	skip	5	308.75	320	1.62168E-05	0	0	0	5.1164	123329
U-nested-before	corpus	no-unknown	noop	5	140.73	0	0	0	0	0	0	278725
U-nested-before	corpus	no-unknown	parse	5	128.689	0	0	0	0	0	0	316720
U-nested-before	corpus	no-unknown	pull	6	459.878	752	4.61531E-05	0	0	0	17.019	86668
U-nested-before	corpus	no-unknown	pparse	6	129.01	0	0	0	0	0	0	309664
U-nested-before	corpus	no-unknown	touch	6	11.3197	0	0	0	0	0	0	3066162
U-nested-before	corpus	no-unknown	strs	6	188.951	432	2.7535E-05	0	0	0	9.08105	181587
U-nested-before	corpus	no-unknown	host	6	496.58	752	3.51609E-05	0	0	0	16.9007	85322
U-nested-before	corpus	no-unknown	hskip	6	323.194	320	2.19941E-05	0	0	0	7.7566	136400
U-nested-before	corpus	no-unknown	inc	6	1540.28	2688	0.000159191	0	0	0	60.1345	25127
U-nested-before	corpus	no-unknown	ref	6	571.895	752	3.7325E-05	0	0	0	13.3748	80375
U-nested-before	corpus	no-unknown	skip	6	339.332	320	2.43252E-05	0	0	0	8.79761	123329
U-nested-before	corpus	no-unknown	noop	6	157.727	0	0	0	0	0	0	278725
U-nested-before	corpus	no-unknown	parse	6	132.806	0	0	0	0	0	0	316720
U-nested-before	corpus	no-unknown	parsev	6	184.948	0	0	0	0	0	0	226028
U-deep-u-repeated	corpus	no-unknown	ref	1	2729.98	3960	0.000177794	0	0	0	58.6719	11249
U-deep-u-repeated	corpus	no-unknown	skip	1	1538.09	1608	0.0001216	0	0	0	39.358	24671
U-deep-u-repeated	corpus	no-unknown	noop	1	570.386	0	0	0	0	0	0	68421
U-deep-u-repeated	corpus	no-unknown	parse	1	504.682	0	0	0	0	0	0	77493
U-deep-u-repeated	corpus	no-unknown	parsev	1	895.79	0	0	0	0	0	0	44036
U-deep-u-repeated	corpus	no-unknown	pull	1	2649.94	3960	0.00020284	0	0	0	71.1291	14790
U-deep-u-repeated	corpus	no-unknown	pparse	1	568.589	0	0	0	0	0	0	72391
U-deep-u-repeated	corpus	no-unknown	touch	1	51.0879	0	0	0	0	0	0	887694
U-deep-u-repeated	corpus	no-unknown	strs	1	1142.32	2104	0.000116852	0	0	0	55.5049	42789
U-deep-u-repeated	corpus	no-unknown	host	1	3814.9	3960	0.000240573	0	0	0	84.02	16627
U-deep-u-repeated	corpus	no-unknown	hskip	1	1306.75	1608	8.8642E-05	0	0	0	37.4069	33844
U-deep-u-repeated	corpus	no-unknown	inc	1	3520.25	5000	0.000332779	0	0	0	144.343	12020
U-deep-u-repeated	corpus	no-unknown	skip	2	1592.97	1608	8.10668E-05	0	0	0	26.7115	24671
U-deep-u-repeated	corpus	no-unknown	noop	2	583.434	0	0	0	0	0	0	68421
U-deep-u-repeated	corpus	no-unknown	parse	2	514.252	0	0	0	0	0	0	77493
U-deep-u-repeated	corpus	no-unknown	parsev	2	936.55	0	0	0	0	0	0	44036
U-deep-u-repeated	corpus	no-unknown	pull	2	2723.2	3960	0.00020284	0	0	0	73.9689	14790
U-deep-u-repeated	corpus	no-unknown	pparse	2	558.668	0	0	0	0	0	0	72391
U-deep-u-repeated	corpus	no-unknown	touch	2	45.7783	0	0	0	0	0	0	887694
U-deep-u-repeated	corpus	no-unknown	strs	2	953.776	2104	0.000116852	0	0	0	37.6031	42789
U-deep-u-repeated	corpus	no-unknown	host	2	2570.86	3960	0.000240573	0	0	0	98.6949	16627
U-deep-u-repeated	corpus	no-unknown	hskip	2	1334.23	1608	8.8642E-05	0	0	0	32.177	33844
U-deep-u-repeated	corpus	no-unknown	inc	2	3976.96	5000	0.000332779	8.31947E-05	0	0	113.478	12020
U-deep-u-repeated	corpus	no-unknown	ref	2	3409.93	3960	0.00026669	0	0	0	79.9182	11249
U-deep-u-repeated	corpus	no-unknown	noop	3	573.304	0	0	0	0	0	0	68421
U-deep-u-repeated	corpus	no-unknown	parse	3	518.894	0	0	0	0	0	0	77493
U-deep-u-repeated	corpus	no-unknown	parsev	3	909.044	0	0	0	0	0	0	44036
U-deep-u-repeated	corpus	no-unknown	pull	3	2674.39	3960	0.00020284	0	0	0	53.8878	14790
U-deep-u-repeated	corpus	no-unknown	pparse	3	585.399	0	0	0	0	0	0	72391
U-deep-u-repeated	corpus	no-unknown	touch	3	45.5343	0	0	0	0	0	0	887694
U-deep-u-repeated	corpus	no-unknown	strs	3	972.696	2104	0.000116852	0	0	0	27.3435	42789
U-deep-u-repeated	corpus	no-unknown	host	3	2460.88	3960	0.000240573	0	0	0	60.504	16627
U-deep-u-repeated	corpus	no-unknown	hskip	3	1267.98	1608	8.8642E-05	0	0	0	37.8206	33844
U-deep-u-repeated	corpus	no-unknown	inc	3	3421.96	5000	0.000332779	0	0	0	82.6123	12020
U-deep-u-repeated	corpus	no-unknown	ref	3	2805.17	3960	0.000177794	0	0	0	45.2485	11249
U-deep-u-repeated	corpus	no-unknown	skip	3	1601.05	1608	8.10668E-05	0	0	0	21.6043	24671
U-deep-u-repeated	corpus	no-unknown	parse	4	553.335	0	0	0	0	0	0	77493
U-deep-u-repeated	corpus	no-unknown	parsev	4	970.401	0	0	0	0	0	0	44036
U-deep-u-repeated	corpus	no-unknown	pull	4	2915.46	3960	0.000270453	0	0	0	71.4672	14790
U-deep-u-repeated	corpus	no-unknown	pparse	4	562.898	0	0	0	0	0	0	72391
U-deep-u-repeated	corpus	no-unknown	touch	4	45.599	0	0	0	0	0	0	887694
U-deep-u-repeated	corpus	no-unknown	strs	4	929.641	2104	0.000116852	0	0	0	25.6842	42789
U-deep-u-repeated	corpus	no-unknown	host	4	2410.27	3960	0.000240573	0	0	0	56.6548	16627
U-deep-u-repeated	corpus	no-unknown	hskip	4	1220.64	1608	8.8642E-05	0	0	0	20.4172	33844
U-deep-u-repeated	corpus	no-unknown	inc	4	3275.95	5000	0.000332779	0	0	0	78.7854	12020
U-deep-u-repeated	corpus	no-unknown	ref	4	2692.33	3960	0.000177794	0	0	0	45.7818	11249
U-deep-u-repeated	corpus	no-unknown	skip	4	1517.72	1608	8.10668E-05	0	0	0	21.1179	24671
U-deep-u-repeated	corpus	no-unknown	noop	4	606.075	0	0	0	0	0	0	68421
U-deep-u-repeated	corpus	no-unknown	parsev	5	905.17	0	0	0	0	0	0	44036
U-deep-u-repeated	corpus	no-unknown	pull	5	2692.44	3960	0.000270453	0	0	0	67.8837	14790
U-deep-u-repeated	corpus	no-unknown	pparse	5	562.905	0	0	0	0	0	0	72391
U-deep-u-repeated	corpus	no-unknown	touch	5	45.3704	0	0	0	0	0	0	887694
U-deep-u-repeated	corpus	no-unknown	strs	5	1015.72	2104	0.000116852	0	0	0	29.7506	42789
U-deep-u-repeated	corpus	no-unknown	host	5	2451.18	3960	0.000240573	0	0	0	54.9107	16627
U-deep-u-repeated	corpus	no-unknown	hskip	5	1242.1	1608	8.8642E-05	0	0	0	22.8696	33844
U-deep-u-repeated	corpus	no-unknown	inc	5	3331.68	5000	0.000249584	0	0	0	63.1448	12020
U-deep-u-repeated	corpus	no-unknown	ref	5	2756.63	3960	0.00026669	0	0	0	68.1838	11249
U-deep-u-repeated	corpus	no-unknown	skip	5	1507.89	1608	8.10668E-05	0	0	0	19.9424	24671
U-deep-u-repeated	corpus	no-unknown	noop	5	572.621	0	0	0	0	0	0	68421
U-deep-u-repeated	corpus	no-unknown	parse	5	517.27	0	0	0	0	0	0	77493
U-deep-u-repeated	corpus	no-unknown	pull	6	2643.79	3960	0.000270453	0	0	0	70.8587	14790
U-deep-u-repeated	corpus	no-unknown	pparse	6	555.145	0	0	0	0	0	0	72391
U-deep-u-repeated	corpus	no-unknown	touch	6	44.922	0	0	0	0	0	0	887694
U-deep-u-repeated	corpus	no-unknown	strs	6	926.624	2104	0.000116852	0	0	0	23.4873	42789
U-deep-u-repeated	corpus	no-unknown	host	6	2354.65	3960	0.000240573	0	0	0	47.6334	16627
U-deep-u-repeated	corpus	no-unknown	hskip	6	1191.76	1608	8.8642E-05	0	0	0	21.3332	33844
U-deep-u-repeated	corpus	no-unknown	inc	6	3222.2	5000	0.000249584	0	0	0	61.2313	12020
U-deep-u-repeated	corpus	no-unknown	ref	6	2722.49	3960	0.00026669	0	0	0	67.3838	11249
U-deep-u-repeated	corpus	no-unknown	skip	6	1492.89	1608	8.10668E-05	0	0	0	22.6987	24671
U-deep-u-repeated	corpus	no-unknown	noop	6	562.712	0	0	0	0	0	0	68421
U-deep-u-repeated	corpus	no-unknown	parse	6	504.14	0	0	0	0	0	0	77493
U-deep-u-repeated	corpus	no-unknown	parsev	6	910.842	0	0	0	0	0	0	44036
U-oneof-u-repeated	corpus	no-unknown	ref	1	261.743	336	1.88541E-05	0	0	0	6.00816	159117
U-oneof-u-repeated	corpus	no-unknown	skip	1	190.567	200	1.34867E-05	0	0	0	3.04349	222442
U-oneof-u-repeated	corpus	no-unknown	noop	1	76.4101	0	0	0	0	0	0	536088
U-oneof-u-repeated	corpus	no-unknown	parse	1	63.3418	0	0	0	0	0	0	646485
U-oneof-u-repeated	corpus	no-unknown	parsev	1	78.7377	0	0	0	0	0	0	520122
U-oneof-u-repeated	corpus	no-unknown	pull	1	217.215	336	2.0481E-05	0	0	0	5.91901	195303
U-oneof-u-repeated	corpus	no-unknown	pparse	1	64.0528	0	0	0	0	0	0	645547
U-oneof-u-repeated	corpus	no-unknown	touch	1	11.1079	0	0	0	0	0	0	3716607
U-oneof-u-repeated	corpus	no-unknown	strs	1	69.1225	136	7.8623E-06	0	0	0	2.12597	635946
U-oneof-u-repeated	corpus	no-unknown	host	1	194.879	336	1.79443E-05	0	0	0	5.29357	222912
U-oneof-u-repeated	corpus	no-unknown	hskip	1	127.966	200	1.19536E-05	0	0	0	3.36794	334626
U-oneof-u-repeated	corpus	no-unknown	inc	1	519.562	904	5.10869E-05	0	0	0	14.1511	78298
U-oneof-u-repeated	corpus	no-unknown	skip	2	191.64	200	1.34867E-05	0	0	0	3.75828	222442
U-oneof-u-repeated	corpus	no-unknown	noop	2	75.9517	0	0	0	0	0	0	536088
U-oneof-u-repeated	corpus	no-unknown	parse	2	62.2782	0	0	0	0	0	0	646485
U-oneof-u-repeated	corpus	no-unknown	parsev	2	78.2355	0	0	0	0	0	0	520122
U-oneof-u-repeated	corpus	no-unknown	pull	2	217.721	336	2.0481E-05	0	0	0	5.90877	195303
U-oneof-u-repeated	corpus	no-unknown	pparse	2	61.9022	0	0	0	0	0	0	645547
U-oneof-u-repeated	corpus	no-unknown	touch	2	11.0767	0	0	0	0	0	0	3716607
U-oneof-u-repeated	corpus	no-unknown	strs	2	71.2179	136	7.8623E-06	0	0	0	2.13226	635946
U-oneof-u-repeated	corpus	no-unknown	host	2	192.201	336	1.79443E-05	0	0	0	4.4143	222912
U-oneof-u-repeated	corpus	no-unknown	hskip	2	168.906	200	1.19536E-05	0	0	0	4.04631	334626
U-oneof-u-repeated	corpus	no-unknown	inc	2	546.991	904	5.10869E-05	0	0	0	15.0323	78298
U-oneof-u-repeated	corpus	no-unknown	ref	2	280.414	336	1.88541E-05	0	0	0	6.00187	159117
U-oneof-u-repeated	corpus	no-unknown	noop	3	75.0429	0	0	0	0	0	0	536088
U-oneof-u-repeated	corpus	no-unknown	parse	3	69.7723	0	0	0	0	0	0	646485
U-oneof-u-repeated	corpus	no-unknown	parsev	3	124.603	0	0	0	0	0	0	520122
U-oneof-u-repeated	corpus	no-unknown	pull	3	224.838	336	2.0481E-05	0	0	0	6.2467	195303
U-oneof-u-repeated	corpus	no-unknown	pparse	3	68.4486	0	0	0	0	0	0	645547
U-oneof-u-repeated	corpus	no-unknown	touch	3	11.149	0	0	0	0	0	0	3716607
U-oneof-u-repeated	corpus	no-unknown	strs	3	70.2984	136	7.8623E-06	0	0	0	2.39014	635946
U-oneof-u-repeated	corpus	no-unknown	host	3	197.394	336	1.79443E-05	0	0	0	5.08721	222912
U-oneof-u-repeated	corpus	no-unknown	hskip	3	126.129	200	1.19536E-05	0	0	0	3.87896	334626
U-oneof-u-repeated	corpus	no-unknown	inc	3	713.963	904	5.10869E-05	0	0	0	15.9008	78298
U-oneof-u-repeated	corpus	no-unknown	ref	3	484.601	336	1.88541E-05	0	0	0	6.95086	159117
U-oneof-u-repeated	corpus	no-unknown	skip	3	268.259	200	1.34867E-05	0	0	0	4.71584	222442
U-oneof-u-repeated	corpus	no-unknown	parse	4	64.79	0	0	0	0	0	0	646485
U-oneof-u-repeated	corpus	no-unknown	parsev	4	80.8867	0	0	0	0	0	0	520122
U-oneof-u-repeated	corpus	no-unknown	pull	4	216.431	336	2.0481E-05	0	0	0	5.75004	195303
U-oneof-u-repeated	corpus	no-unknown	pparse	4	63.6054	0	0	0	0	0	0	645547
U-oneof-u-repeated	corpus	no-unknown	touch	4	10.9697	0	0	0	0	0	0	3716607
U-oneof-u-repeated	corpus	no-unknown	strs	4	69.8231	136	7.8623E-06	0	0	0	2.22975	635946
U-oneof-u-repeated	corpus	no-unknown	host	4	197.066	336	1.79443E-05	0	0	0	4.98403	222912
U-oneof-u-repeated	corpus	no-unknown	hskip	4	124.727	200	1.19536E-05	0	0	0	3.62494	334626
U-oneof-u-repeated	corpus	no-unknown	inc	4	531.553	904	5.10869E-05	0	0	0	14.4065	78298
U-oneof-u-repeated	corpus	no-unknown	ref	4	270.523	336	1.88541E-05	0	0	0	5.81333	159117
U-oneof-u-repeated	corpus	no-unknown	skip	4	196.079	200	1.34867E-05	0	0	0	6.9771	222442
U-oneof-u-repeated	corpus	no-unknown	noop	4	79.4559	0	0	0	0	0	0	536088
U-oneof-u-repeated	corpus	no-unknown	parsev	5	80.1313	0	0	0	0	0	0	520122
U-oneof-u-repeated	corpus	no-unknown	pull	5	219.662	336	1.53607E-05	0	0	0	4.87448	195303
U-oneof-u-repeated	corpus	no-unknown	pparse	5	64.1381	0	0	0	0	0	0	645547
U-oneof-u-repeated	corpus	no-unknown	touch	5	11.2856	0	0	0	0	0	0	3716607
U-oneof-u-repeated	corpus	no-unknown	strs	5	70.0105	136	7.8623E-06	0	0	0	2.05206	635946
U-oneof-u-repeated	corpus	no-unknown	host	5	198.726	336	2.24304E-05	0	0	0	5.66591	222912
U-oneof-u-repeated	corpus	no-unknown	hskip	5	127.44	200	1.19536E-05	0	0	0	3.14381	334626
U-oneof-u-repeated	corpus	no-unknown	inc	5	526.288	904	5.10869E-05	0	0	0	15.441	78298
U-oneof-u-repeated	corpus	no-unknown	ref	5	271.14	336	1.88541E-05	0	0	0	14.9764	159117
U-oneof-u-repeated	corpus	no-unknown	skip	5	188.816	200	8.99111E-06	0	0	0	2.57146	222442
U-oneof-u-repeated	corpus	no-unknown	noop	5	75.6457	0	0	0	0	0	0	536088
U-oneof-u-repeated	corpus	no-unknown	parse	5	61.9638	0	0	0	0	0	0	646485
U-oneof-u-repeated	corpus	no-unknown	pull	6	214.985	336	2.0481E-05	0	0	0	5.52475	195303
U-oneof-u-repeated	corpus	no-unknown	pparse	6	61.5001	0	0	0	0	0	0	645547
U-oneof-u-repeated	corpus	no-unknown	touch	6	10.9132	0	0	0	0	0	0	3716607
U-oneof-u-repeated	corpus	no-unknown	strs	6	68.7174	136	7.8623E-06	0	0	0	2.05992	635946
U-oneof-u-repeated	corpus	no-unknown	host	6	194.352	336	2.24304E-05	0	0	0	5.93059	222912
U-oneof-u-repeated	corpus	no-unknown	hskip	6	125.599	200	1.19536E-05	0	0	0	3.49943	334626
U-oneof-u-repeated	corpus	no-unknown	inc	6	516.953	904	5.10869E-05	0	0	0	14.5342	78298
U-oneof-u-repeated	corpus	no-unknown	ref	6	263.339	336	1.88541E-05	0	0	0	5.70021	159117
U-oneof-u-repeated	corpus	no-unknown	skip	6	187.611	200	8.99111E-06	0	0	0	2.45457	222442
U-oneof-u-repeated	corpus	no-unknown	noop	6	75.0468	0	0	0	0	0	0	536088
U-oneof-u-repeated	corpus	no-unknown	parse	6	62.2756	0	0	0	0	0	0	646485
U-oneof-u-repeated	corpus	no-unknown	parsev	6	77.213	0	0	0	0	0	0	520122
U-wire-ListTaskSummaryResponse-tasks-as-wt5	corpus	no-unknown	ref	1	2949.49	3616	0.000268769	0	0	0	78.0326	11162
U-wire-ListTaskSummaryResponse-tasks-as-wt5	corpus	no-unknown	skip	1	1359.44	1312	7.39262E-05	0	0	0	20.9211	27054
U-wire-ListTaskSummaryResponse-tasks-as-wt5	corpus	no-unknown	noop	1	411.101	0	0	0	0	0	0	97792
U-wire-ListTaskSummaryResponse-tasks-as-wt5	corpus	no-unknown	parse	1	369.856	0	0	0	0	0	0	106180
U-wire-ListTaskSummaryResponse-tasks-as-wt5	corpus	no-unknown	parsev	1	717.28	0	0	0	0	0	0	54972
U-wire-ListTaskSummaryResponse-tasks-as-wt5	corpus	no-unknown	pull	1	2694.83	3616	0.000207039	0	0	0	63.7681	14490
U-wire-ListTaskSummaryResponse-tasks-as-wt5	corpus	no-unknown	pparse	1	366.095	0	0	0	0	0	0	106559
U-wire-ListTaskSummaryResponse-tasks-as-wt5	corpus	no-unknown	touch	1	43.4659	0	0	0	0	0	0	925106
U-wire-ListTaskSummaryResponse-tasks-as-wt5	corpus	no-unknown	strs	1	1102.01	1808	0.000103651	0	0	0	37.5994	38591
U-wire-ListTaskSummaryResponse-tasks-as-wt5	corpus	no-unknown	host	1	2590.16	3616	0.000194326	0	0	0	60.1114	15438
U-wire-ListTaskSummaryResponse-tasks-as-wt5	corpus	no-unknown	hskip	1	1142.1	1312	8.71434E-05	0	0	0	25.2135	34426
U-wire-ListTaskSummaryResponse-tasks-as-wt5	corpus	no-unknown	inc	1	3225.51	4504	0.000247463	0	0	0	65.6603	12123
U-wire-ListTaskSummaryResponse-tasks-as-wt5	corpus	no-unknown	skip	2	1398.17	1312	7.39262E-05	0	0	0	25.9481	27054
U-wire-ListTaskSummaryResponse-tasks-as-wt5	corpus	no-unknown	noop	2	407.71	0	0	0	0	0	0	97792
U-wire-ListTaskSummaryResponse-tasks-as-wt5	corpus	no-unknown	parse	2	364.543	0	0	0	0	0	0	106180
U-wire-ListTaskSummaryResponse-tasks-as-wt5	corpus	no-unknown	parsev	2	714.132	0	0	0	0	0	0	54972
U-wire-ListTaskSummaryResponse-tasks-as-wt5	corpus	no-unknown	pull	2	2646.82	3616	0.000207039	0	0	0	59.4893	14490
U-wire-ListTaskSummaryResponse-tasks-as-wt5	corpus	no-unknown	pparse	2	365.933	0	0	0	0	0	0	106559
U-wire-ListTaskSummaryResponse-tasks-as-wt5	corpus	no-unknown	touch	2	43.1021	0	0	0	0	0	0	925106
U-wire-ListTaskSummaryResponse-tasks-as-wt5	corpus	no-unknown	strs	2	1024.64	1808	0.000103651	0	0	0	28.53	38591
U-wire-ListTaskSummaryResponse-tasks-as-wt5	corpus	no-unknown	host	2	2571.35	3616	0.000194326	0	0	0	57.2613	15438
U-wire-ListTaskSummaryResponse-tasks-as-wt5	corpus	no-unknown	hskip	2	1149.17	1312	8.71434E-05	0	0	0	27.0726	34426
U-wire-ListTaskSummaryResponse-tasks-as-wt5	corpus	no-unknown	inc	2	3430.65	4504	0.000247463	0	0	0	84.2201	12123
U-wire-ListTaskSummaryResponse-tasks-as-wt5	corpus	no-unknown	ref	2	2969.64	3616	0.000179179	0	0	0	56.5311	11162
U-wire-ListTaskSummaryResponse-tasks-as-wt5	corpus	no-unknown	noop	3	419.82	0	0	0	0	0	0	97792
U-wire-ListTaskSummaryResponse-tasks-as-wt5	corpus	no-unknown	parse	3	374.539	0	0	0	0	0	0	106180
U-wire-ListTaskSummaryResponse-tasks-as-wt5	corpus	no-unknown	parsev	3	738.559	0	0	0	0	0	0	54972
U-wire-ListTaskSummaryResponse-tasks-as-wt5	corpus	no-unknown	pull	3	2658.26	3616	0.000207039	0	0	0	65.0794	14490
U-wire-ListTaskSummaryResponse-tasks-as-wt5	corpus	no-unknown	pparse	3	374.806	0	0	0	0	0	0	106559
U-wire-ListTaskSummaryResponse-tasks-as-wt5	corpus	no-unknown	touch	3	43.3998	0	0	0	0	0	0	925106
U-wire-ListTaskSummaryResponse-tasks-as-wt5	corpus	no-unknown	strs	3	1028.79	1808	0.000103651	0	0	0	29.126	38591
U-wire-ListTaskSummaryResponse-tasks-as-wt5	corpus	no-unknown	host	3	2579.76	3616	0.000259101	0	0	0	69.5686	15438
U-wire-ListTaskSummaryResponse-tasks-as-wt5	corpus	no-unknown	hskip	3	1142.41	1312	5.80956E-05	0	0	0	18.0968	34426
U-wire-ListTaskSummaryResponse-tasks-as-wt5	corpus	no-unknown	inc	3	3234.67	4504	0.000329951	0	0	0	94.3661	12123
U-wire-ListTaskSummaryResponse-tasks-as-wt5	corpus	no-unknown	ref	3	2903.44	3616	0.000179179	0	0	0	55.6352	11162
U-wire-ListTaskSummaryResponse-tasks-as-wt5	corpus	no-unknown	skip	3	1350.33	1312	7.39262E-05	0	0	0	22.1409	27054
U-wire-ListTaskSummaryResponse-tasks-as-wt5	corpus	no-unknown	parse	4	362.776	0	0	0	0	0	0	106180
U-wire-ListTaskSummaryResponse-tasks-as-wt5	corpus	no-unknown	parsev	4	720.418	0	0	0	0	0	0	54972
U-wire-ListTaskSummaryResponse-tasks-as-wt5	corpus	no-unknown	pull	4	2707.02	3616	0.000207039	0	0	0	67.7709	14490
U-wire-ListTaskSummaryResponse-tasks-as-wt5	corpus	no-unknown	pparse	4	371.95	0	0	0	0	0	0	106559
U-wire-ListTaskSummaryResponse-tasks-as-wt5	corpus	no-unknown	touch	4	44.7536	0	0	0	0	0	0	925106
U-wire-ListTaskSummaryResponse-tasks-as-wt5	corpus	no-unknown	strs	4	1067.64	1808	0.000103651	0	0	0	30.5253	38591
U-wire-ListTaskSummaryResponse-tasks-as-wt5	corpus	no-unknown	host	4	2599.77	3616	0.000194326	0	0	0	57.65	15438
U-wire-ListTaskSummaryResponse-tasks-as-wt5	corpus	no-unknown	hskip	4	1165.59	1312	8.71434E-05	0	0	0	30.8488	34426
U-wire-ListTaskSummaryResponse-tasks-as-wt5	corpus	no-unknown	inc	4	3365.83	4504	0.000247463	0	0	0	83.8076	12123
U-wire-ListTaskSummaryResponse-tasks-as-wt5	corpus	no-unknown	ref	4	2845.33	3616	0.000179179	0	0	0	65.4005	11162
U-wire-ListTaskSummaryResponse-tasks-as-wt5	corpus	no-unknown	skip	4	1396.61	1312	7.39262E-05	0	0	0	21.9561	27054
U-wire-ListTaskSummaryResponse-tasks-as-wt5	corpus	no-unknown	noop	4	416.764	0	0	0	0	0	0	97792
U-wire-ListTaskSummaryResponse-tasks-as-wt5	corpus	no-unknown	parsev	5	734.972	0	0	0	0	0	0	54972
U-wire-ListTaskSummaryResponse-tasks-as-wt5	corpus	no-unknown	pull	5	2693.19	3616	0.000207039	0	0	0	71.9117	14490
U-wire-ListTaskSummaryResponse-tasks-as-wt5	corpus	no-unknown	pparse	5	370.678	0	0	0	0	0	0	106559
U-wire-ListTaskSummaryResponse-tasks-as-wt5	corpus	no-unknown	touch	5	43.7099	0	0	0	0	0	0	925106
U-wire-ListTaskSummaryResponse-tasks-as-wt5	corpus	no-unknown	strs	5	1043.22	1808	0.000103651	0	0	0	29.6442	38591
U-wire-ListTaskSummaryResponse-tasks-as-wt5	corpus	no-unknown	host	5	3303.74	3616	0.000259101	0	0	0	79.8679	15438
U-wire-ListTaskSummaryResponse-tasks-as-wt5	corpus	no-unknown	hskip	5	1195.34	1312	5.80956E-05	0	0	0	19.8687	34426
U-wire-ListTaskSummaryResponse-tasks-as-wt5	corpus	no-unknown	inc	5	3345.08	4504	0.000329951	8.24878E-05	0	0.00140229	165.306	12123
U-wire-ListTaskSummaryResponse-tasks-as-wt5	corpus	no-unknown	ref	5	2901.59	3616	0.000179179	0	0	0	50.8869	11162
U-wire-ListTaskSummaryResponse-tasks-as-wt5	corpus	no-unknown	skip	5	1365	1312	7.39262E-05	0	0	0	21.6973	27054
U-wire-ListTaskSummaryResponse-tasks-as-wt5	corpus	no-unknown	noop	5	414.833	0	0	0	0	0	0	97792
U-wire-ListTaskSummaryResponse-tasks-as-wt5	corpus	no-unknown	parse	5	369.739	0	0	0	0	0	0	106180
U-wire-ListTaskSummaryResponse-tasks-as-wt5	corpus	no-unknown	pull	6	2667.94	3616	0.000207039	0	0	0	68.254	14490
U-wire-ListTaskSummaryResponse-tasks-as-wt5	corpus	no-unknown	pparse	6	375.238	0	0	0	0	0	0	106559
U-wire-ListTaskSummaryResponse-tasks-as-wt5	corpus	no-unknown	touch	6	44.0899	0	0	0	0	0	0	925106
U-wire-ListTaskSummaryResponse-tasks-as-wt5	corpus	no-unknown	strs	6	1082.03	1808	0.000103651	0	0	0	28.9705	38591
U-wire-ListTaskSummaryResponse-tasks-as-wt5	corpus	no-unknown	host	6	2553.24	3616	0.000194326	0	0	0	54.7998	15438
U-wire-ListTaskSummaryResponse-tasks-as-wt5	corpus	no-unknown	hskip	6	1163.59	1312	8.71434E-05	0	0	0	25.6492	34426
U-wire-ListTaskSummaryResponse-tasks-as-wt5	corpus	no-unknown	inc	6	3236.46	4504	0.000247463	0	0	0	74.239	12123
U-wire-ListTaskSummaryResponse-tasks-as-wt5	corpus	no-unknown	ref	6	2862.23	3616	0.000179179	0	0	0	50.5286	11162
U-wire-ListTaskSummaryResponse-tasks-as-wt5	corpus	no-unknown	skip	6	1384.65	1312	7.39262E-05	0	0	0	23.2128	27054
U-wire-ListTaskSummaryResponse-tasks-as-wt5	corpus	no-unknown	noop	6	423.422	0	0	0	0	0	0	97792
U-wire-ListTaskSummaryResponse-tasks-as-wt5	corpus	no-unknown	parse	6	371.962	0	0	0	0	0	0	106180
U-wire-ListTaskSummaryResponse-tasks-as-wt5	corpus	no-unknown	parsev	6	729.211	0	0	0	0	0	0	54972
U-wire-UploadResultDataMessage-upload-as-wt5	corpus	no-unknown	ref	1	195.453	296	1.49306E-05	0	0	0	5.69853	200929
U-wire-UploadResultDataMessage-upload-as-wt5	corpus	no-unknown	skip	1	116.111	104	6.09667E-06	0	0	0	1.59428	328048
U-wire-UploadResultDataMessage-upload-as-wt5	corpus	no-unknown	noop	1	48.136	0	0	0	0	0	0	814092
U-wire-UploadResultDataMessage-upload-as-wt5	corpus	no-unknown	parse	1	43.0428	0	0	0	0	0	0	932551
U-wire-UploadResultDataMessage-upload-as-wt5	corpus	no-unknown	parsev	1	62.746	0	0	0	0	0	0	637430
U-wire-UploadResultDataMessage-upload-as-wt5	corpus	no-unknown	pull	1	178.564	296	1.70566E-05	0	0	0	5.38134	234514
U-wire-UploadResultDataMessage-upload-as-wt5	corpus	no-unknown	pparse	1	46.7784	0	0	0	0	0	0	828368
U-wire-UploadResultDataMessage-upload-as-wt5	corpus	no-unknown	touch	1	5.07792	0	0	0	0	0	0	7212482
U-wire-UploadResultDataMessage-upload-as-wt5	corpus	no-unknown	strs	1	76.9249	192	1.14892E-05	0	0	0	2.95846	522231
U-wire-UploadResultDataMessage-upload-as-wt5	corpus	no-unknown	host	1	155.915	296	1.82967E-05	0	0	0	5.65733	273274
U-wire-UploadResultDataMessage-upload-as-wt5	corpus	no-unknown	hskip	1	75.6603	104	5.60219E-06	0	0	0	1.47898	535505
U-wire-UploadResultDataMessage-upload-as-wt5	corpus	no-unknown	inc	1	358.731	728	3.63039E-05	0	0	0	9.52977	110181
U-wire-UploadResultDataMessage-upload-as-wt5	corpus	no-unknown	skip	2	119.053	104	6.09667E-06	0	0	0	1.60342	328048
U-wire-UploadResultDataMessage-upload-as-wt5	corpus	no-unknown	noop	2	50.3192	0	0	0	0	0	0	814092
U-wire-UploadResultDataMessage-upload-as-wt5	corpus	no-unknown	parse	2	43.686	0	0	0	0	0	0	932551
U-wire-UploadResultDataMessage-upload-as-wt5	corpus	no-unknown	parsev	2	63.7577	0	0	0	0	0	0	637430
U-wire-UploadResultDataMessage-upload-as-wt5	corpus	no-unknown	pull	2	174.742	296	1.70566E-05	0	0	0	4.84406	234514
U-wire-UploadResultDataMessage-upload-as-wt5	corpus	no-unknown	pparse	2	47.0709	0	0	0	0	0	0	828368
U-wire-UploadResultDataMessage-upload-as-wt5	corpus	no-unknown	touch	2	5.12262	0	0	0	0	0	0	7212482
U-wire-UploadResultDataMessage-upload-as-wt5	corpus	no-unknown	strs	2	76.361	192	1.14892E-05	0	0	0	2.8608	522231
U-wire-UploadResultDataMessage-upload-as-wt5	corpus	no-unknown	host	2	148.497	296	1.82967E-05	0	0	0	4.70224	273274
U-wire-UploadResultDataMessage-upload-as-wt5	corpus	no-unknown	hskip	2	73.9598	104	5.60219E-06	0	0	0	1.58355	535505
U-wire-UploadResultDataMessage-upload-as-wt5	corpus	no-unknown	inc	2	357.57	728	4.53799E-05	0	0	0	12.0166	110181
U-wire-UploadResultDataMessage-upload-as-wt5	corpus	no-unknown	ref	2	196.115	296	1.49306E-05	0	0	0	4.18556	200929
U-wire-UploadResultDataMessage-upload-as-wt5	corpus	no-unknown	noop	3	48.8365	0	0	0	0	0	0	814092
U-wire-UploadResultDataMessage-upload-as-wt5	corpus	no-unknown	parse	3	42.6869	0	0	0	0	0	0	932551
U-wire-UploadResultDataMessage-upload-as-wt5	corpus	no-unknown	parsev	3	62.6197	0	0	0	0	0	0	637430
U-wire-UploadResultDataMessage-upload-as-wt5	corpus	no-unknown	pull	3	175.925	296	1.70566E-05	0	0	0	5.34723	234514
U-wire-UploadResultDataMessage-upload-as-wt5	corpus	no-unknown	pparse	3	47.2492	0	0	0	0	0	0	828368
U-wire-UploadResultDataMessage-upload-as-wt5	corpus	no-unknown	touch	3	5.10313	0	0	0	0	0	0	7212482
U-wire-UploadResultDataMessage-upload-as-wt5	corpus	no-unknown	strs	3	78.476	192	1.14892E-05	0	0	0	3.03314	522231
U-wire-UploadResultDataMessage-upload-as-wt5	corpus	no-unknown	host	3	146.264	296	1.82967E-05	0	0	0	4.92546	273274
U-wire-UploadResultDataMessage-upload-as-wt5	corpus	no-unknown	hskip	3	73.8892	104	5.60219E-06	0	0	0	1.4547	535505
U-wire-UploadResultDataMessage-upload-as-wt5	corpus	no-unknown	inc	3	359.798	728	4.53799E-05	0	0	0	16.3821	110181
U-wire-UploadResultDataMessage-upload-as-wt5	corpus	no-unknown	ref	3	195.215	296	1.49306E-05	0	0	0	4.3498	200929
U-wire-UploadResultDataMessage-upload-as-wt5	corpus	no-unknown	skip	3	116.939	104	6.09667E-06	0	0	0	1.9174	328048
U-wire-UploadResultDataMessage-upload-as-wt5	corpus	no-unknown	parse	4	42.8517	0	0	0	0	0	0	932551
U-wire-UploadResultDataMessage-upload-as-wt5	corpus	no-unknown	parsev	4	63.313	0	0	0	0	0	0	637430
U-wire-UploadResultDataMessage-upload-as-wt5	corpus	no-unknown	pull	4	177.881	296	1.70566E-05	0	0	0	4.82274	234514
U-wire-UploadResultDataMessage-upload-as-wt5	corpus	no-unknown	pparse	4	46.8822	0	0	0	0	0	0	828368
U-wire-UploadResultDataMessage-upload-as-wt5	corpus	no-unknown	touch	4	5.0944	0	0	0	0	0	0	7212482
U-wire-UploadResultDataMessage-upload-as-wt5	corpus	no-unknown	strs	4	77.6535	192	1.14892E-05	0	0	0	3.04654	522231
U-wire-UploadResultDataMessage-upload-as-wt5	corpus	no-unknown	host	4	147.973	296	1.82967E-05	0	0	0	5.44143	273274
U-wire-UploadResultDataMessage-upload-as-wt5	corpus	no-unknown	hskip	4	74.5395	104	5.60219E-06	0	0	0	1.5406	535505
U-wire-UploadResultDataMessage-upload-as-wt5	corpus	no-unknown	inc	4	355.312	728	4.53799E-05	0	0	0	12.0529	110181
U-wire-UploadResultDataMessage-upload-as-wt5	corpus	no-unknown	ref	4	193.719	296	1.49306E-05	0	0	0	4.08104	200929
U-wire-UploadResultDataMessage-upload-as-wt5	corpus	no-unknown	skip	4	122.82	104	6.09667E-06	0	0	0	1.94789	328048
U-wire-UploadResultDataMessage-upload-as-wt5	corpus	no-unknown	noop	4	49.559	0	0	0	0	0	0	814092
U-wire-UploadResultDataMessage-upload-as-wt5	corpus	no-unknown	parsev	5	63.208	0	0	0	0	0	0	637430
U-wire-UploadResultDataMessage-upload-as-wt5	corpus	no-unknown	pull	5	174.178	296	1.70566E-05	0	0	0	4.73746	234514
U-wire-UploadResultDataMessage-upload-as-wt5	corpus	no-unknown	pparse	5	46.8553	0	0	0	0	0	0	828368
U-wire-UploadResultDataMessage-upload-as-wt5	corpus	no-unknown	touch	5	5.10345	0	0	0	0	0	0	7212482
U-wire-UploadResultDataMessage-upload-as-wt5	corpus	no-unknown	strs	5	77.0338	192	1.14892E-05	0	0	0	2.96612	522231
U-wire-UploadResultDataMessage-upload-as-wt5	corpus	no-unknown	host	5	143.63	296	1.46373E-05	0	0	0	3.64103	273274
U-wire-UploadResultDataMessage-upload-as-wt5	corpus	no-unknown	hskip	5	73.6792	104	7.46958E-06	0	0	0	1.9533	535505
U-wire-UploadResultDataMessage-upload-as-wt5	corpus	no-unknown	inc	5	361.219	728	3.63039E-05	0	0	0	9.80205	110181
U-wire-UploadResultDataMessage-upload-as-wt5	corpus	no-unknown	ref	5	199.062	296	1.99075E-05	0	0	0	5.36508	200929
U-wire-UploadResultDataMessage-upload-as-wt5	corpus	no-unknown	skip	5	116.861	104	6.09667E-06	0	0	0	2.00276	328048
U-wire-UploadResultDataMessage-upload-as-wt5	corpus	no-unknown	noop	5	49.5567	0	0	0	0	0	0	814092
U-wire-UploadResultDataMessage-upload-as-wt5	corpus	no-unknown	parse	5	42.8673	0	0	0	0	0	0	932551
U-wire-UploadResultDataMessage-upload-as-wt5	corpus	no-unknown	pull	6	174.552	296	1.70566E-05	0	0	0	5.0061	234514
U-wire-UploadResultDataMessage-upload-as-wt5	corpus	no-unknown	pparse	6	46.4519	0	0	0	0	0	0	828368
U-wire-UploadResultDataMessage-upload-as-wt5	corpus	no-unknown	touch	6	5.1233	0	0	0	0	0	0	7212482
U-wire-UploadResultDataMessage-upload-as-wt5	corpus	no-unknown	strs	6	76.6417	192	1.14892E-05	0	0	0	2.95272	522231
U-wire-UploadResultDataMessage-upload-as-wt5	corpus	no-unknown	host	6	142.526	296	1.46373E-05	0	0	0	3.49832	273274
U-wire-UploadResultDataMessage-upload-as-wt5	corpus	no-unknown	hskip	6	74.2391	104	7.46958E-06	0	0	0	1.91782	535505
U-wire-UploadResultDataMessage-upload-as-wt5	corpus	no-unknown	inc	6	349.209	728	3.63039E-05	0	0	0	9.35733	110181
U-wire-UploadResultDataMessage-upload-as-wt5	corpus	no-unknown	ref	6	195.051	296	1.99075E-05	0	0	0	5.39992	200929
U-wire-UploadResultDataMessage-upload-as-wt5	corpus	no-unknown	skip	6	117.721	104	6.09667E-06	0	0	0	1.94484	328048
U-wire-UploadResultDataMessage-upload-as-wt5	corpus	no-unknown	noop	6	48.1632	0	0	0	0	0	0	814092
U-wire-UploadResultDataMessage-upload-as-wt5	corpus	no-unknown	parse	6	42.7824	0	0	0	0	0	0	932551
U-wire-UploadResultDataMessage-upload-as-wt5	corpus	no-unknown	parsev	6	63.0275	0	0	0	0	0	0	637430
U-wire-ListMetricsResponse-batches-as-wt0	corpus	no-unknown	ref	1	3361.9	4720	0.000339012	0	0	0	105.094	11799
U-wire-ListMetricsResponse-batches-as-wt0	corpus	no-unknown	skip	1	3262.2	4528	0.000245078	0	0	0	71.1543	12241
U-wire-ListMetricsResponse-batches-as-wt0	corpus	no-unknown	noop	1	872.634	0	0	0	0	0	0	45233
U-wire-ListMetricsResponse-batches-as-wt0	corpus	no-unknown	parse	1	738.179	0	0	0	0	0	0	53408
U-wire-ListMetricsResponse-batches-as-wt0	corpus	no-unknown	parsev	1	769.831	0	0	0	0	0	0	51305
U-wire-ListMetricsResponse-batches-as-wt0	corpus	no-unknown	pull	1	3451.24	4720	0.000259808	0	0	0	78.6351	11547
U-wire-ListMetricsResponse-batches-as-wt0	corpus	no-unknown	pparse	1	895.627	0	0	0	0	0	0	44263
U-wire-ListMetricsResponse-batches-as-wt0	corpus	no-unknown	touch	1	245.62	0	0	0	0	0	0	162827
U-wire-ListMetricsResponse-batches-as-wt0	corpus	no-unknown	strs	1	78.6107	192	1.13133E-05	0	0	0	3.26013	530347
U-wire-ListMetricsResponse-batches-as-wt0	corpus	no-unknown	host	1	3526.6	4720	0.000261051	0	0	0	71.354	11492
U-wire-ListMetricsResponse-batches-as-wt0	corpus	no-unknown	hskip	1	3373.94	4528	0.000249646	0	0	0	75.8093	12017
U-wire-ListMetricsResponse-batches-as-wt0	corpus	no-unknown	inc	1	3660.29	4072	0.000274725	0	0	0	82.1429	10920
U-wire-ListMetricsResponse-batches-as-wt0	corpus	no-unknown	skip	2	3248.18	4528	0.000245078	0	0	0	72.3797	12241
U-wire-ListMetricsResponse-batches-as-wt0	corpus	no-unknown	noop	2	860.864	0	0	0	0	0	0	45233
U-wire-ListMetricsResponse-batches-as-wt0	corpus	no-unknown	parse	2	748.041	0	0	0	0	0	0	53408
U-wire-ListMetricsResponse-batches-as-wt0	corpus	no-unknown	parsev	2	782.302	0	0	0	0	0	0	51305
U-wire-ListMetricsResponse-batches-as-wt0	corpus	no-unknown	pull	2	3467.4	4720	0.000259808	0	0	0	74.6514	11547
U-wire-ListMetricsResponse-batches-as-wt0	corpus	no-unknown	pparse	2	915.372	0	0	0	0	0	0	44263
U-wire-ListMetricsResponse-batches-as-wt0	corpus	no-unknown	touch	2	246.476	0	0	0	0	0	0	162827
U-wire-ListMetricsResponse-batches-as-wt0	corpus	no-unknown	strs	2	78.4241	192	1.13133E-05	0	0	0	3.19791	530347
U-wire-ListMetricsResponse-batches-as-wt0	corpus	no-unknown	host	2	3526.13	4720	0.000261051	0	0	0	71.7021	11492
U-wire-ListMetricsResponse-batches-as-wt0	corpus	no-unknown	hskip	2	3410.61	4528	0.000249646	0	0	0	71.3156	12017
U-wire-ListMetricsResponse-batches-as-wt0	corpus	no-unknown	inc	2	3679.98	4072	0.000274725	0	0	0	82.5092	10920
U-wire-ListMetricsResponse-batches-as-wt0	corpus	no-unknown	ref	2	3352.41	4720	0.000254259	0	0	0	75.9386	11799
U-wire-ListMetricsResponse-batches-as-wt0	corpus	no-unknown	noop	3	870.682	0	0	0	0	0	0	45233
U-wire-ListMetricsResponse-batches-as-wt0	corpus	no-unknown	parse	3	742.16	0	0	0	0	0	0	53408
U-wire-ListMetricsResponse-batches-as-wt0	corpus	no-unknown	parsev	3	772.56	0	0	0	0	0	0	51305
U-wire-ListMetricsResponse-batches-as-wt0	corpus	no-unknown	pull	3	3587.56	4720	0.000259808	0	0	0	85.9964	11547
U-wire-ListMetricsResponse-batches-as-wt0	corpus	no-unknown	pparse	3	916.491	0	0	0	0	0	0	44263
U-wire-ListMetricsResponse-batches-as-wt0	corpus	no-unknown	touch	3	249.76	0	0	0	0	0	0	162827
U-wire-ListMetricsResponse-batches-as-wt0	corpus	no-unknown	strs	3	76.6203	192	1.13133E-05	0	0	0	2.90376	530347
U-wire-ListMetricsResponse-batches-as-wt0	corpus	no-unknown	host	3	3469.18	4720	0.000261051	0	0	0	70.0487	11492
U-wire-ListMetricsResponse-batches-as-wt0	corpus	no-unknown	hskip	3	3415.4	4528	0.000249646	0	0	0	71.7317	12017
U-wire-ListMetricsResponse-batches-as-wt0	corpus	no-unknown	inc	3	3711.82	4072	0.000274725	0	0	0	79.9451	10920
U-wire-ListMetricsResponse-batches-as-wt0	corpus	no-unknown	ref	3	3376.61	4720	0.000254259	0	0	0	74.5826	11799
U-wire-ListMetricsResponse-batches-as-wt0	corpus	no-unknown	skip	3	3318.6	4528	0.000245078	0	0	0	71.1543	12241
U-wire-ListMetricsResponse-batches-as-wt0	corpus	no-unknown	parse	4	753.091	0	0	0	0	0	0	53408
U-wire-ListMetricsResponse-batches-as-wt0	corpus	no-unknown	parsev	4	788.325	0	0	0	0	0	0	51305
U-wire-ListMetricsResponse-batches-as-wt0	corpus	no-unknown	pull	4	3536.93	4720	0.00034641	0	0	0	102.797	11547
U-wire-ListMetricsResponse-batches-as-wt0	corpus	no-unknown	pparse	4	898.593	0	0	0	0	0	0	44263
U-wire-ListMetricsResponse-batches-as-wt0	corpus	no-unknown	touch	4	249.794	0	0	0	0	0	0	162827
U-wire-ListMetricsResponse-batches-as-wt0	corpus	no-unknown	strs	4	74.9451	192	9.42779E-06	0	0	0	2.24193	530347
U-wire-ListMetricsResponse-batches-as-wt0	corpus	no-unknown	host	4	3536.05	4720	0.000348068	0	0	0	98.2423	11492
U-wire-ListMetricsResponse-batches-as-wt0	corpus	no-unknown	hskip	4	3442.57	4528	0.000249646	0	0	0	69.9842	12017
U-wire-ListMetricsResponse-batches-as-wt0	corpus	no-unknown	inc	4	3793.48	4072	0.00018315	0	0	0	64.3773	10920
U-wire-ListMetricsResponse-batches-as-wt0	corpus	no-unknown	ref	4	3393.94	4720	0.000339012	0	0	0	102.89	11799
U-wire-ListMetricsResponse-batches-as-wt0	corpus	no-unknown	skip	4	3319.25	4528	0.000245078	0	0	0	74.3403	12241
U-wire-ListMetricsResponse-batches-as-wt0	corpus	no-unknown	noop	4	875.407	0	0	0	0	0	0	45233
U-wire-ListMetricsResponse-batches-as-wt0	corpus	no-unknown	parsev	5	784.564	0	0	0	0	0	0	51305
U-wire-ListMetricsResponse-batches-as-wt0	corpus	no-unknown	pull	5	3518.28	4720	0.000259808	0	0	0	79.0682	11547
U-wire-ListMetricsResponse-batches-as-wt0	corpus	no-unknown	pparse	5	905.254	0	0	0	0	0	0	44263
U-wire-ListMetricsResponse-batches-as-wt0	corpus	no-unknown	touch	5	250.277	0	0	0	0	0	0	162827
U-wire-ListMetricsResponse-batches-as-wt0	corpus	no-unknown	strs	5	78.9276	192	1.13133E-05	0	0	0	3.02632	530347
U-wire-ListMetricsResponse-batches-as-wt0	corpus	no-unknown	host	5	3532.43	4720	0.000261051	0	0	0	86.582	11492
U-wire-ListMetricsResponse-batches-as-wt0	corpus	no-unknown	hskip	5	3578.43	4528	0.000249646	0	0	0	117.583	12017
U-wire-ListMetricsResponse-batches-as-wt0	corpus	no-unknown	inc	5	3749.67	4072	0.000274725	0	0	0	88.0037	10920
U-wire-ListMetricsResponse-batches-as-wt0	corpus	no-unknown	ref	5	3455.24	4720	0.000254259	0	0	0	86.8718	11799
U-wire-ListMetricsResponse-batches-as-wt0	corpus	no-unknown	skip	5	3362.59	4528	0.000245078	0	0	0	74.5037	12241
U-wire-ListMetricsResponse-batches-as-wt0	corpus	no-unknown	noop	5	900.421	0	0	0	0	0	0	45233
U-wire-ListMetricsResponse-batches-as-wt0	corpus	no-unknown	parse	5	786.3	0	0	0	0	0	0	53408
U-wire-ListMetricsResponse-batches-as-wt0	corpus	no-unknown	pull	6	3546.17	4720	0.000259808	0	0	0	80.0208	11547
U-wire-ListMetricsResponse-batches-as-wt0	corpus	no-unknown	pparse	6	921.636	0	0	0	0	0	0	44263
U-wire-ListMetricsResponse-batches-as-wt0	corpus	no-unknown	touch	6	251.087	0	0	0	0	0	0	162827
U-wire-ListMetricsResponse-batches-as-wt0	corpus	no-unknown	strs	6	79.9504	192	1.13133E-05	0	0	0	3.41475	530347
U-wire-ListMetricsResponse-batches-as-wt0	corpus	no-unknown	host	6	3630.08	4720	0.000261051	0	0	0	77.0971	11492
U-wire-ListMetricsResponse-batches-as-wt0	corpus	no-unknown	hskip	6	3466.97	4528	0.000332862	0	0	0	100.691	12017
U-wire-ListMetricsResponse-batches-as-wt0	corpus	no-unknown	inc	6	3687.35	4072	0.00018315	0	0	0	54.7619	10920
U-wire-ListMetricsResponse-batches-as-wt0	corpus	no-unknown	ref	6	3367.82	4720	0.000254259	0	0	0	96.6184	11799
U-wire-ListMetricsResponse-batches-as-wt0	corpus	no-unknown	skip	6	3374.23	4528	0.000326771	0	0	0	99.1749	12241
U-wire-ListMetricsResponse-batches-as-wt0	corpus	no-unknown	noop	6	878.391	0	0	0	0	0	0	45233
U-wire-ListMetricsResponse-batches-as-wt0	corpus	no-unknown	parse	6	754.325	0	0	0	0	0	0	53408
U-wire-ListMetricsResponse-batches-as-wt0	corpus	no-unknown	parsev	6	771.698	0	0	0	0	0	0	51305
U-wire-DualResponse-left-as-wt5	corpus	no-unknown	ref	1	417.804	496	2.13265E-05	0	0	0	6.7605	93780
U-wire-DualResponse-left-as-wt5	corpus	no-unknown	skip	1	295.997	336	2.11178E-05	0	0	0	6.36701	94707
U-wire-DualResponse-left-as-wt5	corpus	no-unknown	noop	1	116.139	0	0	0	0	0	0	334203
U-wire-DualResponse-left-as-wt5	corpus	no-unknown	parse	1	85.1254	0	0	0	0	0	0	471349
U-wire-DualResponse-left-as-wt5	corpus	no-unknown	parsev	1	121.389	0	0	0	0	0	0	332658
U-wire-DualResponse-left-as-wt5	corpus	no-unknown	pull	1	374.707	496	6.46914E-05	0	0	0	20.5072	15458
U-wire-DualResponse-left-as-wt5	corpus	no-unknown	pparse	1	90.6597	0	0	0	0	0	0	269667
U-wire-DualResponse-left-as-wt5	corpus	no-unknown	touch	1	14.0032	0	0	0	0	0	0	2524753
U-wire-DualResponse-left-as-wt5	corpus	no-unknown	strs	1	113.617	160	9.62603E-06	9.62603E-06	0	0	3.98999	207770
U-wire-DualResponse-left-as-wt5	corpus	no-unknown	host	1	325.262	496	2.58924E-05	8.63081E-06	0	0	8.27695	115864
U-wire-DualResponse-left-as-wt5	corpus	no-unknown	hskip	1	209.487	336	2.18188E-05	0	0	0	5.9129	183328
U-wire-DualResponse-left-as-wt5	corpus	no-unknown	inc	1	664.728	984	5.21531E-05	0	0	0	14.8289	57523
U-wire-DualResponse-left-as-wt5	corpus	no-unknown	skip	2	294.119	336	2.11178E-05	0	0	0	5.61733	94707
U-wire-DualResponse-left-as-wt5	corpus	no-unknown	noop	2	115.397	0	0	0	0	0	0	334203
U-wire-DualResponse-left-as-wt5	corpus	no-unknown	parse	2	86.1992	0	0	0	0	0	0	471349
U-wire-DualResponse-left-as-wt5	corpus	no-unknown	parsev	2	136.697	0	0	0	0	0	0	332658
U-wire-DualResponse-left-as-wt5	corpus	no-unknown	pull	2	357.291	496	0	0	0	0	0	15458
U-wire-DualResponse-left-as-wt5	corpus	no-unknown	pparse	2	87.4884	0	0	0	0	0	0	269667
U-wire-DualResponse-left-as-wt5	corpus	no-unknown	touch	2	13.9959	0	0	0	0	0	0	2524753
U-wire-DualResponse-left-as-wt5	corpus	no-unknown	strs	2	119.021	160	9.62603E-06	0	0	0	3.28248	207770
U-wire-DualResponse-left-as-wt5	corpus	no-unknown	host	2	334.281	496	2.58924E-05	0	0	0	7.63827	115864
U-wire-DualResponse-left-as-wt5	corpus	no-unknown	hskip	2	214.742	336	2.18188E-05	0	0	0	6.69292	183328
U-wire-DualResponse-left-as-wt5	corpus	no-unknown	inc	2	683.116	984	5.21531E-05	0	0	0	16.9671	57523
U-wire-DualResponse-left-as-wt5	corpus	no-unknown	ref	2	411.31	496	3.19898E-05	0	0	0	9.39433	93780
U-wire-DualResponse-left-as-wt5	corpus	no-unknown	noop	3	118.244	0	0	0	0	0	0	334203
U-wire-DualResponse-left-as-wt5	corpus	no-unknown	parse	3	88.1756	0	0	0	0	0	0	471349
U-wire-DualResponse-left-as-wt5	corpus	no-unknown	parsev	3	122.577	0	0	0	0	0	0	332658
U-wire-DualResponse-left-as-wt5	corpus	no-unknown	pull	3	360.332	496	0	0	0	0	0	15458
U-wire-DualResponse-left-as-wt5	corpus	no-unknown	pparse	3	87.9582	0	0	0	0	0	0	269667
U-wire-DualResponse-left-as-wt5	corpus	no-unknown	touch	3	13.0678	0	0	0	0	0	0	2524753
U-wire-DualResponse-left-as-wt5	corpus	no-unknown	strs	3	111.221	160	9.62603E-06	0	0	0	2.69048	207770
U-wire-DualResponse-left-as-wt5	corpus	no-unknown	host	3	331.443	496	3.45232E-05	0	0	0	9.34717	115864
U-wire-DualResponse-left-as-wt5	corpus	no-unknown	hskip	3	213.373	336	1.63641E-05	0	0	0	4.65286	183328
U-wire-DualResponse-left-as-wt5	corpus	no-unknown	inc	3	672.336	984	5.21531E-05	0	0	0	14.429	57523
U-wire-DualResponse-left-as-wt5	corpus	no-unknown	ref	3	415.696	496	3.19898E-05	0	0	0	9.51162	93780
U-wire-DualResponse-left-as-wt5	corpus	no-unknown	skip	3	300.609	336	2.11178E-05	0	0	0	5.4695	94707
U-wire-DualResponse-left-as-wt5	corpus	no-unknown	parse	4	86.7299	0	0	0	0	0	0	471349
U-wire-DualResponse-left-as-wt5	corpus	no-unknown	parsev	4	121.547	0	0	0	0	0	0	332658
U-wire-DualResponse-left-as-wt5	corpus	no-unknown	pull	4	362.425	496	0	0	0	0	0	15458
U-wire-DualResponse-left-as-wt5	corpus	no-unknown	pparse	4	87.4339	0	0	0	0	0	0	269667
U-wire-DualResponse-left-as-wt5	corpus	no-unknown	touch	4	12.8128	0	0	0	0	0	0	2524753
U-wire-DualResponse-left-as-wt5	corpus	no-unknown	strs	4	117.026	160	9.62603E-06	0	0	0	3.22472	207770
U-wire-DualResponse-left-as-wt5	corpus	no-unknown	host	4	335.152	496	3.45232E-05	0	0	0	10.7626	115864
U-wire-DualResponse-left-as-wt5	corpus	no-unknown	hskip	4	209.838	336	1.63641E-05	0	0	0	4.56013	183328
U-wire-DualResponse-left-as-wt5	corpus	no-unknown	inc	4	679.263	984	6.95374E-05	0	0	0	21.5566	57523
U-wire-DualResponse-left-as-wt5	corpus	no-unknown	ref	4	411.459	496	2.13265E-05	0	0	0	6.71785	93780
U-wire-DualResponse-left-as-wt5	corpus	no-unknown	skip	4	295.358	336	2.11178E-05	0	0	0	6.45148	94707
U-wire-DualResponse-left-as-wt5	corpus	no-unknown	noop	4	112.526	0	0	0	0	0	0	334203
U-wire-DualResponse-left-as-wt5	corpus	no-unknown	parsev	5	120.344	0	0	0	0	0	0	332658
U-wire-DualResponse-left-as-wt5	corpus	no-unknown	pull	5	374.906	496	6.46914E-05	0	0	0	20.3131	15458
U-wire-DualResponse-left-as-wt5	corpus	no-unknown	pparse	5	86.7238	0	0	0	0	0	0	269667
U-wire-DualResponse-left-as-wt5	corpus	no-unknown	touch	5	12.4178	0	0	0	0	0	0	2524753
U-wire-DualResponse-left-as-wt5	corpus	no-unknown	strs	5	112.296	160	4.81301E-06	0	0	0	1.61717	207770
U-wire-DualResponse-left-as-wt5	corpus	no-unknown	host	5	330.967	496	3.45232E-05	0	0	0	10.1757	115864
U-wire-DualResponse-left-as-wt5	corpus	no-unknown	hskip	5	211.06	336	1.63641E-05	0	0	0	5.72198	183328
U-wire-DualResponse-left-as-wt5	corpus	no-unknown	inc	5	667.574	984	6.95374E-05	0	0	0	19.9399	57523
U-wire-DualResponse-left-as-wt5	corpus	no-unknown	ref	5	408.894	496	2.13265E-05	0	0	0	5.99275	93780
U-wire-DualResponse-left-as-wt5	corpus	no-unknown	skip	5	307.196	336	2.11178E-05	0	0	0	6.86327	94707
U-wire-DualResponse-left-as-wt5	corpus	no-unknown	noop	5	118.327	0	0	0	0	0	0	334203
U-wire-DualResponse-left-as-wt5	corpus	no-unknown	parse	5	84.714	0	0	0	0	0	0	471349
U-wire-DualResponse-left-as-wt5	corpus	no-unknown	pull	6	378.571	496	6.46914E-05	0	0	0	19.7956	15458
U-wire-DualResponse-left-as-wt5	corpus	no-unknown	pparse	6	87.5118	0	0	0	0	0	0	269667
U-wire-DualResponse-left-as-wt5	corpus	no-unknown	touch	6	12.33	0	0	0	0	0	0	2524753
U-wire-DualResponse-left-as-wt5	corpus	no-unknown	strs	6	114.984	160	9.62603E-06	0	0	0	4.51942	207770
U-wire-DualResponse-left-as-wt5	corpus	no-unknown	host	6	336.34	496	2.58924E-05	0	0	0	7.97487	115864
U-wire-DualResponse-left-as-wt5	corpus	no-unknown	hskip	6	215.812	336	1.63641E-05	0	0	0	4.68559	183328
U-wire-DualResponse-left-as-wt5	corpus	no-unknown	inc	6	681.567	984	6.95374E-05	0	0	0	19.1576	57523
U-wire-DualResponse-left-as-wt5	corpus	no-unknown	ref	6	429.122	496	2.13265E-05	0	0	0	7.75219	93780
U-wire-DualResponse-left-as-wt5	corpus	no-unknown	skip	6	297.302	336	2.11178E-05	0	0	0	6.11359	94707
U-wire-DualResponse-left-as-wt5	corpus	no-unknown	noop	6	113.281	0	0	0	0	0	0	334203
U-wire-DualResponse-left-as-wt5	corpus	no-unknown	parse	6	86.7147	0	0	0	0	0	0	471349
U-wire-DualResponse-left-as-wt5	corpus	no-unknown	parsev	6	125.716	0	0	0	0	0	0	332658
