# CONTAINER INSTRUMENTATION (gen/opt_bench.sh); ns per operation = thread CPU per criterion sample / iterations
file	input	payload	content	arm	dir	mode	samples	median_ns	min_ns	max_ns	spread	q25_ns	q75_ns
codec-P	P7.1	P7.1	ascii	incumbent-prod	decode	default	20	326.2	260.7	363.7	0.316	318.5	335.0
codec-P	P7.1	P7.1	ascii	armonik	decode	default	20	329.9	271.5	378.3	0.324	324.4	348.9
codec-P	P7.1	P7.1	ascii	core-native	decode	drop	20	231.4	187.3	252.6	0.282	228.5	236.4
codec-P	P7.1	P7.1	ascii	core-ffi	decode	drop	20	308.9	249.1	475.5	0.733	295.3	324.6
codec-P	P7.1	P7.1	ascii	core-ffi-pull	decode	drop	20	331.7	268.8	360.0	0.275	311.4	335.7
codec-P	P7.1	P7.1	ascii	core-native	decode	retain	20	230.1	190.2	312.4	0.531	215.8	239.9
codec-P	P7.1	P7.1	ascii	core-ffi	decode	retain	20	321.0	263.5	377.7	0.356	307.8	331.8
codec-P	P7.1	P7.1	ascii	core-ffi-pull	decode	retain	20	350.4	303.6	402.0	0.281	341.0	354.5
codec-P	P1.3	P1.3	ascii	incumbent-prod	decode-read	default	20	9422.5	7280.9	11474.3	0.445	7429.0	9610.6
codec-P	P1.3	P1.3	ascii	armonik	decode-read	default	20	13551.8	10652.6	14574.4	0.289	10925.4	13841.3
codec-P	P1.3	P1.3	ascii	core-native	decode-read	drop	20	13391.3	10173.4	14038.5	0.289	10609.7	13695.1
codec-P	P1.3	P1.3	ascii	core-ffi	decode-read	drop	20	18169.7	14078.2	18867.7	0.264	14339.2	18581.2
codec-P	P1.3	P1.3	ascii	core-ffi-pull	decode-read	drop	20	18796.5	14589.7	19770.6	0.276	15131.7	19321.5
codec-P	P1.3	P1.3	ascii	core-native	decode-read	retain	20	13332.9	10310.5	14668.2	0.327	11013.1	13688.8
codec-P	P1.3	P1.3	ascii	core-ffi	decode-read	retain	20	18115.4	13995.5	38391.4	1.347	14411.6	18423.1
codec-P	P1.3	P1.3	ascii	core-ffi-pull	decode-read	retain	20	19602.8	15319.7	23039.7	0.394	15412.6	19891.1
codec-P	P2.2	P2.2	ascii	incumbent-prod	encode	default	20	883827.2	740189.5	1042749.3	0.342	791817.1	923607.8
codec-P	P2.2	P2.2	ascii	armonik	encode	default	20	884218.2	763254.8	992992.5	0.260	818419.1	923040.8
codec-P	P2.2	P2.2	ascii	core-native	encode	drop	20	220391.5	192513.6	245987.3	0.243	201981.0	226212.5
codec-P	P2.2	P2.2	ascii	core-ffi	encode	drop	20	333055.6	285551.9	381740.9	0.289	303984.8	337211.7
codec-P	P2.2	P2.2	ascii	core-native	encode	retain	20	226546.1	201722.2	273297.3	0.316	209164.5	241861.4
codec-P	P2.2	P2.2	ascii	core-ffi	encode	retain	20	330944.6	289253.1	385825.6	0.292	301400.3	349238.0
codec-P	P4.1	P4.1	ascii	incumbent-prod	decode	default	20	260856.6	245606.4	269928.6	0.093	259439.1	265726.1
codec-P	P4.1	P4.1	ascii	armonik	decode	default	20	262784.7	258016.8	280949.7	0.087	259690.5	267166.3
codec-P	P4.1	P4.1	ascii	core-native	decode	drop	20	224197.4	219629.1	371638.8	0.678	221616.3	232721.9
codec-P	P4.1	P4.1	ascii	core-ffi	decode	drop	20	247292.7	244077.1	359065.0	0.465	246706.9	251830.0
codec-P	P4.1	P4.1	ascii	core-ffi-pull	decode	drop	20	233479.4	225740.0	267490.2	0.179	231118.3	235181.8
codec-P	P4.1	P4.1	ascii	core-native	decode	retain	20	220110.3	199266.8	235133.5	0.163	218773.4	222416.7
codec-P	P4.1	P4.1	ascii	core-ffi	decode	retain	20	246879.8	241947.0	264234.3	0.090	245292.4	248101.1
codec-P	P4.1	P4.1	ascii	core-ffi-pull	decode	retain	20	231387.0	207794.1	266049.0	0.252	229809.1	234140.9
codec-P	P5.2	P5.2	ascii	incumbent-prod	decode	default	20	1705.3	1629.0	1740.8	0.066	1683.6	1713.5
codec-P	P5.2	P5.2	ascii	armonik	decode	default	20	97.2	91.5	104.3	0.132	96.5	98.6
codec-P	P5.2	P5.2	ascii	core-native	decode	drop	20	1678.2	1553.5	1799.8	0.147	1658.9	1704.5
codec-P	P5.2	P5.2	ascii	core-ffi	decode	drop	20	1677.2	1618.2	1727.5	0.065	1670.7	1691.3
codec-P	P5.2	P5.2	ascii	core-ffi-pull	decode	drop	20	1699.8	1627.7	1768.4	0.083	1682.4	1725.6
codec-P	P5.2	P5.2	ascii	core-native	decode	retain	20	1670.7	1596.2	1785.8	0.114	1655.7	1701.2
codec-P	P5.2	P5.2	ascii	core-ffi	decode	retain	20	1706.4	1641.1	1840.4	0.117	1695.2	1760.2
codec-P	P5.2	P5.2	ascii	core-ffi-pull	decode	retain	20	1705.9	1638.1	1828.2	0.111	1692.3	1724.8
codec-P	P5.3	P5.3	ascii	incumbent-prod	encode	default	20	47679.3	44828.2	75577.4	0.645	45741.4	50004.2
codec-P	P5.3	P5.3	ascii	armonik	encode	default	20	41709.5	38658.4	56358.9	0.424	40049.2	45089.5
codec-P	P5.3	P5.3	ascii	core-native	encode	drop	20	44941.3	42174.0	53927.7	0.262	43402.9	46471.3
codec-P	P5.3	P5.3	ascii	core-ffi	encode	drop	20	44544.8	41617.4	89856.3	1.083	43169.2	48625.1
codec-P	P5.3	P5.3	ascii	core-native	encode	retain	20	41143.9	38319.0	65396.6	0.658	39761.1	46158.9
codec-P	P5.3	P5.3	ascii	core-ffi	encode	retain	20	43835.6	41568.4	62351.2	0.474	43074.4	47674.4
codec-P	P2.4	P2.4	ascii	incumbent-prod	encode	default	20	633022.0	597869.6	816642.4	0.346	616528.6	648786.2
codec-P	P2.4	P2.4	ascii	armonik	encode	default	20	624391.1	569369.9	808421.1	0.383	608342.9	644137.8
codec-P	P2.4	P2.4	ascii	core-native	encode	drop	20	208042.2	188995.9	250857.5	0.297	195901.0	223868.5
codec-P	P2.4	P2.4	ascii	core-ffi	encode	drop	20	281062.8	261790.4	309248.7	0.169	274785.2	287312.5
codec-P	P2.4	P2.4	ascii	core-native	encode	retain	20	195770.9	177186.4	217536.3	0.206	182651.8	199490.2
codec-P	P2.4	P2.4	ascii	core-ffi	encode	retain	20	281929.6	256817.3	360555.1	0.368	267493.3	300427.9
codec-P	P2.2/wide	P2.2	wide	incumbent-prod	decode-read	default	20	2560819.1	2060431.8	2691442.8	0.246	2147526.8	2602766.4
codec-P	P2.2/wide	P2.2	wide	armonik	decode-read	default	20	2605269.6	2094281.5	2700052.0	0.233	2187551.2	2638261.3
codec-P	P2.2/wide	P2.2	wide	core-native	decode-read	drop	20	2322468.0	1878295.2	2409400.0	0.229	1985958.8	2347542.9
codec-P	P2.2/wide	P2.2	wide	core-ffi	decode-read	drop	20	2592258.0	2060885.8	2676146.2	0.237	2183101.8	2626641.2
codec-P	P2.2/wide	P2.2	wide	core-ffi-pull	decode-read	drop	20	2506595.1	2035477.8	2761650.2	0.290	2186087.6	2555377.9
codec-P	P2.2/wide	P2.2	wide	core-native	decode-read	retain	20	2317591.6	1863820.5	2532943.8	0.289	1997268.0	2361402.4
codec-P	P2.2/wide	P2.2	wide	core-ffi	decode-read	retain	20	2576247.5	2070749.8	3259267.0	0.461	2388934.0	2623801.7
codec-P	P2.2/wide	P2.2	wide	core-ffi-pull	decode-read	retain	20	2485509.1	2042345.2	2832930.2	0.318	2176342.5	2557964.9
codec-P	P3.1	P3.1	ascii	incumbent-prod	decode-read	default	20	31387.7	26207.9	33199.5	0.223	29914.9	31596.1
codec-P	P3.1	P3.1	ascii	armonik	decode-read	default	20	30963.5	30636.2	33422.6	0.090	30840.5	31243.4
codec-P	P3.1	P3.1	ascii	core-native	decode-read	drop	20	23679.9	23416.2	25506.8	0.088	23546.1	23845.2
codec-P	P3.1	P3.1	ascii	core-ffi	decode-read	drop	20	25099.8	24617.7	26975.2	0.094	24955.3	25292.5
codec-P	P3.1	P3.1	ascii	core-ffi-pull	decode-read	drop	20	25901.7	25426.4	27476.9	0.079	25753.0	26144.2
codec-P	P3.1	P3.1	ascii	core-native	decode-read	retain	20	23481.5	23292.8	25384.3	0.089	23381.5	23696.1
codec-P	P3.1	P3.1	ascii	core-ffi	decode-read	retain	20	25231.2	24822.4	26976.4	0.085	25049.1	25567.5
codec-P	P3.1	P3.1	ascii	core-ffi-pull	decode-read	retain	20	25964.6	25487.8	27011.3	0.059	25785.2	26182.3
codec-P	P1.2/latin1	P1.2	latin1	incumbent-prod	decode	default	20	606941.7	549600.9	651368.1	0.168	603734.3	622229.2
codec-P	P1.2/latin1	P1.2	latin1	armonik	decode	default	20	577489.2	466772.2	603057.6	0.236	567559.1	586224.7
codec-P	P1.2/latin1	P1.2	latin1	core-native	decode	drop	20	499264.9	427939.8	521413.4	0.187	490109.2	506016.5
codec-P	P1.2/latin1	P1.2	latin1	core-ffi	decode	drop	20	504659.6	412943.8	556152.9	0.284	497820.9	517102.5
codec-P	P1.2/latin1	P1.2	latin1	core-ffi-pull	decode	drop	20	516053.0	421389.7	537598.3	0.225	511708.4	522962.5
codec-P	P1.2/latin1	P1.2	latin1	core-native	decode	retain	20	497019.3	402805.0	532188.3	0.260	492456.2	504068.8
codec-P	P1.2/latin1	P1.2	latin1	core-ffi	decode	retain	20	505305.8	414961.0	530812.0	0.229	498130.2	516379.0
codec-P	P1.2/latin1	P1.2	latin1	core-ffi-pull	decode	retain	20	513967.5	414469.6	551356.2	0.266	509671.6	527888.1
codec-P	P1.2	P1.2	ascii	incumbent-prod	encode	default	20	300542.1	281078.2	322759.8	0.139	296178.0	306331.6
codec-P	P1.2	P1.2	ascii	armonik	encode	default	20	324576.3	308921.1	364119.8	0.170	320277.3	329239.3
codec-P	P1.2	P1.2	ascii	core-native	encode	drop	20	61856.0	58236.9	66474.8	0.133	60941.9	62355.0
codec-P	P1.2	P1.2	ascii	core-ffi	encode	drop	20	89037.4	84051.8	98312.1	0.160	88397.4	90006.4
codec-P	P1.2	P1.2	ascii	core-native	encode	retain	20	73429.9	68628.1	76670.5	0.110	72043.8	73959.6
codec-P	P1.2	P1.2	ascii	core-ffi	encode	retain	20	94554.3	89796.7	105945.9	0.171	94257.3	95999.6
codec-P	P5.4	P5.4	ascii	incumbent-prod	decode-read	default	20	358132.6	285659.2	418831.4	0.372	342547.5	385254.4
codec-P	P5.4	P5.4	ascii	armonik	decode-read	default	20	117.0	102.5	144.9	0.363	114.1	121.9
codec-P	P5.4	P5.4	ascii	core-native	decode-read	drop	20	364288.2	285188.0	459485.6	0.478	346169.1	384001.4
codec-P	P5.4	P5.4	ascii	core-ffi	decode-read	drop	20	355102.4	293147.8	421778.0	0.362	336512.0	376933.7
codec-P	P5.4	P5.4	ascii	core-ffi-pull	decode-read	drop	20	362663.0	286485.3	412081.4	0.346	329149.2	377967.1
codec-P	P5.4	P5.4	ascii	core-native	decode-read	retain	20	344278.7	284580.9	411469.8	0.369	327612.7	381100.5
codec-P	P5.4	P5.4	ascii	core-ffi	decode-read	retain	20	352868.0	283603.4	430898.4	0.417	327425.6	374883.1
codec-P	P5.4	P5.4	ascii	core-ffi-pull	decode-read	retain	20	365554.9	294326.2	423797.1	0.354	341016.0	380773.6
codec-P	P1.1	P1.1	ascii	incumbent-prod	decode-read	default	20	1445.6	1155.6	1593.3	0.303	1416.0	1488.2
codec-P	P1.1	P1.1	ascii	armonik	decode-read	default	20	1561.9	1370.4	1678.0	0.197	1498.2	1632.4
codec-P	P1.1	P1.1	ascii	core-native	decode-read	drop	20	1357.7	1047.9	1486.8	0.323	1295.9	1391.8
codec-P	P1.1	P1.1	ascii	core-ffi	decode-read	drop	20	1398.9	1071.3	1544.0	0.338	1348.4	1457.5
codec-P	P1.1	P1.1	ascii	core-ffi-pull	decode-read	drop	20	1375.8	1087.1	1529.5	0.322	1327.3	1450.6
codec-P	P1.1	P1.1	ascii	core-native	decode-read	retain	20	1323.8	1041.2	1466.7	0.321	1291.1	1346.1
codec-P	P1.1	P1.1	ascii	core-ffi	decode-read	retain	20	1380.1	1078.9	1520.3	0.320	1342.2	1433.5
codec-P	P1.1	P1.1	ascii	core-ffi-pull	decode-read	retain	20	1391.7	1140.9	1566.6	0.306	1341.3	1443.2
codec-P	P2.1	P2.1	ascii	incumbent-prod	decode	default	20	1937.8	1628.6	2213.6	0.302	1897.5	1981.0
codec-P	P2.1	P2.1	ascii	armonik	decode	default	20	1918.1	1583.8	2532.4	0.495	1872.1	1982.0
codec-P	P2.1	P2.1	ascii	core-native	decode	drop	20	1507.3	1207.1	1806.1	0.397	1475.2	1546.5
codec-P	P2.1	P2.1	ascii	core-ffi	decode	drop	20	2188.2	1771.6	2556.8	0.359	2154.0	2220.1
codec-P	P2.1	P2.1	ascii	core-ffi-pull	decode	drop	20	2145.0	1766.9	2656.8	0.415	2089.5	2183.5
codec-P	P2.1	P2.1	ascii	core-native	decode	retain	20	1477.9	1223.7	1593.9	0.250	1451.8	1517.0
codec-P	P2.1	P2.1	ascii	core-ffi	decode	retain	20	2266.3	1832.3	2431.7	0.264	2230.0	2282.7
codec-P	P2.1	P2.1	ascii	core-ffi-pull	decode	retain	20	2233.4	1973.4	2438.4	0.208	2214.2	2275.6
codec-P	P1.3	P1.3	ascii	incumbent-prod	decode	default	20	8786.5	6771.5	10057.8	0.374	8244.0	9143.7
codec-P	P1.3	P1.3	ascii	armonik	decode	default	20	12916.5	9934.3	14443.1	0.349	12146.4	13048.0
codec-P	P1.3	P1.3	ascii	core-native	decode	drop	20	12601.5	9759.0	15200.5	0.432	11932.0	12707.3
codec-P	P1.3	P1.3	ascii	core-ffi	decode	drop	20	17412.5	13593.5	20214.2	0.380	16558.0	17567.5
codec-P	P1.3	P1.3	ascii	core-ffi-pull	decode	drop	20	18129.8	13992.7	21346.6	0.406	17149.8	18576.0
codec-P	P1.3	P1.3	ascii	core-native	decode	retain	20	12549.5	9700.7	19438.0	0.776	10494.2	12716.0
codec-P	P1.3	P1.3	ascii	core-ffi	decode	retain	20	17263.5	13461.5	19267.7	0.336	16359.4	17557.0
codec-P	P1.3	P1.3	ascii	core-ffi-pull	decode	retain	20	18746.6	14587.0	21559.7	0.372	17787.9	18912.6
codec-P	P4.1	P4.1	ascii	incumbent-prod	encode	default	20	134069.1	130753.2	145875.0	0.113	131927.4	136306.2
codec-P	P4.1	P4.1	ascii	armonik	encode	default	20	135336.2	132204.1	157139.9	0.184	133154.3	138483.8
codec-P	P4.1	P4.1	ascii	core-native	encode	drop	20	28073.0	27418.0	32621.1	0.185	27659.9	28760.9
codec-P	P4.1	P4.1	ascii	core-ffi	encode	drop	20	48533.9	45427.8	58363.1	0.267	47824.4	49711.7
codec-P	P4.1	P4.1	ascii	core-native	encode	retain	20	31877.6	30795.4	43807.1	0.408	31197.5	32855.3
codec-P	P4.1	P4.1	ascii	core-ffi	encode	retain	20	50104.7	48743.2	57518.6	0.175	49046.6	50760.2
codec-P	P3.1	P3.1	ascii	incumbent-prod	decode	default	20	30016.2	22382.6	36128.4	0.458	28443.8	30612.8
codec-P	P3.1	P3.1	ascii	armonik	decode	default	20	34548.9	25452.5	38140.9	0.367	31229.9	36099.1
codec-P	P3.1	P3.1	ascii	core-native	decode	drop	20	24680.0	19062.3	27766.1	0.353	23861.7	26258.6
codec-P	P3.1	P3.1	ascii	core-ffi	decode	drop	20	27194.7	20479.0	32326.5	0.436	26703.5	28314.6
codec-P	P3.1	P3.1	ascii	core-ffi-pull	decode	drop	20	28092.8	21235.8	32030.1	0.384	25316.2	29490.6
codec-P	P3.1	P3.1	ascii	core-native	decode	retain	20	24734.6	18935.4	27027.1	0.327	22165.6	26641.3
codec-P	P3.1	P3.1	ascii	core-ffi	decode	retain	20	28326.9	20923.1	32246.2	0.400	27148.8	28861.6
codec-P	P3.1	P3.1	ascii	core-ffi-pull	decode	retain	20	28634.1	19677.1	32164.6	0.436	26776.4	29982.8
codec-P	P1.2/wide	P1.2	wide	incumbent-prod	encode	default	20	314310.7	301241.6	360790.9	0.189	305678.0	326659.5
codec-P	P1.2/wide	P1.2	wide	armonik	encode	default	20	349541.0	338180.0	406748.4	0.196	345029.4	373748.3
codec-P	P1.2/wide	P1.2	wide	core-native	encode	drop	20	64579.4	62713.6	78626.2	0.246	63948.2	68998.6
codec-P	P1.2/wide	P1.2	wide	core-ffi	encode	drop	20	97965.2	89574.4	124092.8	0.352	93227.4	104387.5
codec-P	P1.2/wide	P1.2	wide	core-native	encode	retain	20	73280.6	70195.7	86698.5	0.225	72435.6	78079.3
codec-P	P1.2/wide	P1.2	wide	core-ffi	encode	retain	20	100112.8	94361.0	125458.5	0.311	99038.3	106572.8
codec-P	P2.1	P2.1	ascii	incumbent-prod	encode	default	20	1302.8	1290.3	1492.0	0.155	1296.3	1330.6
codec-P	P2.1	P2.1	ascii	armonik	encode	default	20	1292.7	1208.0	1495.3	0.222	1286.5	1324.3
codec-P	P2.1	P2.1	ascii	core-native	encode	drop	20	268.1	241.8	312.2	0.262	267.4	284.0
codec-P	P2.1	P2.1	ascii	core-ffi	encode	drop	20	486.0	479.9	561.0	0.167	483.1	500.3
codec-P	P2.1	P2.1	ascii	core-native	encode	retain	20	320.5	311.0	372.2	0.191	316.8	330.0
codec-P	P2.1	P2.1	ascii	core-ffi	encode	retain	20	515.4	506.6	607.7	0.196	509.8	521.6
codec-P	P6.1	P6.1	ascii	incumbent-prod	encode	default	20	377732.2	371934.8	439935.5	0.180	374368.7	392457.3
codec-P	P6.1	P6.1	ascii	armonik	encode	default	20	388903.6	382951.4	447575.5	0.166	384899.2	398723.8
codec-P	P6.1	P6.1	ascii	core-native	encode	drop	20	74789.7	71022.7	91449.5	0.273	74024.3	79690.2
codec-P	P6.1	P6.1	ascii	core-ffi	encode	drop	20	84768.3	80733.9	102971.2	0.262	83784.1	88173.1
codec-P	P6.1	P6.1	ascii	core-native	encode	retain	20	76427.9	74344.5	128011.6	0.702	75567.2	78453.1
codec-P	P6.1	P6.1	ascii	core-ffi	encode	retain	20	84170.9	82645.4	98297.5	0.186	83460.6	87244.5
codec-P	P2.5	P2.5	ascii	incumbent-prod	decode-read	default	20	59275.9	47716.0	65545.8	0.301	49661.8	61690.8
codec-P	P2.5	P2.5	ascii	armonik	decode-read	default	20	56041.5	49759.4	67133.8	0.310	50552.7	60691.4
codec-P	P2.5	P2.5	ascii	core-native	decode-read	drop	20	44928.5	39947.7	54264.6	0.319	40920.4	51039.8
codec-P	P2.5	P2.5	ascii	core-ffi	decode-read	drop	20	54411.1	47201.8	66372.1	0.352	49111.2	60512.1
codec-P	P2.5	P2.5	ascii	core-ffi-pull	decode-read	drop	20	56254.5	44350.4	62440.9	0.322	46734.3	60059.8
codec-P	P2.5	P2.5	ascii	core-native	decode-read	retain	20	45324.9	40016.7	56868.5	0.372	41202.9	53371.2
codec-P	P2.5	P2.5	ascii	core-ffi	decode-read	retain	20	55314.8	45392.0	72313.2	0.487	48016.0	63869.6
codec-P	P2.5	P2.5	ascii	core-ffi-pull	decode-read	retain	20	50168.9	44327.1	63859.1	0.389	46710.6	57835.9
codec-P	P1.2	P1.2	ascii	incumbent-prod	decode-read	default	20	456029.4	406140.9	499570.4	0.205	441493.9	468204.4
codec-P	P1.2	P1.2	ascii	armonik	decode-read	default	20	414235.1	364583.2	441980.9	0.187	376978.9	433203.5
codec-P	P1.2	P1.2	ascii	core-native	decode-read	drop	20	369102.6	319207.3	385230.6	0.179	328379.9	374359.5
codec-P	P1.2	P1.2	ascii	core-ffi	decode-read	drop	20	369660.4	321133.3	390258.6	0.187	358294.9	381118.3
codec-P	P1.2	P1.2	ascii	core-ffi-pull	decode-read	drop	20	374096.5	327620.6	403217.8	0.202	353705.0	383167.8
codec-P	P1.2	P1.2	ascii	core-native	decode-read	retain	20	362375.4	317232.9	384149.6	0.185	328613.3	373427.2
codec-P	P1.2	P1.2	ascii	core-ffi	decode-read	retain	20	370210.6	319687.1	395038.4	0.204	364543.5	376575.9
codec-P	P1.2	P1.2	ascii	core-ffi-pull	decode-read	retain	20	374112.2	327639.0	391750.6	0.171	338216.3	381235.0
codec-P	P4.1	P4.1	ascii	incumbent-prod	decode-read	default	20	271005.0	268714.2	317250.9	0.179	269853.8	272224.2
codec-P	P4.1	P4.1	ascii	armonik	decode-read	default	20	271963.1	269005.0	285247.1	0.060	270836.2	273051.2
codec-P	P4.1	P4.1	ascii	core-native	decode-read	drop	20	240784.0	238729.1	286255.6	0.197	239616.1	242174.1
codec-P	P4.1	P4.1	ascii	core-ffi	decode-read	drop	20	257908.6	256104.8	311692.4	0.216	257219.9	261338.9
codec-P	P4.1	P4.1	ascii	core-ffi-pull	decode-read	drop	20	239245.4	237468.0	310818.5	0.307	238413.3	243425.6
codec-P	P4.1	P4.1	ascii	core-native	decode-read	retain	20	238090.0	235293.4	276662.2	0.174	237421.4	238760.5
codec-P	P4.1	P4.1	ascii	core-ffi	decode-read	retain	20	258105.6	254398.6	298148.8	0.170	256388.5	259129.2
codec-P	P4.1	P4.1	ascii	core-ffi-pull	decode-read	retain	20	239035.4	237459.2	280215.6	0.179	238033.0	240055.9
codec-P	P5.3	P5.3	ascii	incumbent-prod	decode	default	20	50777.9	42055.9	56877.6	0.292	46296.6	51744.7
codec-P	P5.3	P5.3	ascii	armonik	decode	default	20	103.1	101.8	107.2	0.052	102.2	105.4
codec-P	P5.3	P5.3	ascii	core-native	decode	drop	20	50357.8	41867.2	54533.7	0.252	44191.1	51102.1
codec-P	P5.3	P5.3	ascii	core-ffi	decode	drop	20	49962.4	42690.2	58533.7	0.317	44610.8	51437.7
codec-P	P5.3	P5.3	ascii	core-ffi-pull	decode	drop	20	50211.6	43068.7	56771.3	0.273	44464.4	51306.0
codec-P	P5.3	P5.3	ascii	core-native	decode	retain	20	49709.4	41539.4	58370.4	0.339	44096.5	51404.9
codec-P	P5.3	P5.3	ascii	core-ffi	decode	retain	20	49340.2	42730.6	55366.0	0.256	45163.4	51364.3
codec-P	P5.3	P5.3	ascii	core-ffi-pull	decode	retain	20	51040.8	42573.1	54596.6	0.236	45182.6	53007.7
codec-P	P1.3	P1.3	ascii	incumbent-prod	encode	default	20	5664.9	5356.3	5887.7	0.094	5616.1	5721.0
codec-P	P1.3	P1.3	ascii	armonik	encode	default	20	6753.3	5575.4	7136.4	0.231	6712.3	6846.3
codec-P	P1.3	P1.3	ascii	core-native	encode	drop	20	1750.1	1446.1	1976.1	0.303	1715.8	1771.7
codec-P	P1.3	P1.3	ascii	core-ffi	encode	drop	20	3648.8	2977.3	3963.8	0.270	3616.1	3687.4
codec-P	P1.3	P1.3	ascii	core-native	encode	retain	20	2252.2	1826.9	2379.6	0.245	2233.0	2292.3
codec-P	P1.3	P1.3	ascii	core-ffi	encode	retain	20	3813.5	3731.8	3891.3	0.042	3772.1	3843.6
codec-P	P1.2/latin1	P1.2	latin1	incumbent-prod	encode	default	20	302130.1	262986.6	328272.9	0.216	300095.9	308711.0
codec-P	P1.2/latin1	P1.2	latin1	armonik	encode	default	20	332006.0	294136.7	350636.3	0.170	328972.4	336796.3
codec-P	P1.2/latin1	P1.2	latin1	core-native	encode	drop	20	61381.6	54065.3	64336.0	0.167	60806.1	62989.5
codec-P	P1.2/latin1	P1.2	latin1	core-ffi	encode	drop	20	88482.7	79172.7	92520.3	0.151	87779.7	89789.9
codec-P	P1.2/latin1	P1.2	latin1	core-native	encode	retain	20	69642.7	61568.1	76601.9	0.216	68952.0	70336.6
codec-P	P1.2/latin1	P1.2	latin1	core-ffi	encode	retain	20	92925.8	83402.6	102232.1	0.203	92317.2	94302.0
codec-P	P5.2	P5.2	ascii	incumbent-prod	encode	default	20	1673.0	1648.9	1847.8	0.119	1664.2	1679.7
codec-P	P5.2	P5.2	ascii	armonik	encode	default	20	1645.0	1625.7	1903.7	0.169	1632.1	1666.6
codec-P	P5.2	P5.2	ascii	core-native	encode	drop	20	1555.9	1530.3	1660.5	0.084	1546.0	1566.6
codec-P	P5.2	P5.2	ascii	core-ffi	encode	drop	20	1574.5	1551.0	1810.2	0.165	1562.9	1584.7
codec-P	P5.2	P5.2	ascii	core-native	encode	retain	20	1564.8	1543.3	1751.4	0.133	1554.7	1592.2
codec-P	P5.2	P5.2	ascii	core-ffi	encode	retain	20	1591.0	1559.5	1766.9	0.130	1571.5	1616.2
codec-P	P1.2	P1.2	ascii	incumbent-prod	decode	default	20	396541.4	321488.7	417747.1	0.243	393404.3	399399.2
codec-P	P1.2	P1.2	ascii	armonik	decode	default	20	357245.4	288915.2	379161.7	0.253	351456.5	362045.5
codec-P	P1.2	P1.2	ascii	core-native	decode	drop	20	307025.5	252052.5	318980.5	0.218	305778.8	311637.2
codec-P	P1.2	P1.2	ascii	core-ffi	decode	drop	20	311984.5	260131.3	338803.8	0.252	309120.1	318662.6
codec-P	P1.2	P1.2	ascii	core-ffi-pull	decode	drop	20	320653.4	256676.6	379838.9	0.384	315794.1	323358.2
codec-P	P1.2	P1.2	ascii	core-native	decode	retain	20	304494.1	247595.4	320690.1	0.240	300876.1	307810.2
codec-P	P1.2	P1.2	ascii	core-ffi	decode	retain	20	310001.7	261382.9	330123.4	0.222	306483.3	317030.2
codec-P	P1.2	P1.2	ascii	core-ffi-pull	decode	retain	20	318381.9	266763.9	338439.0	0.225	313776.8	328393.9
codec-P	P4.1	P4.1	ascii	incumbent-prod	decode-nodrop	default	20	210218.6	162559.9	256295.7	0.446	177695.8	217593.2
codec-P	P4.1	P4.1	ascii	armonik	decode-nodrop	default	20	212356.6	163577.1	250190.7	0.408	177830.0	216916.5
codec-P	P4.1	P4.1	ascii	core-native	decode-nodrop	drop	20	178832.8	139313.0	212306.7	0.408	152544.9	185494.4
codec-P	P4.1	P4.1	ascii	core-ffi	decode-nodrop	drop	20	197091.3	152570.0	241160.3	0.449	160732.2	209239.7
codec-P	P4.1	P4.1	ascii	core-native	decode-nodrop	retain	20	183222.7	137083.1	234514.9	0.532	146936.0	189651.4
codec-P	P4.1	P4.1	ascii	core-ffi	decode-nodrop	retain	20	197474.2	149648.9	235785.4	0.436	160713.0	212876.4
codec-P	P6.1	P6.1	ascii	incumbent-prod	decode	default	20	304300.6	263030.8	357319.1	0.310	270606.1	329435.4
codec-P	P6.1	P6.1	ascii	armonik	decode	default	20	309147.5	251554.9	357940.1	0.344	296109.1	327692.8
codec-P	P6.1	P6.1	ascii	core-native	decode	drop	20	134671.1	110380.1	146326.6	0.267	121706.0	140777.7
codec-P	P6.1	P6.1	ascii	core-ffi	decode	drop	20	189239.1	170054.5	220835.2	0.268	173875.8	202671.7
codec-P	P6.1	P6.1	ascii	core-ffi-pull	decode	drop	20	169988.5	145243.2	299774.0	0.909	155381.3	190429.3
codec-P	P6.1	P6.1	ascii	core-native	decode	retain	20	127630.0	108155.0	269233.1	1.262	119247.9	139411.1
codec-P	P6.1	P6.1	ascii	core-ffi	decode	retain	20	199592.7	157404.4	249951.1	0.464	174235.5	221824.8
codec-P	P6.1	P6.1	ascii	core-ffi-pull	decode	retain	20	172577.1	137818.9	208890.8	0.412	166264.6	181763.5
codec-P	P6.1	P6.1	ascii	incumbent-prod	decode-nodrop	default	20	346180.5	300452.7	360714.2	0.174	333384.8	349060.7
codec-P	P6.1	P6.1	ascii	armonik	decode-nodrop	default	20	338763.4	311233.9	360021.2	0.144	320490.8	347589.7
codec-P	P6.1	P6.1	ascii	core-native	decode-nodrop	drop	20	121348.3	101256.3	139770.9	0.317	113552.4	123480.0
codec-P	P6.1	P6.1	ascii	core-ffi	decode-nodrop	drop	20	184622.8	158766.0	204841.7	0.250	178601.5	188213.0
codec-P	P6.1	P6.1	ascii	core-native	decode-nodrop	retain	20	120871.6	111593.5	125313.8	0.114	116941.5	123366.4
codec-P	P6.1	P6.1	ascii	core-ffi	decode-nodrop	retain	20	185681.8	162241.7	201645.7	0.212	177319.8	188419.4
codec-P	P2.4	P2.4	ascii	incumbent-prod	decode-read	default	20	1796038.0	1690180.8	2393772.6	0.392	1738657.9	2130119.8
codec-P	P2.4	P2.4	ascii	armonik	decode-read	default	20	1814950.5	1633217.8	2365907.8	0.404	1759755.9	2087790.3
codec-P	P2.4	P2.4	ascii	core-native	decode-read	drop	20	1600360.2	1502272.8	2263004.5	0.475	1565671.2	1882603.3
codec-P	P2.4	P2.4	ascii	core-ffi	decode-read	drop	20	1443248.5	1280577.1	1821151.4	0.375	1371171.8	1721377.7
codec-P	P2.4	P2.4	ascii	core-ffi-pull	decode-read	drop	20	1332396.6	1278592.0	1687385.1	0.307	1321526.3	1632388.9
codec-P	P2.4	P2.4	ascii	core-native	decode-read	retain	20	1621231.7	1540057.4	2090881.4	0.340	1579087.2	1948342.8
codec-P	P2.4	P2.4	ascii	core-ffi	decode-read	retain	20	1400024.0	1309965.7	1750370.8	0.315	1363794.6	1586661.8
codec-P	P2.4	P2.4	ascii	core-ffi-pull	decode-read	retain	20	1334380.9	1259866.9	1692192.0	0.324	1318565.9	1565844.8
codec-P	P1.1	P1.1	ascii	incumbent-prod	decode	default	20	1328.1	1013.4	1503.6	0.369	1205.5	1407.7
codec-P	P1.1	P1.1	ascii	armonik	decode	default	20	1437.1	1062.7	1650.0	0.409	1273.4	1534.5
codec-P	P1.1	P1.1	ascii	core-native	decode	drop	20	1117.3	832.9	1252.1	0.375	982.3	1196.2
codec-P	P1.1	P1.1	ascii	core-ffi	decode	drop	20	1141.5	853.7	1341.3	0.427	1010.5	1269.3
codec-P	P1.1	P1.1	ascii	core-ffi-pull	decode	drop	20	1194.8	860.8	1376.7	0.432	1058.1	1258.3
codec-P	P1.1	P1.1	ascii	core-native	decode	retain	20	1067.1	829.5	1222.4	0.368	990.8	1190.0
codec-P	P1.1	P1.1	ascii	core-ffi	decode	retain	20	1185.9	870.4	1363.0	0.415	1058.7	1306.0
codec-P	P1.1	P1.1	ascii	core-ffi-pull	decode	retain	20	1224.6	865.8	1322.6	0.373	1064.3	1320.0
codec-P	P2.2	P2.2	ascii	incumbent-prod	decode	default	20	1399062.0	1127603.1	1636763.6	0.364	1394205.5	1414181.6
codec-P	P2.2	P2.2	ascii	armonik	decode	default	20	1391509.1	1131592.9	1663913.5	0.383	1385769.6	1504625.9
codec-P	P2.2	P2.2	ascii	core-native	decode	drop	20	1222158.5	992051.6	1629159.9	0.521	1200830.6	1297869.5
codec-P	P2.2	P2.2	ascii	core-ffi	decode	drop	20	1449594.1	1147272.7	1782074.7	0.438	1279460.2	1633738.5
codec-P	P2.2	P2.2	ascii	core-ffi-pull	decode	drop	20	1379106.7	1139242.3	1732941.6	0.430	1314710.2	1515975.3
codec-P	P2.2	P2.2	ascii	core-native	decode	retain	20	1214679.9	986724.9	1502784.6	0.425	1170613.2	1373341.4
codec-P	P2.2	P2.2	ascii	core-ffi	decode	retain	20	1438575.9	1159448.1	1882173.1	0.502	1428998.5	1502011.3
codec-P	P2.2	P2.2	ascii	core-ffi-pull	decode	retain	20	1372644.9	1132289.1	1703020.8	0.416	1357821.7	1388066.4
codec-P	P2.2/wide	P2.2	wide	incumbent-prod	encode	default	20	993147.8	960290.4	1190110.5	0.231	981154.6	1077577.0
codec-P	P2.2/wide	P2.2	wide	armonik	encode	default	20	1008421.6	962613.0	1216465.6	0.252	985815.7	1158235.9
codec-P	P2.2/wide	P2.2	wide	core-native	encode	drop	20	278594.6	255342.7	349211.3	0.337	271719.3	298522.5
codec-P	P2.2/wide	P2.2	wide	core-ffi	encode	drop	20	375355.0	350892.1	472297.5	0.323	366687.6	418078.4
codec-P	P2.2/wide	P2.2	wide	core-native	encode	retain	20	289378.4	272880.3	377197.3	0.360	283286.7	313540.2
codec-P	P2.2/wide	P2.2	wide	core-ffi	encode	retain	20	377432.6	357349.6	515767.4	0.420	372428.2	455315.5
codec-P	P5.1	P5.1	ascii	incumbent-prod	decode-read	default	20	104.9	92.7	120.2	0.263	101.9	105.7
codec-P	P5.1	P5.1	ascii	armonik	decode-read	default	20	98.9	87.5	108.6	0.214	97.1	101.1
codec-P	P5.1	P5.1	ascii	core-native	decode-read	drop	20	91.6	82.0	98.7	0.182	87.1	92.3
codec-P	P5.1	P5.1	ascii	core-ffi	decode-read	drop	20	95.5	84.5	106.8	0.233	91.0	98.6
codec-P	P5.1	P5.1	ascii	core-ffi-pull	decode-read	drop	20	97.8	85.7	138.6	0.541	94.1	100.2
codec-P	P5.1	P5.1	ascii	core-native	decode-read	retain	20	89.2	79.3	97.1	0.200	87.5	90.7
codec-P	P5.1	P5.1	ascii	core-ffi	decode-read	retain	20	105.0	92.8	120.8	0.267	102.9	108.0
codec-P	P5.1	P5.1	ascii	core-ffi-pull	decode-read	retain	20	107.9	94.3	125.3	0.287	106.2	115.1
codec-P	P5.4	P5.4	ascii	incumbent-prod	encode	default	20	387544.4	341353.6	469693.8	0.331	375211.9	401796.8
codec-P	P5.4	P5.4	ascii	armonik	encode	default	20	399243.4	358185.9	466419.2	0.271	380855.7	431830.0
codec-P	P5.4	P5.4	ascii	core-native	encode	drop	20	384219.8	342280.9	428765.0	0.225	375499.4	408747.1
codec-P	P5.4	P5.4	ascii	core-ffi	encode	drop	20	398364.4	339424.7	454872.7	0.290	368915.3	412754.6
codec-P	P5.4	P5.4	ascii	core-native	encode	retain	20	391736.5	338402.0	494606.8	0.399	347051.8	407345.4
codec-P	P5.4	P5.4	ascii	core-ffi	encode	retain	20	378577.9	333807.5	426136.0	0.244	357725.4	402028.6
codec-P	P2.2/latin1	P2.2	latin1	incumbent-prod	decode-read	default	20	2409827.2	2068125.0	2721551.2	0.271	2295995.5	2575953.7
codec-P	P2.2/latin1	P2.2	latin1	armonik	decode-read	default	20	2488477.6	2214062.6	2846287.8	0.254	2421664.9	2606583.2
codec-P	P2.2/latin1	P2.2	latin1	core-native	decode-read	drop	20	2203708.9	1819105.7	2390158.2	0.259	2112502.4	2261267.7
codec-P	P2.2/latin1	P2.2	latin1	core-ffi	decode-read	drop	20	2515655.0	2056325.5	2871002.8	0.324	2397308.0	2605683.0
codec-P	P2.2/latin1	P2.2	latin1	core-ffi-pull	decode-read	drop	20	2385212.8	2031896.8	2685919.5	0.274	2303287.4	2473784.2
codec-P	P2.2/latin1	P2.2	latin1	core-native	decode-read	retain	20	2245247.1	1836700.2	2672761.0	0.372	2139836.5	2293417.6
codec-P	P2.2/latin1	P2.2	latin1	core-ffi	decode-read	retain	20	2643244.9	2097160.2	3093548.0	0.377	2488854.1	2742632.2
codec-P	P2.2/latin1	P2.2	latin1	core-ffi-pull	decode-read	retain	20	2412023.4	2034256.8	2735846.8	0.291	2258307.6	2565006.5
codec-P	P2.4	P2.4	ascii	incumbent-prod	decode	default	20	1708793.4	1634224.8	1897490.6	0.154	1672095.2	1724163.2
codec-P	P2.4	P2.4	ascii	armonik	decode	default	20	1702699.8	1633229.5	1898951.7	0.156	1660650.7	1750904.2
codec-P	P2.4	P2.4	ascii	core-native	decode	drop	20	1517120.4	1462951.7	1855356.1	0.259	1488857.8	1533846.5
codec-P	P2.4	P2.4	ascii	core-ffi	decode	drop	20	1310365.8	1269640.3	1400063.6	0.100	1282879.0	1337985.7
codec-P	P2.4	P2.4	ascii	core-ffi-pull	decode	drop	20	1275338.1	1229055.4	1371167.8	0.111	1254674.2	1309596.4
codec-P	P2.4	P2.4	ascii	core-native	decode	retain	20	1508745.8	1457549.5	1620989.2	0.108	1496196.6	1527319.6
codec-P	P2.4	P2.4	ascii	core-ffi	decode	retain	20	1316470.8	1242048.6	1438713.7	0.149	1275832.9	1334081.3
codec-P	P2.4	P2.4	ascii	core-ffi-pull	decode	retain	20	1283546.2	1212975.4	1393588.4	0.141	1264775.5	1315620.9
codec-P	P2.5	P2.5	ascii	incumbent-prod	decode	default	20	48260.8	47616.0	48575.4	0.020	48112.9	48323.9
codec-P	P2.5	P2.5	ascii	armonik	decode	default	20	48545.5	48237.1	53502.4	0.108	48390.9	48869.4
codec-P	P2.5	P2.5	ascii	core-native	decode	drop	20	39340.2	38871.5	45981.6	0.181	39241.2	39489.1
codec-P	P2.5	P2.5	ascii	core-ffi	decode	drop	20	46666.1	46399.1	51732.6	0.114	46545.3	46985.9
codec-P	P2.5	P2.5	ascii	core-ffi-pull	decode	drop	20	44622.8	44410.4	46625.8	0.050	44572.4	44883.3
codec-P	P2.5	P2.5	ascii	core-native	decode	retain	20	39050.1	38763.7	39745.1	0.025	38921.8	39177.1
codec-P	P2.5	P2.5	ascii	core-ffi	decode	retain	20	46699.5	46235.9	47515.7	0.027	46622.4	47170.1
codec-P	P2.5	P2.5	ascii	core-ffi-pull	decode	retain	20	44827.6	44481.8	45684.3	0.027	44625.8	44942.3
codec-P	P5.4	P5.4	ascii	incumbent-prod	decode	default	20	337876.4	332114.3	384105.4	0.154	335267.1	344347.7
codec-P	P5.4	P5.4	ascii	armonik	decode	default	20	97.0	96.0	105.3	0.097	96.6	97.6
codec-P	P5.4	P5.4	ascii	core-native	decode	drop	20	340508.3	332188.5	379631.3	0.139	335491.0	345671.7
codec-P	P5.4	P5.4	ascii	core-ffi	decode	drop	20	339542.4	332865.8	377053.0	0.130	336208.6	346044.4
codec-P	P5.4	P5.4	ascii	core-ffi-pull	decode	drop	20	338964.2	333140.2	385105.0	0.153	337687.3	345893.5
codec-P	P5.4	P5.4	ascii	core-native	decode	retain	20	338207.0	332702.2	383062.4	0.149	335877.4	344091.4
codec-P	P5.4	P5.4	ascii	core-ffi	decode	retain	20	339068.2	333850.7	380629.6	0.138	335982.3	355988.8
codec-P	P5.4	P5.4	ascii	core-ffi-pull	decode	retain	20	338208.5	333026.0	384111.1	0.151	336298.1	342732.0
codec-P	P1.2	P1.2	ascii	incumbent-prod	decode-nodrop	default	20	315636.0	297730.0	318557.9	0.066	314632.3	316312.3
codec-P	P1.2	P1.2	ascii	armonik	decode-nodrop	default	20	296220.8	278011.6	300362.0	0.075	295032.2	297322.8
codec-P	P1.2	P1.2	ascii	core-native	decode-nodrop	drop	20	232589.8	219058.6	234100.1	0.065	230671.6	233354.2
codec-P	P1.2	P1.2	ascii	core-ffi	decode-nodrop	drop	20	234036.2	219457.3	270984.7	0.220	233199.7	235035.2
codec-P	P1.2	P1.2	ascii	core-native	decode-nodrop	retain	20	228397.0	214040.0	265086.4	0.223	226448.7	230475.0
codec-P	P1.2	P1.2	ascii	core-ffi	decode-nodrop	retain	20	233968.4	220042.5	237733.4	0.076	232800.3	234777.3
codec-P	P6.1	P6.1	ascii	incumbent-prod	decode-read	default	20	330484.9	318669.0	402231.0	0.253	320818.7	339386.7
codec-P	P6.1	P6.1	ascii	armonik	decode-read	default	20	341118.9	331285.8	416688.7	0.250	335502.7	346447.3
codec-P	P6.1	P6.1	ascii	core-native	decode-read	drop	20	146598.3	143985.9	179773.8	0.244	145578.1	147920.9
codec-P	P6.1	P6.1	ascii	core-ffi	decode-read	drop	20	197036.6	192694.4	242317.8	0.252	194739.8	216972.7
codec-P	P6.1	P6.1	ascii	core-ffi-pull	decode-read	drop	20	183890.8	178280.6	204760.3	0.144	180589.2	186902.5
codec-P	P6.1	P6.1	ascii	core-native	decode-read	retain	20	145393.5	142502.6	213724.7	0.490	143768.6	148155.3
codec-P	P6.1	P6.1	ascii	core-ffi	decode-read	retain	20	197934.3	194510.7	236890.0	0.214	195588.0	205366.5
codec-P	P6.1	P6.1	ascii	core-ffi-pull	decode-read	retain	20	184425.0	180111.8	219234.8	0.212	181869.6	192226.8
codec-P	P5.3	P5.3	ascii	incumbent-prod	decode-read	default	20	45056.7	43755.2	57067.4	0.295	44636.7	45431.1
codec-P	P5.3	P5.3	ascii	armonik	decode-read	default	20	108.2	107.2	120.2	0.120	107.8	110.7
codec-P	P5.3	P5.3	ascii	core-native	decode-read	drop	20	45049.3	44376.6	64234.6	0.441	44547.9	45705.4
codec-P	P5.3	P5.3	ascii	core-ffi	decode-read	drop	20	45062.9	44127.7	57653.9	0.300	44770.5	46703.2
codec-P	P5.3	P5.3	ascii	core-ffi-pull	decode-read	drop	20	45050.0	44275.8	49905.1	0.125	44751.4	46343.4
codec-P	P5.3	P5.3	ascii	core-native	decode-read	retain	20	45315.4	44011.7	50470.4	0.143	44974.3	46870.5
codec-P	P5.3	P5.3	ascii	core-ffi	decode-read	retain	20	45566.9	44114.4	50293.7	0.136	45177.7	46581.0
codec-P	P5.3	P5.3	ascii	core-ffi-pull	decode-read	retain	20	45191.5	44446.1	58025.3	0.300	44789.1	45781.4
codec-P	P2.3	P2.3	ascii	incumbent-prod	encode	default	20	497318.9	442658.4	539552.2	0.195	486607.8	521824.5
codec-P	P2.3	P2.3	ascii	armonik	encode	default	20	479470.7	418646.5	535121.2	0.243	455942.2	492748.2
codec-P	P2.3	P2.3	ascii	core-native	encode	drop	20	136745.9	125950.7	156938.4	0.227	133174.2	145187.5
codec-P	P2.3	P2.3	ascii	core-ffi	encode	drop	20	215231.6	179551.3	233086.2	0.249	205728.8	223031.8
codec-P	P2.3	P2.3	ascii	core-native	encode	retain	20	134666.6	119761.4	153105.3	0.248	131265.5	141012.2
codec-P	P2.3	P2.3	ascii	core-ffi	encode	retain	20	210284.3	193824.1	236391.6	0.202	206720.3	220368.9
codec-P	P1.2/latin1	P1.2	latin1	incumbent-prod	decode-read	default	20	622646.1	592779.2	654138.3	0.099	617876.4	628044.7
codec-P	P1.2/latin1	P1.2	latin1	armonik	decode-read	default	20	589709.2	552054.2	618182.6	0.112	583299.9	595027.8
codec-P	P1.2/latin1	P1.2	latin1	core-native	decode-read	drop	20	514924.2	489100.6	538202.7	0.095	509965.3	520370.0
codec-P	P1.2/latin1	P1.2	latin1	core-ffi	decode-read	drop	20	523105.7	490795.5	615836.5	0.239	520825.6	531627.5
codec-P	P1.2/latin1	P1.2	latin1	core-ffi-pull	decode-read	drop	20	537458.8	515924.1	749254.3	0.434	527484.4	546777.7
codec-P	P1.2/latin1	P1.2	latin1	core-native	decode-read	retain	20	509827.0	505046.8	565129.6	0.118	507042.2	517592.6
codec-P	P1.2/latin1	P1.2	latin1	core-ffi	decode-read	retain	20	526461.1	495984.4	551747.9	0.106	519807.2	533015.4
codec-P	P1.2/latin1	P1.2	latin1	core-ffi-pull	decode-read	retain	20	531668.4	518054.9	642803.3	0.235	529264.4	542922.7
codec-P	P2.2/latin1	P2.2	latin1	incumbent-prod	decode	default	20	2021816.5	1982064.5	2103228.7	0.060	2004023.8	2035922.7
codec-P	P2.2/latin1	P2.2	latin1	armonik	decode	default	20	2062115.5	2024366.2	2282593.5	0.125	2040908.4	2076899.2
codec-P	P2.2/latin1	P2.2	latin1	core-native	decode	drop	20	1758980.0	1728776.0	2002647.5	0.156	1750842.5	1777275.7
codec-P	P2.2/latin1	P2.2	latin1	core-ffi	decode	drop	20	2036198.2	1987323.4	2231657.4	0.120	2000895.4	2072769.2
codec-P	P2.2/latin1	P2.2	latin1	core-ffi-pull	decode	drop	20	1971352.9	1923320.2	2049156.2	0.064	1951099.0	2000437.7
codec-P	P2.2/latin1	P2.2	latin1	core-native	decode	retain	20	1754829.9	1719763.7	1826372.8	0.061	1747454.9	1769230.1
codec-P	P2.2/latin1	P2.2	latin1	core-ffi	decode	retain	20	2023529.0	1973450.5	2196452.0	0.110	1994480.9	2042964.5
codec-P	P2.2/latin1	P2.2	latin1	core-ffi-pull	decode	retain	20	1949970.4	1895761.0	2039685.8	0.074	1918434.4	1988156.4
codec-P	P1.2/wide	P1.2	wide	incumbent-prod	decode	default	20	727054.1	576170.2	793936.6	0.300	715784.5	741236.5
codec-P	P1.2/wide	P1.2	wide	armonik	decode	default	20	706280.7	563146.6	795818.6	0.329	699343.7	712989.8
codec-P	P1.2/wide	P1.2	wide	core-native	decode	drop	20	641407.4	507733.3	666428.0	0.247	626857.8	653048.4
codec-P	P1.2/wide	P1.2	wide	core-ffi	decode	drop	20	628232.5	551719.1	672504.3	0.192	621156.4	647070.2
codec-P	P1.2/wide	P1.2	wide	core-ffi-pull	decode	drop	20	649852.9	531067.6	680061.4	0.229	635397.8	658808.4
codec-P	P1.2/wide	P1.2	wide	core-native	decode	retain	20	626356.6	520974.0	748057.4	0.363	618646.7	642696.6
codec-P	P1.2/wide	P1.2	wide	core-ffi	decode	retain	20	626686.2	522775.8	741309.4	0.349	615583.2	640892.6
codec-P	P1.2/wide	P1.2	wide	core-ffi-pull	decode	retain	20	642312.6	502913.1	667946.3	0.257	633067.0	650731.9
codec-P	P5.2	P5.2	ascii	incumbent-prod	decode-read	default	20	1665.6	1604.4	1711.7	0.064	1652.8	1685.1
codec-P	P5.2	P5.2	ascii	armonik	decode-read	default	20	103.1	84.3	107.4	0.225	102.2	104.6
codec-P	P5.2	P5.2	ascii	core-native	decode-read	drop	20	1652.3	1327.3	1740.5	0.250	1643.5	1671.4
codec-P	P5.2	P5.2	ascii	core-ffi	decode-read	drop	20	1660.5	1313.7	1716.1	0.242	1654.4	1679.3
codec-P	P5.2	P5.2	ascii	core-ffi-pull	decode-read	drop	20	1673.8	1538.7	1715.6	0.106	1644.8	1683.6
codec-P	P5.2	P5.2	ascii	core-native	decode-read	retain	20	1642.7	1585.0	1694.2	0.067	1611.9	1655.9
codec-P	P5.2	P5.2	ascii	core-ffi	decode-read	retain	20	1687.1	1579.2	1750.2	0.101	1676.2	1718.3
codec-P	P5.2	P5.2	ascii	core-ffi-pull	decode-read	retain	20	1692.7	1521.1	1767.4	0.146	1671.5	1706.6
codec-P	P2.2	P2.2	ascii	incumbent-prod	decode-nodrop	default	20	1098064.5	1089526.3	1125114.4	0.032	1092762.7	1101344.2
codec-P	P2.2	P2.2	ascii	armonik	decode-nodrop	default	20	1091375.2	1074388.0	1110491.1	0.033	1080096.2	1098530.1
codec-P	P2.2	P2.2	ascii	core-native	decode-nodrop	drop	20	916163.7	904425.5	944815.0	0.044	907679.8	924987.6
codec-P	P2.2	P2.2	ascii	core-ffi	decode-nodrop	drop	20	1131454.4	1117597.8	1215264.8	0.086	1124624.1	1148214.8
codec-P	P2.2	P2.2	ascii	core-native	decode-nodrop	retain	20	908084.0	891842.3	1050756.4	0.175	899202.9	917177.9
codec-P	P2.2	P2.2	ascii	core-ffi	decode-nodrop	retain	20	1128922.1	1111543.9	1170219.1	0.052	1121370.2	1138627.3
codec-P	P3.1	P3.1	ascii	incumbent-prod	encode	default	20	16627.7	15972.4	21420.4	0.328	16241.8	20265.4
codec-P	P3.1	P3.1	ascii	armonik	encode	default	20	17402.4	16463.5	22033.7	0.320	16792.5	21287.6
codec-P	P3.1	P3.1	ascii	core-native	encode	drop	20	3095.5	2798.4	3764.6	0.312	2837.4	3614.1
codec-P	P3.1	P3.1	ascii	core-ffi	encode	drop	20	5332.3	4954.3	6568.7	0.303	5079.5	6419.7
codec-P	P3.1	P3.1	ascii	core-native	encode	retain	20	3773.3	3500.5	4796.0	0.343	3590.6	4499.2
codec-P	P3.1	P3.1	ascii	core-ffi	encode	retain	20	5430.9	5166.5	6959.4	0.330	5280.8	6608.4
codec-P	P2.3	P2.3	ascii	incumbent-prod	decode	default	20	1013325.9	962500.7	1100877.0	0.137	989455.4	1034181.6
codec-P	P2.3	P2.3	ascii	armonik	decode	default	20	1023934.4	974432.5	1104840.7	0.127	998934.0	1054538.2
codec-P	P2.3	P2.3	ascii	core-native	decode	drop	20	908870.2	864118.7	989527.2	0.138	894694.5	924162.3
codec-P	P2.3	P2.3	ascii	core-ffi	decode	drop	20	811996.5	777647.8	927446.2	0.184	805673.9	829816.8
codec-P	P2.3	P2.3	ascii	core-ffi-pull	decode	drop	20	793308.2	760067.7	865295.1	0.133	779440.3	803554.0
codec-P	P2.3	P2.3	ascii	core-native	decode	retain	20	903346.1	857136.3	978630.7	0.134	873171.8	923102.2
codec-P	P2.3	P2.3	ascii	core-ffi	decode	retain	20	809627.1	780714.6	905033.6	0.154	799244.2	821904.8
codec-P	P2.3	P2.3	ascii	core-ffi-pull	decode	retain	20	795310.0	758293.5	872212.1	0.143	772945.5	810148.7
codec-P	P2.2/wide	P2.2	wide	incumbent-prod	decode	default	20	2203963.3	2002541.2	2513174.0	0.232	2064451.1	2376624.1
codec-P	P2.2/wide	P2.2	wide	armonik	decode	default	20	2191990.6	2022953.6	2523543.6	0.228	2094469.6	2387474.9
codec-P	P2.2/wide	P2.2	wide	core-native	decode	drop	20	1948012.0	1804789.8	2243904.6	0.225	1876053.3	2077205.1
codec-P	P2.2/wide	P2.2	wide	core-ffi	decode	drop	20	2203491.4	1995261.4	2583297.0	0.267	2096224.8	2343029.4
codec-P	P2.2/wide	P2.2	wide	core-ffi-pull	decode	drop	20	2214714.5	1970957.4	2566647.8	0.269	2006511.2	2321069.5
codec-P	P2.2/wide	P2.2	wide	core-native	decode	retain	20	2031056.3	1802139.0	2262633.8	0.227	1857187.2	2118531.2
codec-P	P2.2/wide	P2.2	wide	core-ffi	decode	retain	20	2255413.2	1997366.8	2530351.6	0.236	2072720.6	2374728.6
codec-P	P2.2/wide	P2.2	wide	core-ffi-pull	decode	retain	20	2145016.8	1979701.0	2496932.2	0.241	2037535.0	2333213.9
codec-P	P5.1	P5.1	ascii	incumbent-prod	decode	default	20	79.4	78.4	101.2	0.288	78.9	100.8
codec-P	P5.1	P5.1	ascii	armonik	decode	default	20	75.1	72.5	94.2	0.289	73.6	93.7
codec-P	P5.1	P5.1	ascii	core-native	decode	drop	20	68.2	67.4	87.3	0.291	68.0	86.5
codec-P	P5.1	P5.1	ascii	core-ffi	decode	drop	20	71.8	70.8	90.9	0.280	71.1	90.5
codec-P	P5.1	P5.1	ascii	core-ffi-pull	decode	drop	20	74.3	72.8	93.6	0.280	73.3	93.0
codec-P	P5.1	P5.1	ascii	core-native	decode	retain	20	66.6	65.8	85.6	0.299	66.2	84.7
codec-P	P5.1	P5.1	ascii	core-ffi	decode	retain	20	79.2	77.1	99.6	0.284	77.9	99.1
codec-P	P5.1	P5.1	ascii	core-ffi-pull	decode	retain	20	80.7	79.9	103.2	0.289	80.3	102.1
codec-P	P1.1	P1.1	ascii	incumbent-prod	encode	default	20	1162.6	1117.5	1230.6	0.097	1127.8	1219.4
codec-P	P1.1	P1.1	ascii	armonik	encode	default	20	1221.1	1189.4	1287.9	0.081	1201.4	1266.3
codec-P	P1.1	P1.1	ascii	core-native	encode	drop	20	196.1	193.7	199.2	0.028	195.2	197.7
codec-P	P1.1	P1.1	ascii	core-ffi	encode	drop	20	301.8	298.1	304.1	0.020	299.7	302.7
codec-P	P1.1	P1.1	ascii	core-native	encode	retain	20	241.0	237.9	242.4	0.019	239.8	241.5
codec-P	P1.1	P1.1	ascii	core-ffi	encode	retain	20	315.8	310.7	320.4	0.031	314.5	317.8
codec-P	P5.1	P5.1	ascii	incumbent-prod	encode	default	20	60.8	47.7	62.9	0.250	48.6	61.2
codec-P	P5.1	P5.1	ascii	armonik	encode	default	20	63.4	50.2	78.7	0.449	51.8	64.6
codec-P	P5.1	P5.1	ascii	core-native	encode	drop	20	16.4	12.9	17.4	0.274	13.0	16.6
codec-P	P5.1	P5.1	ascii	core-ffi	encode	drop	20	28.4	22.3	33.8	0.405	23.2	29.0
codec-P	P5.1	P5.1	ascii	core-native	encode	retain	20	19.5	15.3	25.6	0.530	15.8	19.7
codec-P	P5.1	P5.1	ascii	core-ffi	encode	retain	20	28.1	22.2	30.1	0.282	22.7	28.7
codec-P	P2.2	P2.2	ascii	incumbent-prod	decode-read	default	20	1492844.6	1243329.1	1576715.1	0.223	1482354.1	1520778.9
codec-P	P2.2	P2.2	ascii	armonik	decode-read	default	20	1526527.8	1279215.3	1718366.4	0.288	1516790.5	1537792.5
codec-P	P2.2	P2.2	ascii	core-native	decode-read	drop	20	1394275.3	1156248.1	1509844.9	0.254	1367185.8	1419985.2
codec-P	P2.2	P2.2	ascii	core-ffi	decode-read	drop	20	1589104.6	1379401.7	1698519.7	0.201	1578867.0	1617759.4
codec-P	P2.2	P2.2	ascii	core-ffi-pull	decode-read	drop	20	1538433.4	1352427.4	1697287.8	0.224	1516972.5	1577335.3
codec-P	P2.2	P2.2	ascii	core-native	decode-read	retain	20	1363904.9	1207677.5	1431656.2	0.164	1343684.3	1374642.9
codec-P	P2.2	P2.2	ascii	core-ffi	decode-read	retain	20	1583681.6	1364615.5	1818911.7	0.287	1564312.6	1613870.8
codec-P	P2.2	P2.2	ascii	core-ffi-pull	decode-read	retain	20	1534412.8	1304692.1	1785432.0	0.313	1514576.5	1560833.1
codec-P	P2.1	P2.1	ascii	incumbent-prod	decode-read	default	20	2306.5	1909.8	2450.8	0.235	2109.2	2375.9
codec-P	P2.1	P2.1	ascii	armonik	decode-read	default	20	2140.7	1849.3	2343.2	0.231	2067.0	2219.6
codec-P	P2.1	P2.1	ascii	core-native	decode-read	drop	20	1722.0	1551.7	1993.9	0.257	1691.7	1847.1
codec-P	P2.1	P2.1	ascii	core-ffi	decode-read	drop	20	2203.5	1852.3	2403.7	0.250	2014.7	2252.6
codec-P	P2.1	P2.1	ascii	core-ffi-pull	decode-read	drop	20	2202.0	1830.9	2453.2	0.283	1994.3	2255.4
codec-P	P2.1	P2.1	ascii	core-native	decode-read	retain	20	1720.5	1542.5	2079.7	0.312	1664.7	1784.7
codec-P	P2.1	P2.1	ascii	core-ffi	decode-read	retain	20	2288.5	1877.9	2802.0	0.404	2049.7	2350.6
codec-P	P2.1	P2.1	ascii	core-ffi-pull	decode-read	retain	20	2277.2	1849.4	2534.5	0.301	1964.6	2367.0
codec-P	P2.3	P2.3	ascii	incumbent-prod	decode-read	default	20	1300092.9	1056875.9	1393269.1	0.259	1273329.2	1311165.8
codec-P	P2.3	P2.3	ascii	armonik	decode-read	default	20	1313188.9	1044462.6	1419354.6	0.285	1295553.0	1344910.6
codec-P	P2.3	P2.3	ascii	core-native	decode-read	drop	20	1185792.9	957754.5	1278060.2	0.270	1161624.2	1221452.2
codec-P	P2.3	P2.3	ascii	core-ffi	decode-read	drop	20	1037439.9	825036.2	1120590.1	0.285	1012278.8	1054143.8
codec-P	P2.3	P2.3	ascii	core-ffi-pull	decode-read	drop	20	999008.6	831532.8	1083518.8	0.252	977539.3	1018711.4
codec-P	P2.3	P2.3	ascii	core-native	decode-read	retain	20	1157409.8	957579.7	1274614.6	0.274	1147464.4	1196441.5
codec-P	P2.3	P2.3	ascii	core-ffi	decode-read	retain	20	1032688.2	822241.7	1108364.9	0.277	1024619.6	1053391.6
codec-P	P2.3	P2.3	ascii	core-ffi-pull	decode-read	retain	20	985449.5	815421.9	1075856.5	0.264	975732.2	1022050.7
codec-P	P2.5	P2.5	ascii	incumbent-prod	encode	default	20	26184.9	24002.8	27666.4	0.140	25963.4	26708.1
codec-P	P2.5	P2.5	ascii	armonik	encode	default	20	26473.7	23777.7	27449.8	0.139	25380.9	27021.7
codec-P	P2.5	P2.5	ascii	core-native	encode	drop	20	5636.5	5341.4	6044.7	0.125	5544.7	5791.1
codec-P	P2.5	P2.5	ascii	core-ffi	encode	drop	20	9412.1	8733.3	10558.5	0.194	9236.0	9563.9
codec-P	P2.5	P2.5	ascii	core-native	encode	retain	20	6331.1	5791.4	6984.5	0.188	6206.4	6378.7
codec-P	P2.5	P2.5	ascii	core-ffi	encode	retain	20	9536.0	8925.5	10133.9	0.127	9438.3	9727.5
codec-P	P1.2/wide	P1.2	wide	incumbent-prod	decode-read	default	20	742189.5	690649.0	796249.5	0.142	738297.5	746502.9
codec-P	P1.2/wide	P1.2	wide	armonik	decode-read	default	20	713940.8	697405.7	767659.3	0.098	711296.6	722234.3
codec-P	P1.2/wide	P1.2	wide	core-native	decode-read	drop	20	651844.0	625448.1	681839.3	0.087	647682.8	656152.4
codec-P	P1.2/wide	P1.2	wide	core-ffi	decode-read	drop	20	645162.7	617013.1	724650.9	0.167	639805.3	653296.7
codec-P	P1.2/wide	P1.2	wide	core-ffi-pull	decode-read	drop	20	659485.7	646394.4	704195.7	0.088	651943.7	667738.6
codec-P	P1.2/wide	P1.2	wide	core-native	decode-read	retain	20	640573.0	597285.0	656358.7	0.092	636876.0	643271.8
codec-P	P1.2/wide	P1.2	wide	core-ffi	decode-read	retain	20	642501.8	607278.5	677670.1	0.110	635783.1	645067.5
codec-P	P1.2/wide	P1.2	wide	core-ffi-pull	decode-read	retain	20	653411.9	621373.7	699640.3	0.120	649605.4	662512.2
codec-P	P7.1	P7.1	ascii	incumbent-prod	decode-read	default	20	324.5	278.7	346.0	0.208	298.2	338.3
codec-P	P7.1	P7.1	ascii	armonik	decode-read	default	20	319.6	277.0	344.2	0.210	298.3	339.0
codec-P	P7.1	P7.1	ascii	core-native	decode-read	drop	20	219.6	198.4	245.8	0.216	213.5	240.7
codec-P	P7.1	P7.1	ascii	core-ffi	decode-read	drop	20	295.3	261.3	327.2	0.223	283.6	318.0
codec-P	P7.1	P7.1	ascii	core-ffi-pull	decode-read	drop	20	314.0	280.0	344.6	0.206	305.2	341.8
codec-P	P7.1	P7.1	ascii	core-native	decode-read	retain	20	230.2	194.0	251.4	0.249	214.1	242.5
codec-P	P7.1	P7.1	ascii	core-ffi	decode-read	retain	20	318.7	273.3	341.1	0.213	295.7	336.0
codec-P	P7.1	P7.1	ascii	core-ffi-pull	decode-read	retain	20	344.7	297.6	372.1	0.216	319.0	357.4
codec-P	P2.2/latin1	P2.2	latin1	incumbent-prod	encode	default	20	966938.4	873638.0	1115221.5	0.250	942119.0	1002911.9
codec-P	P2.2/latin1	P2.2	latin1	armonik	encode	default	20	976224.5	878281.9	1208091.4	0.338	962135.5	996559.2
codec-P	P2.2/latin1	P2.2	latin1	core-native	encode	drop	20	262805.0	242623.5	292447.6	0.190	256821.3	270090.8
codec-P	P2.2/latin1	P2.2	latin1	core-ffi	encode	drop	20	364280.6	326989.9	438207.9	0.305	357883.7	377192.1
codec-P	P2.2/latin1	P2.2	latin1	core-native	encode	retain	20	272440.6	252031.9	306606.1	0.200	265805.7	281851.3
codec-P	P2.2/latin1	P2.2	latin1	core-ffi	encode	retain	20	373466.1	332217.7	467302.2	0.362	365166.4	377591.0
