U-deep-all	ListTasksDetailedResponse	vectors/U-deep-all.bin
U-deep-u-fixed32	ListTasksDetailedResponse	vectors/U-deep-u-fixed32.bin
U-deep-u-fixed64	ListTasksDetailedResponse	vectors/U-deep-u-fixed64.bin
U-deep-u-len	ListTasksDetailedResponse	vectors/U-deep-u-len.bin
U-deep-u-msg	ListTasksDetailedResponse	vectors/U-deep-u-msg.bin
U-deep-u-packed	ListTasksDetailedResponse	vectors/U-deep-u-packed.bin
U-deep-u-repeated	ListTasksDetailedResponse	vectors/U-deep-u-repeated.bin
U-deep-u-varint	ListTasksDetailedResponse	vectors/U-deep-u-varint.bin
U-element-all	ListTasksDetailedResponse	vectors/U-element-all.bin
U-element-u-fixed32	ListTasksDetailedResponse	vectors/U-element-u-fixed32.bin
U-element-u-fixed64	ListTasksDetailedResponse	vectors/U-element-u-fixed64.bin
U-element-u-len	ListTasksDetailedResponse	vectors/U-element-u-len.bin
U-element-u-msg	ListTasksDetailedResponse	vectors/U-element-u-msg.bin
U-element-u-packed	ListTasksDetailedResponse	vectors/U-element-u-packed.bin
U-element-u-repeated	ListTasksDetailedResponse	vectors/U-element-u-repeated.bin
U-element-u-varint	ListTasksDetailedResponse	vectors/U-element-u-varint.bin
U-enum-value-127	ListResultsResponse	vectors/U-enum-value-127.bin
U-enum-value-2147483647	ListResultsResponse	vectors/U-enum-value-2147483647.bin
U-enum-value-999	ListResultsResponse	vectors/U-enum-value-999.bin
U-enum-value-packed	ListMetricsResponse	vectors/U-enum-value-packed.bin
U-leaf-all	ListResultsResponse	vectors/U-leaf-all.bin
U-leaf-u-fixed32	ListResultsResponse	vectors/U-leaf-u-fixed32.bin
U-leaf-u-fixed64	ListResultsResponse	vectors/U-leaf-u-fixed64.bin
U-leaf-u-len	ListResultsResponse	vectors/U-leaf-u-len.bin
U-leaf-u-msg	ListResultsResponse	vectors/U-leaf-u-msg.bin
U-leaf-u-packed	ListResultsResponse	vectors/U-leaf-u-packed.bin
U-leaf-u-repeated	ListResultsResponse	vectors/U-leaf-u-repeated.bin
U-leaf-u-varint	ListResultsResponse	vectors/U-leaf-u-varint.bin
U-nested-all	ListResultsResponse	vectors/U-nested-all.bin
U-nested-before	ListResultsResponse	vectors/U-nested-before.bin
U-nested-group	ListResultsResponse	vectors/U-nested-group.bin
U-nested-interleaved	ListResultsResponse	vectors/U-nested-interleaved.bin
U-nested-u-fixed32	ListResultsResponse	vectors/U-nested-u-fixed32.bin
U-nested-u-fixed64	ListResultsResponse	vectors/U-nested-u-fixed64.bin
U-nested-u-len	ListResultsResponse	vectors/U-nested-u-len.bin
U-nested-u-msg	ListResultsResponse	vectors/U-nested-u-msg.bin
U-nested-u-packed	ListResultsResponse	vectors/U-nested-u-packed.bin
U-nested-u-repeated	ListResultsResponse	vectors/U-nested-u-repeated.bin
U-nested-u-varint	ListResultsResponse	vectors/U-nested-u-varint.bin
U-oneof-all	ListProbeResponse	vectors/U-oneof-all.bin
U-oneof-before	ListProbeResponse	vectors/U-oneof-before.bin
U-oneof-group	ListProbeResponse	vectors/U-oneof-group.bin
U-oneof-interleaved	ListProbeResponse	vectors/U-oneof-interleaved.bin
U-oneof-member-after-known	ListProbeResponse	vectors/U-oneof-member-after-known.bin
U-oneof-member-alone	ListProbeResponse	vectors/U-oneof-member-alone.bin
U-oneof-member-before-known	ListProbeResponse	vectors/U-oneof-member-before-known.bin
U-oneof-u-fixed32	ListProbeResponse	vectors/U-oneof-u-fixed32.bin
U-oneof-u-fixed64	ListProbeResponse	vectors/U-oneof-u-fixed64.bin
U-oneof-u-len	ListProbeResponse	vectors/U-oneof-u-len.bin
U-oneof-u-msg	ListProbeResponse	vectors/U-oneof-u-msg.bin
U-oneof-u-packed	ListProbeResponse	vectors/U-oneof-u-packed.bin
U-oneof-u-repeated	ListProbeResponse	vectors/U-oneof-u-repeated.bin
U-oneof-u-varint	ListProbeResponse	vectors/U-oneof-u-varint.bin
U-root-all	ListResultsResponse	vectors/U-root-all.bin
U-root-before	ListResultsResponse	vectors/U-root-before.bin
U-root-group	ListResultsResponse	vectors/U-root-group.bin
U-root-interleaved	ListResultsResponse	vectors/U-root-interleaved.bin
U-root-max-tag	ListResultsResponse	vectors/U-root-max-tag.bin
U-root-u-fixed32	ListResultsResponse	vectors/U-root-u-fixed32.bin
U-root-u-fixed64	ListResultsResponse	vectors/U-root-u-fixed64.bin
U-root-u-len	ListResultsResponse	vectors/U-root-u-len.bin
U-root-u-msg	ListResultsResponse	vectors/U-root-u-msg.bin
U-root-u-packed	ListResultsResponse	vectors/U-root-u-packed.bin
U-root-u-repeated	ListResultsResponse	vectors/U-root-u-repeated.bin
U-root-u-varint	ListResultsResponse	vectors/U-root-u-varint.bin
U-wire-DualResponse-left-as-wt0	DualResponse	vectors/U-wire-DualResponse-left-as-wt0.bin
U-wire-DualResponse-left-as-wt1	DualResponse	vectors/U-wire-DualResponse-left-as-wt1.bin
U-wire-DualResponse-left-as-wt5	DualResponse	vectors/U-wire-DualResponse-left-as-wt5.bin
U-wire-ListMetricsResponse-batches-as-wt0	ListMetricsResponse	vectors/U-wire-ListMetricsResponse-batches-as-wt0.bin
U-wire-ListMetricsResponse-batches-as-wt1	ListMetricsResponse	vectors/U-wire-ListMetricsResponse-batches-as-wt1.bin
U-wire-ListMetricsResponse-batches-as-wt5	ListMetricsResponse	vectors/U-wire-ListMetricsResponse-batches-as-wt5.bin
U-wire-ListProbeResponse-probes-as-wt0	ListProbeResponse	vectors/U-wire-ListProbeResponse-probes-as-wt0.bin
U-wire-ListProbeResponse-probes-as-wt1	ListProbeResponse	vectors/U-wire-ListProbeResponse-probes-as-wt1.bin
U-wire-ListProbeResponse-probes-as-wt5	ListProbeResponse	vectors/U-wire-ListProbeResponse-probes-as-wt5.bin
U-wire-ListResultsResponse-page-as-wt1	ListResultsResponse	vectors/U-wire-ListResultsResponse-page-as-wt1.bin
U-wire-ListResultsResponse-page-as-wt2	ListResultsResponse	vectors/U-wire-ListResultsResponse-page-as-wt2.bin
U-wire-ListResultsResponse-page-as-wt5	ListResultsResponse	vectors/U-wire-ListResultsResponse-page-as-wt5.bin
U-wire-ListResultsResponse-results-as-wt0	ListResultsResponse	vectors/U-wire-ListResultsResponse-results-as-wt0.bin
U-wire-ListResultsResponse-results-as-wt1	ListResultsResponse	vectors/U-wire-ListResultsResponse-results-as-wt1.bin
U-wire-ListResultsResponse-results-as-wt5	ListResultsResponse	vectors/U-wire-ListResultsResponse-results-as-wt5.bin
U-wire-ListTaskSummaryResponse-tasks-as-wt0	ListTaskSummaryResponse	vectors/U-wire-ListTaskSummaryResponse-tasks-as-wt0.bin
U-wire-ListTaskSummaryResponse-tasks-as-wt1	ListTaskSummaryResponse	vectors/U-wire-ListTaskSummaryResponse-tasks-as-wt1.bin
U-wire-ListTaskSummaryResponse-tasks-as-wt5	ListTaskSummaryResponse	vectors/U-wire-ListTaskSummaryResponse-tasks-as-wt5.bin
U-wire-ListTasksDetailedResponse-page-as-wt1	ListTasksDetailedResponse	vectors/U-wire-ListTasksDetailedResponse-page-as-wt1.bin
U-wire-ListTasksDetailedResponse-page-as-wt2	ListTasksDetailedResponse	vectors/U-wire-ListTasksDetailedResponse-page-as-wt2.bin
U-wire-ListTasksDetailedResponse-page-as-wt5	ListTasksDetailedResponse	vectors/U-wire-ListTasksDetailedResponse-page-as-wt5.bin
U-wire-ListTasksDetailedResponse-tasks-as-wt0	ListTasksDetailedResponse	vectors/U-wire-ListTasksDetailedResponse-tasks-as-wt0.bin
U-wire-ListTasksDetailedResponse-tasks-as-wt1	ListTasksDetailedResponse	vectors/U-wire-ListTasksDetailedResponse-tasks-as-wt1.bin
U-wire-ListTasksDetailedResponse-tasks-as-wt5	ListTasksDetailedResponse	vectors/U-wire-ListTasksDetailedResponse-tasks-as-wt5.bin
U-wire-UploadResultDataMessage-upload-as-wt0	UploadResultDataMessage	vectors/U-wire-UploadResultDataMessage-upload-as-wt0.bin
U-wire-UploadResultDataMessage-upload-as-wt1	UploadResultDataMessage	vectors/U-wire-UploadResultDataMessage-upload-as-wt1.bin
U-wire-UploadResultDataMessage-upload-as-wt5	UploadResultDataMessage	vectors/U-wire-UploadResultDataMessage-upload-as-wt5.bin
