# CONTAINER INSTRUMENTATION (gen/opt_bench.sh); ns per call = client process CPU (or wall) per round / calls in the round
file	transport	cell	dir	inflight	rounds	cpu_median_ns	cpu_min_ns	cpu_max_ns	wall_median_ns	wall_min_ns	wall_max_ns
rpc-pinned-nounk	pinned	A	a	1	12	2389291.7	2142916.7	2508083.3	2712305.5	2606408.5	2972267.0
rpc-pinned-nounk	pinned	B	a	1	12	2048000.0	1744708.3	2157083.3	2296351.6	2038125.6	2485387.3
rpc-pinned-nounk	pinned	C-nounk	a	1	12	2173270.8	1885958.3	2257375.0	2465239.6	2161128.8	2740238.0
rpc-pinned-nounk	pinned	D-nounk	a	1	12	2169250.0	1938833.3	2280375.0	2553801.4	2222131.8	2905078.4
rpc-pinned-nounk	pinned	A	a	8	12	2961666.7	2433375.0	3331000.0	3002717.0	2460823.2	3663455.8
rpc-pinned-nounk	pinned	B	a	8	12	2812770.8	2332833.3	2999041.7	2857036.8	2345929.0	3170795.6
rpc-pinned-nounk	pinned	C-nounk	a	8	12	3215229.2	2583958.3	3371833.3	3295521.6	2633527.6	4175313.8
rpc-pinned-nounk	pinned	D-nounk	a	8	12	3210708.3	2504166.7	3378708.3	3465662.4	2512803.1	3666189.1
rpc-pinned-nounk	pinned	A	a	16	12	3219890.6	2631875.0	3429281.2	3316449.3	2672528.1	3923772.3
rpc-pinned-nounk	pinned	B	a	16	12	2913578.1	2449531.2	3379343.8	3002242.7	2632636.7	4213136.4
rpc-pinned-nounk	pinned	C-nounk	a	16	12	3411671.9	2953531.2	3853875.0	3619086.4	2964892.5	5552951.8
rpc-pinned-nounk	pinned	D-nounk	a	16	12	3332828.1	2728250.0	3515437.5	3488859.2	2747620.0	3874807.3
rpc-pinned-nounk	pinned	A	b	1	12	1861312.5	1806625.0	2006500.0	4422390.2	4081470.2	5153649.0
rpc-pinned-nounk	pinned	B	b	1	12	1240812.5	1172541.7	1271500.0	3727155.2	3569464.3	4540534.7
rpc-pinned-nounk	pinned	C-nounk	b	1	12	1079875.0	970208.3	1216583.3	3537667.9	3295783.2	4400779.0
rpc-pinned-nounk	pinned	D-nounk	b	1	12	1148083.3	1042666.7	1309333.3	3754862.6	3460279.2	4116113.0
rpc-pinned-nounk	pinned	A	b	8	12	1825250.0	1730541.7	2477166.7	2222100.8	2062534.0	3009658.4
rpc-pinned-nounk	pinned	B	b	8	12	1307020.8	1168958.3	1391708.3	2013504.0	1819837.3	2172558.3
rpc-pinned-nounk	pinned	C-nounk	b	8	12	1103270.8	993750.0	1335541.7	1975408.3	1599876.7	4756970.3
rpc-pinned-nounk	pinned	D-nounk	b	8	12	1180479.2	1008250.0	1374500.0	2044772.1	1547151.4	2324440.8
rpc-pinned-nounk	pinned	A	b	16	12	2110484.4	1909031.2	2464718.8	2348618.6	2108984.2	2623719.7
rpc-pinned-nounk	pinned	B	b	16	12	1351359.4	1214437.5	1699375.0	2126618.2	1906773.2	2519345.8
rpc-pinned-nounk	pinned	C-nounk	b	16	12	1259437.5	1039500.0	1448000.0	2033759.5	1763312.0	2595811.5
rpc-pinned-nounk	pinned	D-nounk	b	16	12	1227000.0	1110468.8	1424218.8	2002798.8	1900693.8	2513421.9
rpc-pinned	pinned	A	a	1	12	2401791.7	2281833.3	2480541.7	2733485.4	2506701.8	3101847.2
rpc-pinned	pinned	B	a	1	12	2015270.8	1805958.3	2890041.7	2262142.6	2009638.5	3374653.8
rpc-pinned	pinned	C-retain	a	1	12	2166854.2	2032958.3	2329333.3	2460954.4	2248284.0	3305645.4
rpc-pinned	pinned	C-drop	a	1	12	2194479.2	2007791.7	3040333.3	2454609.7	2209699.2	3333088.9
rpc-pinned	pinned	D-retain	a	1	12	2142208.3	1814000.0	2314500.0	2439902.8	2047254.6	2725342.1
rpc-pinned	pinned	D-drop	a	1	12	2150291.7	1816166.7	2890375.0	2487746.4	2049850.8	3246495.2
rpc-pinned	pinned	A	a	8	12	2817166.7	2414458.3	2939083.3	2925758.9	2459932.5	3256453.2
rpc-pinned	pinned	B	a	8	12	2749729.2	2222750.0	3080125.0	2840480.9	2297006.6	3288497.3
rpc-pinned	pinned	C-retain	a	8	12	2740833.3	2526500.0	2926708.3	2806190.9	2637000.1	3329143.6
rpc-pinned	pinned	C-drop	a	8	12	2950333.3	2619416.7	3291541.7	3047948.4	2636771.0	4222717.0
rpc-pinned	pinned	D-retain	a	8	12	2677187.5	2298208.3	2906125.0	2773711.3	2402888.0	3465199.0
rpc-pinned	pinned	D-drop	a	8	12	2935270.8	2408458.3	3226958.3	3115426.1	2415683.1	3411978.9
rpc-pinned	pinned	A	a	16	12	3120593.8	2648625.0	3284625.0	3180330.9	2693911.2	3555878.3
rpc-pinned	pinned	B	a	16	12	2845968.8	2658812.5	3102750.0	2961460.9	2720458.1	3315809.2
rpc-pinned	pinned	C-retain	a	16	12	3047890.6	2706093.8	3286531.2	3176220.6	2797969.3	3960196.7
rpc-pinned	pinned	C-drop	a	16	12	3276890.6	2761093.8	3423437.5	3361562.4	2881384.7	3745115.2
rpc-pinned	pinned	D-retain	a	16	12	3077187.5	2805531.2	3226187.5	3186070.5	2850308.8	3647477.8
rpc-pinned	pinned	D-drop	a	16	12	3281265.6	2750031.2	3457031.2	3332404.6	2875664.8	3945775.2
rpc-pinned	pinned	A	b	1	12	1954041.7	1878708.3	2086291.7	4333964.0	3806131.3	4448572.8
rpc-pinned	pinned	B	b	1	12	1291416.7	1196541.7	1545500.0	3630296.4	3184130.8	4053657.6
rpc-pinned	pinned	C-retain	b	1	12	1106520.8	1017125.0	1353458.3	3326489.3	2881743.2	3821472.2
rpc-pinned	pinned	C-drop	b	1	12	1115250.0	1053291.7	1663666.7	3425852.5	2909215.5	4672234.6
rpc-pinned	pinned	D-retain	b	1	12	1161895.8	1088458.3	1275291.7	3463588.9	2943129.4	4096970.8
rpc-pinned	pinned	D-drop	b	1	12	1162687.5	1102083.3	2051416.7	3395634.3	2952773.2	4691937.6
rpc-pinned	pinned	A	b	8	12	2053229.2	1815708.3	2341958.3	2299336.6	1981582.2	2647407.8
rpc-pinned	pinned	B	b	8	12	1276583.3	1212291.7	1393375.0	2022751.0	1734829.3	2497417.6
rpc-pinned	pinned	C-retain	b	8	12	1062416.7	1004458.3	1355875.0	1910298.6	1756490.2	2138737.2
rpc-pinned	pinned	C-drop	b	8	12	1085812.5	996416.7	1428875.0	1902668.5	1615044.6	2322882.5
rpc-pinned	pinned	D-retain	b	8	12	1173125.0	1078416.7	1374708.3	1972057.6	1801841.2	2206862.6
rpc-pinned	pinned	D-drop	b	8	12	1071041.7	1027750.0	1335583.3	1847441.0	1620776.9	2144118.2
rpc-pinned	pinned	A	b	16	12	2157843.8	1923875.0	2376781.2	2328786.8	2067593.8	2576315.7
rpc-pinned	pinned	B	b	16	12	1305531.2	1158218.8	1414625.0	2032353.3	1774173.0	2793422.0
rpc-pinned	pinned	C-retain	b	16	12	1160234.4	1034406.2	1357312.5	1930471.0	1620484.3	2222397.2
rpc-pinned	pinned	C-drop	b	16	12	1309968.8	1199281.2	1499937.5	1984896.1	1746674.6	2332611.2
rpc-pinned	pinned	D-retain	b	16	12	1243031.2	1095500.0	1541843.8	1927696.1	1819650.5	2416222.9
rpc-pinned	pinned	D-drop	b	16	12	1216593.8	1125781.2	1624406.2	1901267.8	1673618.9	2314244.6
rpc-shipped-nounk	shipped	A	a	1	12	2392916.7	2054041.7	2470625.0	2711647.3	2364709.8	2968265.6
rpc-shipped-nounk	shipped	B	a	1	12	2016958.3	1675791.7	2101166.7	2261114.6	1902490.1	2487222.1
rpc-shipped-nounk	shipped	C-nounk	a	1	12	2144583.3	1785750.0	2310833.3	2504399.8	2021420.7	2711284.1
rpc-shipped-nounk	shipped	D-nounk	a	1	12	2206041.7	1870250.0	2282833.3	2665362.3	2124942.5	3168801.8
rpc-shipped-nounk	shipped	A	a	8	12	2873354.2	2441750.0	3137958.3	3031891.6	2449892.9	3297243.5
rpc-shipped-nounk	shipped	B	a	8	12	2828916.7	2327000.0	2937791.7	3039910.6	2379466.8	3631274.2
rpc-shipped-nounk	shipped	C-nounk	a	8	12	2991229.2	2604083.3	3347458.3	3154786.1	2633290.9	3860667.3
rpc-shipped-nounk	shipped	D-nounk	a	8	12	2955979.2	2696250.0	3441333.3	3041724.6	2745947.6	3589772.6
rpc-shipped-nounk	shipped	A	a	16	12	3088140.6	2874562.5	3266468.8	3187891.7	2923910.1	3845396.7
rpc-shipped-nounk	shipped	B	a	16	12	2939437.5	2760125.0	3247250.0	3022243.4	2815138.3	3623724.7
rpc-shipped-nounk	shipped	C-nounk	a	16	12	3326421.9	2924625.0	3509406.2	3534374.3	2958473.8	4152995.3
rpc-shipped-nounk	shipped	D-nounk	a	16	12	3347156.2	3088218.8	3505312.5	3566588.9	3207803.5	3916246.9
rpc-shipped-nounk	shipped	A	b	1	12	1792791.7	1648875.0	2003000.0	3917398.8	3273408.2	4681794.2
rpc-shipped-nounk	shipped	B	b	1	12	1276687.5	1151166.7	1388291.7	3165749.3	3039435.2	3505798.5
rpc-shipped-nounk	shipped	C-nounk	b	1	12	1090583.3	971041.7	1131916.7	3044598.4	2605715.5	3367659.0
rpc-shipped-nounk	shipped	D-nounk	b	1	12	1134458.3	1044750.0	1221666.7	3126730.8	2936293.7	3635319.3
rpc-shipped-nounk	shipped	A	b	8	12	1941708.3	1739666.7	2267083.3	2640988.0	2125456.1	3192584.1
rpc-shipped-nounk	shipped	B	b	8	12	1324666.7	1165875.0	1815708.3	2290335.6	1940337.6	3039067.6
rpc-shipped-nounk	shipped	C-nounk	b	8	12	1203250.0	1074583.3	1953416.7	2295670.8	1915969.0	3506049.0
rpc-shipped-nounk	shipped	D-nounk	b	8	12	1224562.5	1131250.0	1487750.0	2235247.6	2096506.4	2825498.1
rpc-shipped-nounk	shipped	A	b	16	12	1983953.1	1809125.0	2456781.2	2368149.3	2086229.6	3187146.5
rpc-shipped-nounk	shipped	B	b	16	12	1389671.9	1309468.8	1525093.8	2328537.3	2055136.9	2605182.5
rpc-shipped-nounk	shipped	C-nounk	b	16	12	1280703.1	1208562.5	1550187.5	2408324.8	2189196.1	2967538.3
rpc-shipped-nounk	shipped	D-nounk	b	16	12	1327250.0	1246281.2	1476687.5	2349494.9	2222668.5	2988446.8
rpc-shipped	shipped	A	a	1	12	2437083.3	2140291.7	2561541.7	2799454.5	2401626.1	3677224.0
rpc-shipped	shipped	B	a	1	12	2076458.3	1731583.3	2683875.0	2408454.6	1960476.7	3065686.0
rpc-shipped	shipped	C-retain	a	1	12	2198333.3	1907791.7	2419750.0	2596788.4	2121521.1	3212209.3
rpc-shipped	shipped	C-drop	a	1	12	2187062.5	2064375.0	2909625.0	2505417.7	2384063.9	3386959.7
rpc-shipped	shipped	D-retain	a	1	12	2258479.2	2063875.0	2341458.3	2598572.7	2346886.6	2735091.3
rpc-shipped	shipped	D-drop	a	1	12	2248604.2	1961583.3	2960791.7	2598381.4	2265863.0	3373095.6
rpc-shipped	shipped	A	a	8	12	2757270.8	2387500.0	2871875.0	2853700.4	2425711.9	3076903.2
rpc-shipped	shipped	B	a	8	12	2692395.8	2215625.0	3133958.3	2758487.2	2258502.4	5562568.7
rpc-shipped	shipped	C-retain	a	8	12	2576166.7	2254500.0	2916875.0	2691016.8	2309027.5	3164637.8
rpc-shipped	shipped	C-drop	a	8	12	2798395.8	2316041.7	3371166.7	2853408.3	2373785.8	3812011.2
rpc-shipped	shipped	D-retain	a	8	12	2579145.8	2151958.3	2911625.0	2691786.5	2193830.1	2963809.8
rpc-shipped	shipped	D-drop	a	8	12	2763645.8	2414583.3	2993833.3	2847241.0	2488085.0	3167229.0
rpc-shipped	shipped	A	a	16	12	3054484.4	2680093.8	3323656.2	3112805.5	2859327.3	3427818.2
rpc-shipped	shipped	B	a	16	12	2903265.6	2687500.0	3028625.0	2980730.7	2808478.8	3671122.2
rpc-shipped	shipped	C-retain	a	16	12	3061000.0	2977125.0	3351437.5	3148880.8	3041547.2	5416497.0
rpc-shipped	shipped	C-drop	a	16	12	3200546.9	3058875.0	3517250.0	3416267.8	3140916.8	4098872.5
rpc-shipped	shipped	D-retain	a	16	12	3047578.1	2746093.8	3259437.5	3169508.8	2924535.4	3371720.7
rpc-shipped	shipped	D-drop	a	16	12	3210203.1	2762781.2	3436562.5	3300932.8	2911296.5	3594645.6
rpc-shipped	shipped	A	b	1	12	1961812.5	1883750.0	2125375.0	4035011.5	3773956.9	4573432.1
rpc-shipped	shipped	B	b	1	12	1289000.0	1168125.0	1316541.7	3259342.9	3035885.9	3564188.2
rpc-shipped	shipped	C-retain	b	1	12	1069187.5	1028708.3	1117916.7	3035607.5	2934704.7	3379675.1
rpc-shipped	shipped	C-drop	b	1	12	1106833.3	1044000.0	1187666.7	3109783.7	2918220.7	3881396.2
rpc-shipped	shipped	D-retain	b	1	12	1153041.7	1064791.7	1203375.0	3122446.2	2935048.5	3681440.5
rpc-shipped	shipped	D-drop	b	1	12	1127166.7	1089291.7	1315958.3	3156848.5	2850366.9	3773285.0
rpc-shipped	shipped	A	b	8	12	2284437.5	1860333.3	2583166.7	2599099.7	2315475.3	3041659.9
rpc-shipped	shipped	B	b	8	12	1382041.7	1295166.7	1524541.7	2390460.7	2204199.4	3578040.9
rpc-shipped	shipped	C-retain	b	8	12	1214437.5	1112708.3	1331000.0	2252483.1	2020975.0	2426086.3
rpc-shipped	shipped	C-drop	b	8	12	1237041.7	1134333.3	1360416.7	2387649.0	2178327.0	2602076.7
rpc-shipped	shipped	D-retain	b	8	12	1248583.3	1118416.7	1462416.7	2309176.6	2052315.2	2658764.8
rpc-shipped	shipped	D-drop	b	8	12	1232270.8	1074750.0	1493541.7	2204557.9	1921542.4	2554958.8
rpc-shipped	shipped	A	b	16	12	2272640.6	2125500.0	2672218.8	2645973.2	2314880.5	3704204.5
rpc-shipped	shipped	B	b	16	12	1442812.5	1305187.5	1546093.8	2569639.8	2291503.6	2784737.5
rpc-shipped	shipped	C-retain	b	16	12	1277578.1	1151593.8	1474125.0	2492177.2	2083472.6	3253488.1
rpc-shipped	shipped	C-drop	b	16	12	1406203.1	1245937.5	1471187.5	2507927.9	2230210.3	2843386.6
rpc-shipped	shipped	D-retain	b	16	12	1411640.6	1246843.8	1743781.2	2662082.1	2311389.4	3726611.1
rpc-shipped	shipped	D-drop	b	16	12	1304187.5	1256250.0	1391750.0	2496693.7	2181845.1	3232803.2
