call	root	opts	round	cpu_ns_per_call	calls
ak_enc_reset	-	-	1	5.36	2000000
ak_enc_reset	-	-	2	5.36	2000000
ak_enc_reset	-	-	3	5.44	2000000
ak_enc_reset	-	-	4	5.33	2000000
ak_enc_reset	-	-	5	5.44	2000000
ak_enc_reset	-	-	6	5.42	2000000
ak_enc_reset	-	-	7	5.50	2000000
ak_enc_reset	-	-	8	5.56	2000000
ak_enc_reset	-	-	9	5.45	2000000
ak_enc_reset	-	-	10	5.52	2000000
ak_enc_reset	-	-	11	5.41	2000000
ak_enc_reset	-	-	12	5.43	2000000
ak_enc_reset	-	-	13	5.37	2000000
ak_enc_reset	-	-	14	5.49	2000000
ak_enc_reset	-	-	15	5.51	2000000
ak_enc_reset	-	-	16	5.77	2000000
ak_enc_reset	-	-	17	5.49	2000000
ak_enc_reset	-	-	18	5.50	2000000
ak_enc_reset	-	-	19	5.58	2000000
ak_enc_reset	-	-	20	5.41	2000000
ak_enc_reset	-	-	21	5.37	2000000
ak_dec_reset_ListResultsResponse	ListResultsResponse	NULL	1	3.33	500000
ak_dec_reset_ListResultsResponse	ListResultsResponse	NULL	2	3.27	500000
ak_dec_reset_ListResultsResponse	ListResultsResponse	NULL	3	3.29	500000
ak_dec_reset_ListResultsResponse	ListResultsResponse	NULL	4	3.81	500000
ak_dec_reset_ListResultsResponse	ListResultsResponse	NULL	5	3.40	500000
ak_dec_reset_ListResultsResponse	ListResultsResponse	NULL	6	3.33	500000
ak_dec_reset_ListResultsResponse	ListResultsResponse	NULL	7	3.24	500000
ak_dec_reset_ListResultsResponse	ListResultsResponse	NULL	8	3.29	500000
ak_dec_reset_ListResultsResponse	ListResultsResponse	NULL	9	3.32	500000
ak_dec_reset_ListResultsResponse	ListResultsResponse	NULL	10	3.32	500000
ak_dec_reset_ListResultsResponse	ListResultsResponse	NULL	11	3.30	500000
ak_dec_reset_ListResultsResponse	ListResultsResponse	NULL	12	3.24	500000
ak_dec_reset_ListResultsResponse	ListResultsResponse	NULL	13	3.21	500000
ak_dec_reset_ListResultsResponse	ListResultsResponse	NULL	14	3.35	500000
ak_dec_reset_ListResultsResponse	ListResultsResponse	NULL	15	3.27	500000
ak_dec_reset_ListResultsResponse	ListResultsResponse	NULL	16	3.71	500000
ak_dec_reset_ListResultsResponse	ListResultsResponse	NULL	17	3.27	500000
ak_dec_reset_ListResultsResponse	ListResultsResponse	NULL	18	3.46	500000
ak_dec_reset_ListResultsResponse	ListResultsResponse	NULL	19	3.30	500000
ak_dec_reset_ListResultsResponse	ListResultsResponse	NULL	20	3.20	500000
ak_dec_reset_ListResultsResponse	ListResultsResponse	NULL	21	3.47	500000
ak_dec_reset_ListResultsResponse	ListResultsResponse	retain	1	7.43	500000
ak_dec_reset_ListResultsResponse	ListResultsResponse	retain	2	7.20	500000
ak_dec_reset_ListResultsResponse	ListResultsResponse	retain	3	7.61	500000
ak_dec_reset_ListResultsResponse	ListResultsResponse	retain	4	7.47	500000
ak_dec_reset_ListResultsResponse	ListResultsResponse	retain	5	7.24	500000
ak_dec_reset_ListResultsResponse	ListResultsResponse	retain	6	7.80	500000
ak_dec_reset_ListResultsResponse	ListResultsResponse	retain	7	7.41	500000
ak_dec_reset_ListResultsResponse	ListResultsResponse	retain	8	7.45	500000
ak_dec_reset_ListResultsResponse	ListResultsResponse	retain	9	7.44	500000
ak_dec_reset_ListResultsResponse	ListResultsResponse	retain	10	7.48	500000
ak_dec_reset_ListResultsResponse	ListResultsResponse	retain	11	7.51	500000
ak_dec_reset_ListResultsResponse	ListResultsResponse	retain	12	7.50	500000
ak_dec_reset_ListResultsResponse	ListResultsResponse	retain	13	7.59	500000
ak_dec_reset_ListResultsResponse	ListResultsResponse	retain	14	7.53	500000
ak_dec_reset_ListResultsResponse	ListResultsResponse	retain	15	7.43	500000
ak_dec_reset_ListResultsResponse	ListResultsResponse	retain	16	7.56	500000
ak_dec_reset_ListResultsResponse	ListResultsResponse	retain	17	7.69	500000
ak_dec_reset_ListResultsResponse	ListResultsResponse	retain	18	7.47	500000
ak_dec_reset_ListResultsResponse	ListResultsResponse	retain	19	7.46	500000
ak_dec_reset_ListResultsResponse	ListResultsResponse	retain	20	7.51	500000
ak_dec_reset_ListResultsResponse	ListResultsResponse	retain	21	7.57	500000
ak_dec_reset_ListTasksDetailedResponse	ListTasksDetailedResponse	NULL	1	4.05	500000
ak_dec_reset_ListTasksDetailedResponse	ListTasksDetailedResponse	NULL	2	4.14	500000
ak_dec_reset_ListTasksDetailedResponse	ListTasksDetailedResponse	NULL	3	4.39	500000
ak_dec_reset_ListTasksDetailedResponse	ListTasksDetailedResponse	NULL	4	4.01	500000
ak_dec_reset_ListTasksDetailedResponse	ListTasksDetailedResponse	NULL	5	4.15	500000
ak_dec_reset_ListTasksDetailedResponse	ListTasksDetailedResponse	NULL	6	4.06	500000
ak_dec_reset_ListTasksDetailedResponse	ListTasksDetailedResponse	NULL	7	4.18	500000
ak_dec_reset_ListTasksDetailedResponse	ListTasksDetailedResponse	NULL	8	3.96	500000
ak_dec_reset_ListTasksDetailedResponse	ListTasksDetailedResponse	NULL	9	3.89	500000
ak_dec_reset_ListTasksDetailedResponse	ListTasksDetailedResponse	NULL	10	4.07	500000
ak_dec_reset_ListTasksDetailedResponse	ListTasksDetailedResponse	NULL	11	4.18	500000
ak_dec_reset_ListTasksDetailedResponse	ListTasksDetailedResponse	NULL	12	4.20	500000
ak_dec_reset_ListTasksDetailedResponse	ListTasksDetailedResponse	NULL	13	4.07	500000
ak_dec_reset_ListTasksDetailedResponse	ListTasksDetailedResponse	NULL	14	3.98	500000
ak_dec_reset_ListTasksDetailedResponse	ListTasksDetailedResponse	NULL	15	3.95	500000
ak_dec_reset_ListTasksDetailedResponse	ListTasksDetailedResponse	NULL	16	4.14	500000
ak_dec_reset_ListTasksDetailedResponse	ListTasksDetailedResponse	NULL	17	4.14	500000
ak_dec_reset_ListTasksDetailedResponse	ListTasksDetailedResponse	NULL	18	4.11	500000
ak_dec_reset_ListTasksDetailedResponse	ListTasksDetailedResponse	NULL	19	4.15	500000
ak_dec_reset_ListTasksDetailedResponse	ListTasksDetailedResponse	NULL	20	4.30	500000
ak_dec_reset_ListTasksDetailedResponse	ListTasksDetailedResponse	NULL	21	4.15	500000
ak_dec_reset_ListTasksDetailedResponse	ListTasksDetailedResponse	retain	1	31.90	500000
ak_dec_reset_ListTasksDetailedResponse	ListTasksDetailedResponse	retain	2	32.29	500000
ak_dec_reset_ListTasksDetailedResponse	ListTasksDetailedResponse	retain	3	32.44	500000
ak_dec_reset_ListTasksDetailedResponse	ListTasksDetailedResponse	retain	4	32.59	500000
ak_dec_reset_ListTasksDetailedResponse	ListTasksDetailedResponse	retain	5	37.02	500000
ak_dec_reset_ListTasksDetailedResponse	ListTasksDetailedResponse	retain	6	38.63	500000
ak_dec_reset_ListTasksDetailedResponse	ListTasksDetailedResponse	retain	7	31.36	500000
ak_dec_reset_ListTasksDetailedResponse	ListTasksDetailedResponse	retain	8	31.96	500000
ak_dec_reset_ListTasksDetailedResponse	ListTasksDetailedResponse	retain	9	32.28	500000
ak_dec_reset_ListTasksDetailedResponse	ListTasksDetailedResponse	retain	10	32.15	500000
ak_dec_reset_ListTasksDetailedResponse	ListTasksDetailedResponse	retain	11	31.86	500000
ak_dec_reset_ListTasksDetailedResponse	ListTasksDetailedResponse	retain	12	31.97	500000
ak_dec_reset_ListTasksDetailedResponse	ListTasksDetailedResponse	retain	13	32.93	500000
ak_dec_reset_ListTasksDetailedResponse	ListTasksDetailedResponse	retain	14	34.21	500000
ak_dec_reset_ListTasksDetailedResponse	ListTasksDetailedResponse	retain	15	32.01	500000
ak_dec_reset_ListTasksDetailedResponse	ListTasksDetailedResponse	retain	16	32.81	500000
ak_dec_reset_ListTasksDetailedResponse	ListTasksDetailedResponse	retain	17	31.85	500000
ak_dec_reset_ListTasksDetailedResponse	ListTasksDetailedResponse	retain	18	31.54	500000
ak_dec_reset_ListTasksDetailedResponse	ListTasksDetailedResponse	retain	19	32.12	500000
ak_dec_reset_ListTasksDetailedResponse	ListTasksDetailedResponse	retain	20	32.16	500000
ak_dec_reset_ListTasksDetailedResponse	ListTasksDetailedResponse	retain	21	32.05	500000
ak_dec_reset_ListProbeResponse	ListProbeResponse	NULL	1	3.63	500000
ak_dec_reset_ListProbeResponse	ListProbeResponse	NULL	2	4.75	500000
ak_dec_reset_ListProbeResponse	ListProbeResponse	NULL	3	3.75	500000
ak_dec_reset_ListProbeResponse	ListProbeResponse	NULL	4	3.79	500000
ak_dec_reset_ListProbeResponse	ListProbeResponse	NULL	5	5.56	500000
ak_dec_reset_ListProbeResponse	ListProbeResponse	NULL	6	4.94	500000
ak_dec_reset_ListProbeResponse	ListProbeResponse	NULL	7	3.39	500000
ak_dec_reset_ListProbeResponse	ListProbeResponse	NULL	8	3.50	500000
ak_dec_reset_ListProbeResponse	ListProbeResponse	NULL	9	3.37	500000
ak_dec_reset_ListProbeResponse	ListProbeResponse	NULL	10	3.31	500000
ak_dec_reset_ListProbeResponse	ListProbeResponse	NULL	11	3.29	500000
ak_dec_reset_ListProbeResponse	ListProbeResponse	NULL	12	3.39	500000
ak_dec_reset_ListProbeResponse	ListProbeResponse	NULL	13	3.42	500000
ak_dec_reset_ListProbeResponse	ListProbeResponse	NULL	14	3.28	500000
ak_dec_reset_ListProbeResponse	ListProbeResponse	NULL	15	3.32	500000
ak_dec_reset_ListProbeResponse	ListProbeResponse	NULL	16	3.39	500000
ak_dec_reset_ListProbeResponse	ListProbeResponse	NULL	17	3.59	500000
ak_dec_reset_ListProbeResponse	ListProbeResponse	NULL	18	3.91	500000
ak_dec_reset_ListProbeResponse	ListProbeResponse	NULL	19	3.93	500000
ak_dec_reset_ListProbeResponse	ListProbeResponse	NULL	20	3.86	500000
ak_dec_reset_ListProbeResponse	ListProbeResponse	NULL	21	3.65	500000
ak_dec_reset_ListProbeResponse	ListProbeResponse	retain	1	6.84	500000
ak_dec_reset_ListProbeResponse	ListProbeResponse	retain	2	6.58	500000
ak_dec_reset_ListProbeResponse	ListProbeResponse	retain	3	6.55	500000
ak_dec_reset_ListProbeResponse	ListProbeResponse	retain	4	6.86	500000
ak_dec_reset_ListProbeResponse	ListProbeResponse	retain	5	6.62	500000
ak_dec_reset_ListProbeResponse	ListProbeResponse	retain	6	6.30	500000
ak_dec_reset_ListProbeResponse	ListProbeResponse	retain	7	6.37	500000
ak_dec_reset_ListProbeResponse	ListProbeResponse	retain	8	6.63	500000
ak_dec_reset_ListProbeResponse	ListProbeResponse	retain	9	6.64	500000
ak_dec_reset_ListProbeResponse	ListProbeResponse	retain	10	6.55	500000
ak_dec_reset_ListProbeResponse	ListProbeResponse	retain	11	10.46	500000
ak_dec_reset_ListProbeResponse	ListProbeResponse	retain	12	7.26	500000
ak_dec_reset_ListProbeResponse	ListProbeResponse	retain	13	7.62	500000
ak_dec_reset_ListProbeResponse	ListProbeResponse	retain	14	7.39	500000
ak_dec_reset_ListProbeResponse	ListProbeResponse	retain	15	7.42	500000
ak_dec_reset_ListProbeResponse	ListProbeResponse	retain	16	7.77	500000
ak_dec_reset_ListProbeResponse	ListProbeResponse	retain	17	6.91	500000
ak_dec_reset_ListProbeResponse	ListProbeResponse	retain	18	7.21	500000
ak_dec_reset_ListProbeResponse	ListProbeResponse	retain	19	7.18	500000
ak_dec_reset_ListProbeResponse	ListProbeResponse	retain	20	7.15	500000
ak_dec_reset_ListProbeResponse	ListProbeResponse	retain	21	6.87	500000
ak_dec_reset_ListTaskSummaryResponse	ListTaskSummaryResponse	NULL	1	4.21	500000
ak_dec_reset_ListTaskSummaryResponse	ListTaskSummaryResponse	NULL	2	4.46	500000
ak_dec_reset_ListTaskSummaryResponse	ListTaskSummaryResponse	NULL	3	4.59	500000
ak_dec_reset_ListTaskSummaryResponse	ListTaskSummaryResponse	NULL	4	4.67	500000
ak_dec_reset_ListTaskSummaryResponse	ListTaskSummaryResponse	NULL	5	4.43	500000
ak_dec_reset_ListTaskSummaryResponse	ListTaskSummaryResponse	NULL	6	4.63	500000
ak_dec_reset_ListTaskSummaryResponse	ListTaskSummaryResponse	NULL	7	4.50	500000
ak_dec_reset_ListTaskSummaryResponse	ListTaskSummaryResponse	NULL	8	4.50	500000
ak_dec_reset_ListTaskSummaryResponse	ListTaskSummaryResponse	NULL	9	4.27	500000
ak_dec_reset_ListTaskSummaryResponse	ListTaskSummaryResponse	NULL	10	4.30	500000
ak_dec_reset_ListTaskSummaryResponse	ListTaskSummaryResponse	NULL	11	4.19	500000
ak_dec_reset_ListTaskSummaryResponse	ListTaskSummaryResponse	NULL	12	4.32	500000
ak_dec_reset_ListTaskSummaryResponse	ListTaskSummaryResponse	NULL	13	4.37	500000
ak_dec_reset_ListTaskSummaryResponse	ListTaskSummaryResponse	NULL	14	4.42	500000
ak_dec_reset_ListTaskSummaryResponse	ListTaskSummaryResponse	NULL	15	4.44	500000
ak_dec_reset_ListTaskSummaryResponse	ListTaskSummaryResponse	NULL	16	5.16	500000
ak_dec_reset_ListTaskSummaryResponse	ListTaskSummaryResponse	NULL	17	4.96	500000
ak_dec_reset_ListTaskSummaryResponse	ListTaskSummaryResponse	NULL	18	4.33	500000
ak_dec_reset_ListTaskSummaryResponse	ListTaskSummaryResponse	NULL	19	4.35	500000
ak_dec_reset_ListTaskSummaryResponse	ListTaskSummaryResponse	NULL	20	4.51	500000
ak_dec_reset_ListTaskSummaryResponse	ListTaskSummaryResponse	NULL	21	4.25	500000
ak_dec_reset_ListTaskSummaryResponse	ListTaskSummaryResponse	retain	1	12.50	500000
ak_dec_reset_ListTaskSummaryResponse	ListTaskSummaryResponse	retain	2	11.62	500000
ak_dec_reset_ListTaskSummaryResponse	ListTaskSummaryResponse	retain	3	11.41	500000
ak_dec_reset_ListTaskSummaryResponse	ListTaskSummaryResponse	retain	4	11.48	500000
ak_dec_reset_ListTaskSummaryResponse	ListTaskSummaryResponse	retain	5	11.48	500000
ak_dec_reset_ListTaskSummaryResponse	ListTaskSummaryResponse	retain	6	11.19	500000
ak_dec_reset_ListTaskSummaryResponse	ListTaskSummaryResponse	retain	7	11.63	500000
ak_dec_reset_ListTaskSummaryResponse	ListTaskSummaryResponse	retain	8	11.54	500000
ak_dec_reset_ListTaskSummaryResponse	ListTaskSummaryResponse	retain	9	11.22	500000
ak_dec_reset_ListTaskSummaryResponse	ListTaskSummaryResponse	retain	10	11.36	500000
ak_dec_reset_ListTaskSummaryResponse	ListTaskSummaryResponse	retain	11	11.21	500000
ak_dec_reset_ListTaskSummaryResponse	ListTaskSummaryResponse	retain	12	11.04	500000
ak_dec_reset_ListTaskSummaryResponse	ListTaskSummaryResponse	retain	13	11.28	500000
ak_dec_reset_ListTaskSummaryResponse	ListTaskSummaryResponse	retain	14	11.09	500000
ak_dec_reset_ListTaskSummaryResponse	ListTaskSummaryResponse	retain	15	12.33	500000
ak_dec_reset_ListTaskSummaryResponse	ListTaskSummaryResponse	retain	16	12.96	500000
ak_dec_reset_ListTaskSummaryResponse	ListTaskSummaryResponse	retain	17	11.42	500000
ak_dec_reset_ListTaskSummaryResponse	ListTaskSummaryResponse	retain	18	11.53	500000
ak_dec_reset_ListTaskSummaryResponse	ListTaskSummaryResponse	retain	19	10.96	500000
ak_dec_reset_ListTaskSummaryResponse	ListTaskSummaryResponse	retain	20	11.09	500000
ak_dec_reset_ListTaskSummaryResponse	ListTaskSummaryResponse	retain	21	11.25	500000
ak_dec_reset_UploadResultDataMessage	UploadResultDataMessage	NULL	1	3.74	500000
ak_dec_reset_UploadResultDataMessage	UploadResultDataMessage	NULL	2	3.82	500000
ak_dec_reset_UploadResultDataMessage	UploadResultDataMessage	NULL	3	3.71	500000
ak_dec_reset_UploadResultDataMessage	UploadResultDataMessage	NULL	4	3.61	500000
ak_dec_reset_UploadResultDataMessage	UploadResultDataMessage	NULL	5	3.68	500000
ak_dec_reset_UploadResultDataMessage	UploadResultDataMessage	NULL	6	3.70	500000
ak_dec_reset_UploadResultDataMessage	UploadResultDataMessage	NULL	7	3.70	500000
ak_dec_reset_UploadResultDataMessage	UploadResultDataMessage	NULL	8	3.63	500000
ak_dec_reset_UploadResultDataMessage	UploadResultDataMessage	NULL	9	3.74	500000
ak_dec_reset_UploadResultDataMessage	UploadResultDataMessage	NULL	10	3.98	500000
ak_dec_reset_UploadResultDataMessage	UploadResultDataMessage	NULL	11	3.71	500000
ak_dec_reset_UploadResultDataMessage	UploadResultDataMessage	NULL	12	3.68	500000
ak_dec_reset_UploadResultDataMessage	UploadResultDataMessage	NULL	13	3.63	500000
ak_dec_reset_UploadResultDataMessage	UploadResultDataMessage	NULL	14	3.60	500000
ak_dec_reset_UploadResultDataMessage	UploadResultDataMessage	NULL	15	3.66	500000
ak_dec_reset_UploadResultDataMessage	UploadResultDataMessage	NULL	16	3.55	500000
ak_dec_reset_UploadResultDataMessage	UploadResultDataMessage	NULL	17	3.51	500000
ak_dec_reset_UploadResultDataMessage	UploadResultDataMessage	NULL	18	3.73	500000
ak_dec_reset_UploadResultDataMessage	UploadResultDataMessage	NULL	19	3.65	500000
ak_dec_reset_UploadResultDataMessage	UploadResultDataMessage	NULL	20	3.78	500000
ak_dec_reset_UploadResultDataMessage	UploadResultDataMessage	NULL	21	3.69	500000
ak_dec_reset_UploadResultDataMessage	UploadResultDataMessage	retain	1	5.67	500000
ak_dec_reset_UploadResultDataMessage	UploadResultDataMessage	retain	2	5.62	500000
ak_dec_reset_UploadResultDataMessage	UploadResultDataMessage	retain	3	5.39	500000
ak_dec_reset_UploadResultDataMessage	UploadResultDataMessage	retain	4	5.84	500000
ak_dec_reset_UploadResultDataMessage	UploadResultDataMessage	retain	5	5.48	500000
ak_dec_reset_UploadResultDataMessage	UploadResultDataMessage	retain	6	5.54	500000
ak_dec_reset_UploadResultDataMessage	UploadResultDataMessage	retain	7	5.48	500000
ak_dec_reset_UploadResultDataMessage	UploadResultDataMessage	retain	8	5.47	500000
ak_dec_reset_UploadResultDataMessage	UploadResultDataMessage	retain	9	5.40	500000
ak_dec_reset_UploadResultDataMessage	UploadResultDataMessage	retain	10	5.58	500000
ak_dec_reset_UploadResultDataMessage	UploadResultDataMessage	retain	11	5.68	500000
ak_dec_reset_UploadResultDataMessage	UploadResultDataMessage	retain	12	5.48	500000
ak_dec_reset_UploadResultDataMessage	UploadResultDataMessage	retain	13	5.60	500000
ak_dec_reset_UploadResultDataMessage	UploadResultDataMessage	retain	14	5.29	500000
ak_dec_reset_UploadResultDataMessage	UploadResultDataMessage	retain	15	5.40	500000
ak_dec_reset_UploadResultDataMessage	UploadResultDataMessage	retain	16	5.66	500000
ak_dec_reset_UploadResultDataMessage	UploadResultDataMessage	retain	17	5.74	500000
ak_dec_reset_UploadResultDataMessage	UploadResultDataMessage	retain	18	5.64	500000
ak_dec_reset_UploadResultDataMessage	UploadResultDataMessage	retain	19	5.47	500000
ak_dec_reset_UploadResultDataMessage	UploadResultDataMessage	retain	20	8.85	500000
ak_dec_reset_UploadResultDataMessage	UploadResultDataMessage	retain	21	6.94	500000
ak_dec_reset_ListMetricsResponse	ListMetricsResponse	NULL	1	3.62	500000
ak_dec_reset_ListMetricsResponse	ListMetricsResponse	NULL	2	3.46	500000
ak_dec_reset_ListMetricsResponse	ListMetricsResponse	NULL	3	3.61	500000
ak_dec_reset_ListMetricsResponse	ListMetricsResponse	NULL	4	3.60	500000
ak_dec_reset_ListMetricsResponse	ListMetricsResponse	NULL	5	3.88	500000
ak_dec_reset_ListMetricsResponse	ListMetricsResponse	NULL	6	3.42	500000
ak_dec_reset_ListMetricsResponse	ListMetricsResponse	NULL	7	3.63	500000
ak_dec_reset_ListMetricsResponse	ListMetricsResponse	NULL	8	3.58	500000
ak_dec_reset_ListMetricsResponse	ListMetricsResponse	NULL	9	3.66	500000
ak_dec_reset_ListMetricsResponse	ListMetricsResponse	NULL	10	3.52	500000
ak_dec_reset_ListMetricsResponse	ListMetricsResponse	NULL	11	3.25	500000
ak_dec_reset_ListMetricsResponse	ListMetricsResponse	NULL	12	3.59	500000
ak_dec_reset_ListMetricsResponse	ListMetricsResponse	NULL	13	3.49	500000
ak_dec_reset_ListMetricsResponse	ListMetricsResponse	NULL	14	3.79	500000
ak_dec_reset_ListMetricsResponse	ListMetricsResponse	NULL	15	3.32	500000
ak_dec_reset_ListMetricsResponse	ListMetricsResponse	NULL	16	3.32	500000
ak_dec_reset_ListMetricsResponse	ListMetricsResponse	NULL	17	3.52	500000
ak_dec_reset_ListMetricsResponse	ListMetricsResponse	NULL	18	3.41	500000
ak_dec_reset_ListMetricsResponse	ListMetricsResponse	NULL	19	3.36	500000
ak_dec_reset_ListMetricsResponse	ListMetricsResponse	NULL	20	3.52	500000
ak_dec_reset_ListMetricsResponse	ListMetricsResponse	NULL	21	3.52	500000
ak_dec_reset_ListMetricsResponse	ListMetricsResponse	retain	1	9.64	500000
ak_dec_reset_ListMetricsResponse	ListMetricsResponse	retain	2	6.15	500000
ak_dec_reset_ListMetricsResponse	ListMetricsResponse	retain	3	5.82	500000
ak_dec_reset_ListMetricsResponse	ListMetricsResponse	retain	4	5.76	500000
ak_dec_reset_ListMetricsResponse	ListMetricsResponse	retain	5	5.71	500000
ak_dec_reset_ListMetricsResponse	ListMetricsResponse	retain	6	5.86	500000
ak_dec_reset_ListMetricsResponse	ListMetricsResponse	retain	7	5.48	500000
ak_dec_reset_ListMetricsResponse	ListMetricsResponse	retain	8	5.77	500000
ak_dec_reset_ListMetricsResponse	ListMetricsResponse	retain	9	6.32	500000
ak_dec_reset_ListMetricsResponse	ListMetricsResponse	retain	10	5.65	500000
ak_dec_reset_ListMetricsResponse	ListMetricsResponse	retain	11	5.90	500000
ak_dec_reset_ListMetricsResponse	ListMetricsResponse	retain	12	5.97	500000
ak_dec_reset_ListMetricsResponse	ListMetricsResponse	retain	13	5.72	500000
ak_dec_reset_ListMetricsResponse	ListMetricsResponse	retain	14	5.69	500000
ak_dec_reset_ListMetricsResponse	ListMetricsResponse	retain	15	5.96	500000
ak_dec_reset_ListMetricsResponse	ListMetricsResponse	retain	16	5.96	500000
ak_dec_reset_ListMetricsResponse	ListMetricsResponse	retain	17	6.04	500000
ak_dec_reset_ListMetricsResponse	ListMetricsResponse	retain	18	6.30	500000
ak_dec_reset_ListMetricsResponse	ListMetricsResponse	retain	19	6.09	500000
ak_dec_reset_ListMetricsResponse	ListMetricsResponse	retain	20	6.15	500000
ak_dec_reset_ListMetricsResponse	ListMetricsResponse	retain	21	6.09	500000
ak_dec_reset_DualResponse	DualResponse	NULL	1	3.88	500000
ak_dec_reset_DualResponse	DualResponse	NULL	2	3.78	500000
ak_dec_reset_DualResponse	DualResponse	NULL	3	3.81	500000
ak_dec_reset_DualResponse	DualResponse	NULL	4	3.71	500000
ak_dec_reset_DualResponse	DualResponse	NULL	5	3.83	500000
ak_dec_reset_DualResponse	DualResponse	NULL	6	3.67	500000
ak_dec_reset_DualResponse	DualResponse	NULL	7	3.76	500000
ak_dec_reset_DualResponse	DualResponse	NULL	8	4.11	500000
ak_dec_reset_DualResponse	DualResponse	NULL	9	3.78	500000
ak_dec_reset_DualResponse	DualResponse	NULL	10	3.73	500000
ak_dec_reset_DualResponse	DualResponse	NULL	11	3.79	500000
ak_dec_reset_DualResponse	DualResponse	NULL	12	3.86	500000
ak_dec_reset_DualResponse	DualResponse	NULL	13	3.76	500000
ak_dec_reset_DualResponse	DualResponse	NULL	14	3.61	500000
ak_dec_reset_DualResponse	DualResponse	NULL	15	3.75	500000
ak_dec_reset_DualResponse	DualResponse	NULL	16	4.10	500000
ak_dec_reset_DualResponse	DualResponse	NULL	17	3.98	500000
ak_dec_reset_DualResponse	DualResponse	NULL	18	3.90	500000
ak_dec_reset_DualResponse	DualResponse	NULL	19	3.71	500000
ak_dec_reset_DualResponse	DualResponse	NULL	20	3.86	500000
ak_dec_reset_DualResponse	DualResponse	NULL	21	3.82	500000
ak_dec_reset_DualResponse	DualResponse	retain	1	7.40	500000
ak_dec_reset_DualResponse	DualResponse	retain	2	7.60	500000
ak_dec_reset_DualResponse	DualResponse	retain	3	7.36	500000
ak_dec_reset_DualResponse	DualResponse	retain	4	7.47	500000
ak_dec_reset_DualResponse	DualResponse	retain	5	7.41	500000
ak_dec_reset_DualResponse	DualResponse	retain	6	7.38	500000
ak_dec_reset_DualResponse	DualResponse	retain	7	7.36	500000
ak_dec_reset_DualResponse	DualResponse	retain	8	7.82	500000
ak_dec_reset_DualResponse	DualResponse	retain	9	7.27	500000
ak_dec_reset_DualResponse	DualResponse	retain	10	7.07	500000
ak_dec_reset_DualResponse	DualResponse	retain	11	7.25	500000
ak_dec_reset_DualResponse	DualResponse	retain	12	7.49	500000
ak_dec_reset_DualResponse	DualResponse	retain	13	7.60	500000
ak_dec_reset_DualResponse	DualResponse	retain	14	7.79	500000
ak_dec_reset_DualResponse	DualResponse	retain	15	7.35	500000
ak_dec_reset_DualResponse	DualResponse	retain	16	7.56	500000
ak_dec_reset_DualResponse	DualResponse	retain	17	7.52	500000
ak_dec_reset_DualResponse	DualResponse	retain	18	7.25	500000
ak_dec_reset_DualResponse	DualResponse	retain	19	7.03	500000
ak_dec_reset_DualResponse	DualResponse	retain	20	7.28	500000
ak_dec_reset_DualResponse	DualResponse	retain	21	7.79	500000
