content	len	utf8_bytes	path	round	cpu_ns_per_op	wall_ns_per_op	ops
ascii	48	48	E0	1	98.4	102.5	508432
ascii	48	48	E1R	1	96.4	96.4	72400
ascii	48	48	E1R	2	95.2	95.2	72400
ascii	48	48	E0	2	77.0	77.0	508432
ascii	48	48	E0	3	76.5	76.9	508432
ascii	48	48	E1R	3	94.4	94.4	72400
ascii	48	48	E1R	4	95.4	95.4	72400
ascii	48	48	E0	4	76.4	76.4	508432
ascii	48	48	E0	5	81.7	79.3	508432
ascii	48	48	E1R	5	95.7	100.3	72400
ascii	48	48	E1R	6	115.5	103.4	72400
ascii	48	48	E0	6	79.0	77.9	508432
latin1	48	96	E0	1	117.7	144.2	355247
latin1	48	96	E1R	1	103.2	104.1	339378
latin1	48	96	E1R	2	100.9	105.5	339378
latin1	48	96	E0	2	111.8	112.9	355247
latin1	48	96	E0	3	112.6	109.2	355247
latin1	48	96	E1R	3	106.0	100.6	339378
latin1	48	96	E1R	4	110.3	106.1	339378
latin1	48	96	E0	4	109.2	111.4	355247
latin1	48	96	E0	5	163.7	111.7	355247
latin1	48	96	E1R	5	101.9	102.3	339378
latin1	48	96	E1R	6	101.3	103.1	339378
latin1	48	96	E0	6	114.1	116.4	355247
